database,schema,table_name,column_name,column_type,ordinal_position,col_unique_ratio,col_null_ratio,col_list_like_ratio,col_mean_token_length,col_mean_token_count,col_separator_density,col_is_freetext_name,col_violates_1nf,col_in_repeating_group,col_in_candidate_key,col_is_prime,col_determines_count,col_depends_on_count,table_row_count,table_column_count,table_max_list_like_ratio,table_ratio_list_like_columns,table_repeating_group_ratio,table_has_no_ucc_le3,table_candidate_key_count,table_key_size,table_composite_key_count,table_prime_ratio,table_fd_count,table_fd_ratio,table_partial_fd_count,table_partial_fd_ratio,table_transitive_fd_count,table_transitive_fd_ratio,table_strict_partial_fd_count,table_strict_transitive_fd_count,target_normal_form,meta_recipe_id,meta_kind,meta_pair_id,meta_source_schema,meta_naming
iceberg,nf_training,nf_001_tiny_real,orderkey,bigint,1,1.0,0.0,0.0,0.0,1.0,0.0,0,0,0,1,1,0,0,2000,7,0.0325,0.0,0.0,0,5,1,3,0.8571428571428571,0,0.0,0,0.0,0,0.0,0,0,3,orders_core,join,,tiny,real
iceberg,nf_training,nf_001_tiny_real,custkey,bigint,2,0.421,0.0,0.0,0.0,1.0,0.0,0,0,0,1,1,0,0,2000,7,0.0325,0.0,0.0,0,5,1,3,0.8571428571428571,0,0.0,0,0.0,0,0.0,0,0,3,orders_core,join,,tiny,real
iceberg,nf_training,nf_001_tiny_real,orderstatus,varchar,3,0.0015,0.0,0.0,1.0,1.0,0.0,0,0,0,0,0,0,0,2000,7,0.0325,0.0,0.0,0,5,1,3,0.8571428571428571,0,0.0,0,0.0,0,0.0,0,0,3,orders_core,join,,tiny,real
iceberg,nf_training,nf_001_tiny_real,orderdate,date,4,0.689,0.0,0.0,0.0,1.0,0.0,0,0,0,1,1,0,0,2000,7,0.0325,0.0,0.0,0,5,1,3,0.8571428571428571,0,0.0,0,0.0,0,0.0,0,0,3,orders_core,join,,tiny,real
iceberg,nf_training,nf_001_tiny_real,orderpriority,varchar,5,0.0025,0.0,0.0,8.4595,1.0,0.0,0,0,0,1,1,0,0,2000,7,0.0325,0.0,0.0,0,5,1,3,0.8571428571428571,0,0.0,0,0.0,0,0.0,0,0,3,orders_core,join,,tiny,real
iceberg,nf_training,nf_001_tiny_real,clerk,varchar,6,0.432,0.0,0.0,15.0,1.0,0.0,0,0,0,1,1,0,0,2000,7,0.0325,0.0,0.0,0,5,1,3,0.8571428571428571,0,0.0,0,0.0,0,0.0,0,0,3,orders_core,join,,tiny,real
iceberg,nf_training,nf_001_tiny_real,note_text,varchar,7,1.0,0.0,0.0325,40.238793464599915,1.1935,0.004029151483602291,1,0,0,1,1,0,0,2000,7,0.0325,0.0,0.0,0,5,1,3,0.8571428571428571,0,0.0,0,0.0,0,0.0,0,0,3,orders_core,join,,tiny,real
iceberg,nf_training,nf_002_tiny_real,custkey,bigint,1,1.0,0.0,0.0,0.0,1.0,0.0,0,0,0,1,1,0,0,1500,4,0.0,0.0,0.0,0,2,1,1,0.75,1,0.08333333333333333,1,0.08333333333333333,0,0.0,1,0,3,customer_core,join,,tiny,real
iceberg,nf_training,nf_002_tiny_real,nationkey,bigint,2,0.016666666666666666,0.0,0.0,0.0,1.0,0.0,0,0,0,1,1,0,0,1500,4,0.0,0.0,0.0,0,2,1,1,0.75,1,0.08333333333333333,1,0.08333333333333333,0,0.0,1,0,3,customer_core,join,,tiny,real
iceberg,nf_training,nf_002_tiny_real,acctbal,double,3,0.9993333333333333,0.0,0.0,0.0,1.0,0.0,0,0,0,1,1,1,0,1500,4,0.0,0.0,0.0,0,2,1,1,0.75,1,0.08333333333333333,1,0.08333333333333333,0,0.0,1,0,3,customer_core,join,,tiny,real
iceberg,nf_training,nf_002_tiny_real,mktsegment,varchar,4,0.0033333333333333335,0.0,0.0,8.976666666666667,1.0,0.0,0,0,0,0,0,0,1,1500,4,0.0,0.0,0.0,0,2,1,1,0.75,1,0.08333333333333333,1,0.08333333333333333,0,0.0,1,0,3,customer_core,join,,tiny,real
iceberg,nf_training,nf_003_tiny_real,suppkey,bigint,1,1.0,0.0,0.0,0.0,1.0,0.0,0,0,0,1,1,0,0,100,3,0.0,0.0,0.0,0,2,1,0,0.6666666666666666,0,0.0,0,0.0,0,0.0,0,0,3,supplier_core,join,,tiny,real
iceberg,nf_training,nf_003_tiny_real,nationkey,bigint,2,0.25,0.0,0.0,0.0,1.0,0.0,0,0,0,0,0,0,0,100,3,0.0,0.0,0.0,0,2,1,0,0.6666666666666666,0,0.0,0,0.0,0,0.0,0,0,3,supplier_core,join,,tiny,real
iceberg,nf_training,nf_003_tiny_real,acctbal,double,3,1.0,0.0,0.0,0.0,1.0,0.0,0,0,0,1,1,0,0,100,3,0.0,0.0,0.0,0,2,1,0,0.6666666666666666,0,0.0,0,0.0,0,0.0,0,0,3,supplier_core,join,,tiny,real
iceberg,nf_training,nf_004_tiny_real,partkey,bigint,1,1.0,0.0,0.0,0.0,1.0,0.0,0,0,0,1,1,0,0,2000,6,0.0,0.0,0.0,0,6,1,5,1.0,0,0.0,0,0.0,0,0.0,0,0,3,part_core,join,,tiny,real
iceberg,nf_training,nf_004_tiny_real,brand,varchar,2,0.0125,0.0,0.0,8.0,1.0,0.0,0,0,0,1,1,0,0,2000,6,0.0,0.0,0.0,0,6,1,5,1.0,0,0.0,0,0.0,0,0.0,0,0,3,part_core,join,,tiny,real
iceberg,nf_training,nf_004_tiny_real,type,varchar,3,0.075,0.0,0.0,20.551,1.0,0.0,0,0,0,1,1,0,0,2000,6,0.0,0.0,0.0,0,6,1,5,1.0,0,0.0,0,0.0,0,0.0,0,0,3,part_core,join,,tiny,real
iceberg,nf_training,nf_004_tiny_real,size,integer,4,0.025,0.0,0.0,0.0,1.0,0.0,0,0,0,1,1,0,0,2000,6,0.0,0.0,0.0,0,6,1,5,1.0,0,0.0,0,0.0,0,0.0,0,0,3,part_core,join,,tiny,real
iceberg,nf_training,nf_004_tiny_real,container,varchar,5,0.02,0.0,0.0,7.6105,1.0,0.0,0,0,0,1,1,0,0,2000,6,0.0,0.0,0.0,0,6,1,5,1.0,0,0.0,0,0.0,0,0.0,0,0,3,part_core,join,,tiny,real
iceberg,nf_training,nf_004_tiny_real,retailprice,double,6,0.5495,0.0,0.0,0.0,1.0,0.0,0,0,0,1,1,0,0,2000,6,0.0,0.0,0.0,0,6,1,5,1.0,0,0.0,0,0.0,0,0.0,0,0,3,part_core,join,,tiny,real
iceberg,nf_training,nf_005_tiny_real,nationkey,bigint,1,1.0,0.0,0.0,0.0,1.0,0.0,0,0,0,1,1,0,0,25,3,0.0,0.0,0.0,0,2,1,0,0.6666666666666666,0,0.0,0,0.0,0,0.0,0,0,3,nation_core,join,,tiny,real
iceberg,nf_training,nf_005_tiny_real,name,varchar,2,1.0,0.0,0.0,7.08,1.0,0.0,0,0,0,1,1,0,0,25,3,0.0,0.0,0.0,0,2,1,0,0.6666666666666666,0,0.0,0,0.0,0,0.0,0,0,3,nation_core,join,,tiny,real
iceberg,nf_training,nf_005_tiny_real,regionkey,bigint,3,0.2,0.0,0.0,0.0,1.0,0.0,0,0,0,0,0,0,0,25,3,0.0,0.0,0.0,0,2,1,0,0.6666666666666666,0,0.0,0,0.0,0,0.0,0,0,3,nation_core,join,,tiny,real
iceberg,nf_training,nf_006_tiny_real,orderkey,bigint,1,0.2515,0.0,0.0,0.0,1.0,0.0,0,0,0,1,1,0,0,2000,11,0.0545,0.0,0.0,0,17,1,16,0.9090909090909091,1,0.00909090909090909,1,0.00909090909090909,0,0.0,0,0,3,lineitem_core,join,,tiny,real
iceberg,nf_training,nf_006_tiny_real,linenumber,integer,2,0.0035,0.0,0.0,0.0,1.0,0.0,0,0,0,1,1,0,0,2000,11,0.0545,0.0,0.0,0,17,1,16,0.9090909090909091,1,0.00909090909090909,1,0.00909090909090909,0,0.0,0,0,3,lineitem_core,join,,tiny,real
iceberg,nf_training,nf_006_tiny_real,partkey,bigint,3,0.633,0.0,0.0,0.0,1.0,0.0,0,0,0,1,1,0,0,2000,11,0.0545,0.0,0.0,0,17,1,16,0.9090909090909091,1,0.00909090909090909,1,0.00909090909090909,0,0.0,0,0,3,lineitem_core,join,,tiny,real
iceberg,nf_training,nf_006_tiny_real,suppkey,bigint,4,0.05,0.0,0.0,0.0,1.0,0.0,0,0,0,1,1,0,0,2000,11,0.0545,0.0,0.0,0,17,1,16,0.9090909090909091,1,0.00909090909090909,1,0.00909090909090909,0,0.0,0,0,3,lineitem_core,join,,tiny,real
iceberg,nf_training,nf_006_tiny_real,quantity,double,5,0.025,0.0,0.0,0.0,1.0,0.0,0,0,0,1,1,0,1,2000,11,0.0545,0.0,0.0,0,17,1,16,0.9090909090909091,1,0.00909090909090909,1,0.00909090909090909,0,0.0,0,0,3,lineitem_core,join,,tiny,real
iceberg,nf_training,nf_006_tiny_real,extendedprice,double,6,0.984,0.0,0.0,0.0,1.0,0.0,0,0,0,1,1,1,0,2000,11,0.0545,0.0,0.0,0,17,1,16,0.9090909090909091,1,0.00909090909090909,1,0.00909090909090909,0,0.0,0,0,3,lineitem_core,join,,tiny,real
iceberg,nf_training,nf_006_tiny_real,discount,double,7,0.0055,0.0,0.0,0.0,1.0,0.0,0,0,0,1,1,0,0,2000,11,0.0545,0.0,0.0,0,17,1,16,0.9090909090909091,1,0.00909090909090909,1,0.00909090909090909,0,0.0,0,0,3,lineitem_core,join,,tiny,real
iceberg,nf_training,nf_006_tiny_real,returnflag,varchar,8,0.0015,0.0,0.0,1.0,1.0,0.0,0,0,0,0,0,0,0,2000,11,0.0545,0.0,0.0,0,17,1,16,0.9090909090909091,1,0.00909090909090909,1,0.00909090909090909,0,0.0,0,0,3,lineitem_core,join,,tiny,real
iceberg,nf_training,nf_006_tiny_real,shipdate,date,9,0.683,0.0,0.0,0.0,1.0,0.0,0,0,0,1,1,0,0,2000,11,0.0545,0.0,0.0,0,17,1,16,0.9090909090909091,1,0.00909090909090909,1,0.00909090909090909,0,0.0,0,0,3,lineitem_core,join,,tiny,real
iceberg,nf_training,nf_006_tiny_real,shipmode,varchar,10,0.0035,0.0,0.0,4.296,1.0,0.0,0,0,0,1,1,0,0,2000,11,0.0545,0.0,0.0,0,17,1,16,0.9090909090909091,1,0.00909090909090909,1,0.00909090909090909,0,0.0,0,0,3,lineitem_core,join,,tiny,real
iceberg,nf_training,nf_006_tiny_real,note_text,varchar,11,1.0,0.0,0.0545,24.275877587758778,1.111,0.004115607793700525,1,0,0,1,1,0,0,2000,11,0.0545,0.0,0.0,0,17,1,16,0.9090909090909091,1,0.00909090909090909,1,0.00909090909090909,0,0.0,0,0,3,lineitem_core,join,,tiny,real
iceberg,nf_training,nf_007_tiny_real,partkey,bigint,1,0.25,0.0,0.0,0.0,1.0,0.0,0,0,0,1,1,0,0,2000,4,0.0,0.0,0.0,0,4,2,4,1.0,0,0.0,0,0.0,0,0.0,0,0,3,partsupp_core,join,,tiny,real
iceberg,nf_training,nf_007_tiny_real,suppkey,bigint,2,0.05,0.0,0.0,0.0,1.0,0.0,0,0,0,1,1,0,0,2000,4,0.0,0.0,0.0,0,4,2,4,1.0,0,0.0,0,0.0,0,0.0,0,0,3,partsupp_core,join,,tiny,real
iceberg,nf_training,nf_007_tiny_real,availqty,integer,3,0.9085,0.0,0.0,0.0,1.0,0.0,0,0,0,1,1,0,0,2000,4,0.0,0.0,0.0,0,4,2,4,1.0,0,0.0,0,0.0,0,0.0,0,0,3,partsupp_core,join,,tiny,real
iceberg,nf_training,nf_007_tiny_real,supplycost,double,4,0.99,0.0,0.0,0.0,1.0,0.0,0,0,0,1,1,0,0,2000,4,0.0,0.0,0.0,0,4,2,4,1.0,0,0.0,0,0.0,0,0.0,0,0,3,partsupp_core,join,,tiny,real
iceberg,nf_training,nf_008_tiny_real,orderkey,bigint,1,1.0,0.0,0.0,0.0,1.0,0.0,0,0,0,1,1,0,0,2000,10,0.0325,0.0,0.0,0,9,1,7,0.9,6,0.06666666666666667,6,0.06666666666666667,0,0.0,0,0,2,orders_customer,join,,tiny,real
iceberg,nf_training,nf_008_tiny_real,custkey,bigint,2,0.421,0.0,0.0,0.0,1.0,0.0,0,0,0,1,1,3,1,2000,10,0.0325,0.0,0.0,0,9,1,7,0.9,6,0.06666666666666667,6,0.06666666666666667,0,0.0,0,0,2,orders_customer,join,,tiny,real
iceberg,nf_training,nf_008_tiny_real,orderstatus,varchar,3,0.0015,0.0,0.0,1.0,1.0,0.0,0,0,0,0,0,0,0,2000,10,0.0325,0.0,0.0,0,9,1,7,0.9,6,0.06666666666666667,6,0.06666666666666667,0,0.0,0,0,2,orders_customer,join,,tiny,real
iceberg,nf_training,nf_008_tiny_real,orderdate,date,4,0.689,0.0,0.0,0.0,1.0,0.0,0,0,0,1,1,0,0,2000,10,0.0325,0.0,0.0,0,9,1,7,0.9,6,0.06666666666666667,6,0.06666666666666667,0,0.0,0,0,2,orders_customer,join,,tiny,real
iceberg,nf_training,nf_008_tiny_real,orderpriority,varchar,5,0.0025,0.0,0.0,8.4595,1.0,0.0,0,0,0,1,1,0,0,2000,10,0.0325,0.0,0.0,0,9,1,7,0.9,6,0.06666666666666667,6,0.06666666666666667,0,0.0,0,0,2,orders_customer,join,,tiny,real
iceberg,nf_training,nf_008_tiny_real,clerk,varchar,6,0.432,0.0,0.0,15.0,1.0,0.0,0,0,0,1,1,0,0,2000,10,0.0325,0.0,0.0,0,9,1,7,0.9,6,0.06666666666666667,6,0.06666666666666667,0,0.0,0,0,2,orders_customer,join,,tiny,real
iceberg,nf_training,nf_008_tiny_real,customer_nationkey,bigint,7,0.0125,0.0,0.0,0.0,1.0,0.0,0,0,0,1,1,0,2,2000,10,0.0325,0.0,0.0,0,9,1,7,0.9,6,0.06666666666666667,6,0.06666666666666667,0,0.0,0,0,2,orders_customer,join,,tiny,real
iceberg,nf_training,nf_008_tiny_real,customer_acctbal,double,8,0.421,0.0,0.0,0.0,1.0,0.0,0,0,0,1,1,3,1,2000,10,0.0325,0.0,0.0,0,9,1,7,0.9,6,0.06666666666666667,6,0.06666666666666667,0,0.0,0,0,2,orders_customer,join,,tiny,real
iceberg,nf_training,nf_008_tiny_real,customer_mktsegment,varchar,9,0.0025,0.0,0.0,8.9375,1.0,0.0,0,0,0,1,1,0,2,2000,10,0.0325,0.0,0.0,0,9,1,7,0.9,6,0.06666666666666667,6,0.06666666666666667,0,0.0,0,0,2,orders_customer,join,,tiny,real
iceberg,nf_training,nf_008_tiny_real,note_text,varchar,10,1.0,0.0,0.0325,40.238793464599915,1.1935,0.004029151483602291,1,0,0,1,1,0,0,2000,10,0.0325,0.0,0.0,0,9,1,7,0.9,6,0.06666666666666667,6,0.06666666666666667,0,0.0,0,0,2,orders_customer,join,,tiny,real
iceberg,nf_training,nf_009_tiny_real,orderkey,bigint,1,1.0,0.0,0.0,0.0,1.0,0.0,0,0,0,1,1,0,0,2000,11,0.0,0.0,0.0,0,9,1,8,0.8181818181818182,14,0.12727272727272726,14,0.12727272727272726,0,0.0,4,0,2,orders_customer_nation,join,,tiny,real
iceberg,nf_training,nf_009_tiny_real,custkey,bigint,2,0.421,0.0,0.0,0.0,1.0,0.0,0,0,0,1,1,5,1,2000,11,0.0,0.0,0.0,0,9,1,8,0.8181818181818182,14,0.12727272727272726,14,0.12727272727272726,0,0.0,4,0,2,orders_customer_nation,join,,tiny,real
iceberg,nf_training,nf_009_tiny_real,orderstatus,varchar,3,0.0015,0.0,0.0,1.0,1.0,0.0,0,0,0,0,0,0,0,2000,11,0.0,0.0,0.0,0,9,1,8,0.8181818181818182,14,0.12727272727272726,14,0.12727272727272726,0,0.0,4,0,2,orders_customer_nation,join,,tiny,real
iceberg,nf_training,nf_009_tiny_real,orderdate,date,4,0.689,0.0,0.0,0.0,1.0,0.0,0,0,0,1,1,0,0,2000,11,0.0,0.0,0.0,0,9,1,8,0.8181818181818182,14,0.12727272727272726,14,0.12727272727272726,0,0.0,4,0,2,orders_customer_nation,join,,tiny,real
iceberg,nf_training,nf_009_tiny_real,orderpriority,varchar,5,0.0025,0.0,0.0,8.4595,1.0,0.0,0,0,0,1,1,0,0,2000,11,0.0,0.0,0.0,0,9,1,8,0.8181818181818182,14,0.12727272727272726,14,0.12727272727272726,0,0.0,4,0,2,orders_customer_nation,join,,tiny,real
iceberg,nf_training,nf_009_tiny_real,clerk,varchar,6,0.432,0.0,0.0,15.0,1.0,0.0,0,0,0,1,1,0,0,2000,11,0.0,0.0,0.0,0,9,1,8,0.8181818181818182,14,0.12727272727272726,14,0.12727272727272726,0,0.0,4,0,2,orders_customer_nation,join,,tiny,real
iceberg,nf_training,nf_009_tiny_real,customer_nationkey,bigint,7,0.0125,0.0,0.0,0.0,1.0,0.0,0,0,0,1,1,2,3,2000,11,0.0,0.0,0.0,0,9,1,8,0.8181818181818182,14,0.12727272727272726,14,0.12727272727272726,0,0.0,4,0,2,orders_customer_nation,join,,tiny,real
iceberg,nf_training,nf_009_tiny_real,customer_acctbal,double,8,0.421,0.0,0.0,0.0,1.0,0.0,0,0,0,1,1,5,1,2000,11,0.0,0.0,0.0,0,9,1,8,0.8181818181818182,14,0.12727272727272726,14,0.12727272727272726,0,0.0,4,0,2,orders_customer_nation,join,,tiny,real
iceberg,nf_training,nf_009_tiny_real,customer_mktsegment,varchar,9,0.0025,0.0,0.0,8.9375,1.0,0.0,0,0,0,1,1,0,2,2000,11,0.0,0.0,0.0,0,9,1,8,0.8181818181818182,14,0.12727272727272726,14,0.12727272727272726,0,0.0,4,0,2,orders_customer_nation,join,,tiny,real
iceberg,nf_training,nf_009_tiny_real,nation_name,varchar,10,0.0125,0.0,0.0,7.0215,1.0,0.0,0,0,0,1,1,2,3,2000,11,0.0,0.0,0.0,0,9,1,8,0.8181818181818182,14,0.12727272727272726,14,0.12727272727272726,0,0.0,4,0,2,orders_customer_nation,join,,tiny,real
iceberg,nf_training,nf_009_tiny_real,nation_regionkey,bigint,11,0.0025,0.0,0.0,0.0,1.0,0.0,0,0,0,0,0,0,4,2000,11,0.0,0.0,0.0,0,9,1,8,0.8181818181818182,14,0.12727272727272726,14,0.12727272727272726,0,0.0,4,0,2,orders_customer_nation,join,,tiny,real
iceberg,nf_training,nf_010_tiny_real,orderkey,bigint,1,1.0,0.0,0.0,0.0,1.0,0.0,0,0,0,1,1,0,0,2000,12,0.0,0.0,0.0,0,9,1,8,0.75,20,0.15151515151515152,18,0.13636363636363635,2,0.015151515151515152,8,2,2,orders_customer_nation_region,join,,tiny,real
iceberg,nf_training,nf_010_tiny_real,custkey,bigint,2,0.421,0.0,0.0,0.0,1.0,0.0,0,0,0,1,1,6,1,2000,12,0.0,0.0,0.0,0,9,1,8,0.75,20,0.15151515151515152,18,0.13636363636363635,2,0.015151515151515152,8,2,2,orders_customer_nation_region,join,,tiny,real
iceberg,nf_training,nf_010_tiny_real,orderstatus,varchar,3,0.0015,0.0,0.0,1.0,1.0,0.0,0,0,0,0,0,0,0,2000,12,0.0,0.0,0.0,0,9,1,8,0.75,20,0.15151515151515152,18,0.13636363636363635,2,0.015151515151515152,8,2,2,orders_customer_nation_region,join,,tiny,real
iceberg,nf_training,nf_010_tiny_real,orderdate,date,4,0.689,0.0,0.0,0.0,1.0,0.0,0,0,0,1,1,0,0,2000,12,0.0,0.0,0.0,0,9,1,8,0.75,20,0.15151515151515152,18,0.13636363636363635,2,0.015151515151515152,8,2,2,orders_customer_nation_region,join,,tiny,real
iceberg,nf_training,nf_010_tiny_real,orderpriority,varchar,5,0.0025,0.0,0.0,8.4595,1.0,0.0,0,0,0,1,1,0,0,2000,12,0.0,0.0,0.0,0,9,1,8,0.75,20,0.15151515151515152,18,0.13636363636363635,2,0.015151515151515152,8,2,2,orders_customer_nation_region,join,,tiny,real
iceberg,nf_training,nf_010_tiny_real,clerk,varchar,6,0.432,0.0,0.0,15.0,1.0,0.0,0,0,0,1,1,0,0,2000,12,0.0,0.0,0.0,0,9,1,8,0.75,20,0.15151515151515152,18,0.13636363636363635,2,0.015151515151515152,8,2,2,orders_customer_nation_region,join,,tiny,real
iceberg,nf_training,nf_010_tiny_real,customer_nationkey,bigint,7,0.0125,0.0,0.0,0.0,1.0,0.0,0,0,0,1,1,3,3,2000,12,0.0,0.0,0.0,0,9,1,8,0.75,20,0.15151515151515152,18,0.13636363636363635,2,0.015151515151515152,8,2,2,orders_customer_nation_region,join,,tiny,real
iceberg,nf_training,nf_010_tiny_real,customer_acctbal,double,8,0.421,0.0,0.0,0.0,1.0,0.0,0,0,0,1,1,6,1,2000,12,0.0,0.0,0.0,0,9,1,8,0.75,20,0.15151515151515152,18,0.13636363636363635,2,0.015151515151515152,8,2,2,orders_customer_nation_region,join,,tiny,real
iceberg,nf_training,nf_010_tiny_real,customer_mktsegment,varchar,9,0.0025,0.0,0.0,8.9375,1.0,0.0,0,0,0,1,1,0,2,2000,12,0.0,0.0,0.0,0,9,1,8,0.75,20,0.15151515151515152,18,0.13636363636363635,2,0.015151515151515152,8,2,2,orders_customer_nation_region,join,,tiny,real
iceberg,nf_training,nf_010_tiny_real,nation_name,varchar,10,0.0125,0.0,0.0,7.0215,1.0,0.0,0,0,0,1,1,3,3,2000,12,0.0,0.0,0.0,0,9,1,8,0.75,20,0.15151515151515152,18,0.13636363636363635,2,0.015151515151515152,8,2,2,orders_customer_nation_region,join,,tiny,real
iceberg,nf_training,nf_010_tiny_real,nation_regionkey,bigint,11,0.0025,0.0,0.0,0.0,1.0,0.0,0,0,0,0,0,1,5,2000,12,0.0,0.0,0.0,0,9,1,8,0.75,20,0.15151515151515152,18,0.13636363636363635,2,0.015151515151515152,8,2,2,orders_customer_nation_region,join,,tiny,real
iceberg,nf_training,nf_010_tiny_real,region_name,varchar,12,0.0025,0.0,0.0,6.8355,1.0,0.0,0,0,0,0,0,1,5,2000,12,0.0,0.0,0.0,0,9,1,8,0.75,20,0.15151515151515152,18,0.13636363636363635,2,0.015151515151515152,8,2,2,orders_customer_nation_region,join,,tiny,real
iceberg,nf_training,nf_011_tiny_real,custkey,bigint,1,1.0,0.0,0.0,0.0,1.0,0.0,0,0,0,1,1,0,0,1500,6,0.0,0.0,0.0,0,4,1,3,0.8333333333333334,5,0.16666666666666666,5,0.16666666666666666,0,0.0,1,0,2,customer_nation,join,,tiny,real
iceberg,nf_training,nf_011_tiny_real,nationkey,bigint,2,0.016666666666666666,0.0,0.0,0.0,1.0,0.0,0,0,0,1,1,2,1,1500,6,0.0,0.0,0.0,0,4,1,3,0.8333333333333334,5,0.16666666666666666,5,0.16666666666666666,0,0.0,1,0,2,customer_nation,join,,tiny,real
iceberg,nf_training,nf_011_tiny_real,acctbal,double,3,0.9993333333333333,0.0,0.0,0.0,1.0,0.0,0,0,0,1,1,1,0,1500,6,0.0,0.0,0.0,0,4,1,3,0.8333333333333334,5,0.16666666666666666,5,0.16666666666666666,0,0.0,1,0,2,customer_nation,join,,tiny,real
iceberg,nf_training,nf_011_tiny_real,mktsegment,varchar,4,0.0033333333333333335,0.0,0.0,8.976666666666667,1.0,0.0,0,0,0,0,0,0,1,1500,6,0.0,0.0,0.0,0,4,1,3,0.8333333333333334,5,0.16666666666666666,5,0.16666666666666666,0,0.0,1,0,2,customer_nation,join,,tiny,real
iceberg,nf_training,nf_011_tiny_real,nation_name,varchar,5,0.016666666666666666,0.0,0.0,7.041333333333333,1.0,0.0,0,0,0,1,1,2,1,1500,6,0.0,0.0,0.0,0,4,1,3,0.8333333333333334,5,0.16666666666666666,5,0.16666666666666666,0,0.0,1,0,2,customer_nation,join,,tiny,real
iceberg,nf_training,nf_011_tiny_real,nation_regionkey,bigint,6,0.0033333333333333335,0.0,0.0,0.0,1.0,0.0,0,0,0,1,1,0,2,1500,6,0.0,0.0,0.0,0,4,1,3,0.8333333333333334,5,0.16666666666666666,5,0.16666666666666666,0,0.0,1,0,2,customer_nation,join,,tiny,real
iceberg,nf_training,nf_012_tiny_real,suppkey,bigint,1,1.0,0.0,0.0,0.0,1.0,0.0,0,0,0,1,1,0,0,100,5,0.0,0.0,0.0,0,2,1,0,0.4,4,0.2,0,0.0,4,0.2,0,4,2,supplier_nation,join,,tiny,real
iceberg,nf_training,nf_012_tiny_real,nationkey,bigint,2,0.25,0.0,0.0,0.0,1.0,0.0,0,0,0,0,0,2,1,100,5,0.0,0.0,0.0,0,2,1,0,0.4,4,0.2,0,0.0,4,0.2,0,4,2,supplier_nation,join,,tiny,real
iceberg,nf_training,nf_012_tiny_real,acctbal,double,3,1.0,0.0,0.0,0.0,1.0,0.0,0,0,0,1,1,0,0,100,5,0.0,0.0,0.0,0,2,1,0,0.4,4,0.2,0,0.0,4,0.2,0,4,2,supplier_nation,join,,tiny,real
iceberg,nf_training,nf_012_tiny_real,nation_name,varchar,4,0.25,0.0,0.0,7.21,1.0,0.0,0,0,0,0,0,2,1,100,5,0.0,0.0,0.0,0,2,1,0,0.4,4,0.2,0,0.0,4,0.2,0,4,2,supplier_nation,join,,tiny,real
iceberg,nf_training,nf_012_tiny_real,nation_regionkey,bigint,5,0.05,0.0,0.0,0.0,1.0,0.0,0,0,0,0,0,0,2,100,5,0.0,0.0,0.0,0,2,1,0,0.4,4,0.2,0,0.0,4,0.2,0,4,2,supplier_nation,join,,tiny,real
iceberg,nf_training,nf_013_tiny_real,partkey,bigint,1,1.0,0.0,0.0,0.0,1.0,0.0,0,0,0,1,1,0,0,2000,7,0.0,0.0,0.0,0,6,1,5,0.8571428571428571,1,0.023809523809523808,1,0.023809523809523808,0,0.0,1,0,2,part_with_mfgr,join,,tiny,real
iceberg,nf_training,nf_013_tiny_real,mfgr,varchar,2,0.0025,0.0,0.0,14.0,1.0,0.0,0,0,0,0,0,0,1,2000,7,0.0,0.0,0.0,0,6,1,5,0.8571428571428571,1,0.023809523809523808,1,0.023809523809523808,0,0.0,1,0,2,part_with_mfgr,join,,tiny,real
iceberg,nf_training,nf_013_tiny_real,brand,varchar,3,0.0125,0.0,0.0,8.0,1.0,0.0,0,0,0,1,1,1,0,2000,7,0.0,0.0,0.0,0,6,1,5,0.8571428571428571,1,0.023809523809523808,1,0.023809523809523808,0,0.0,1,0,2,part_with_mfgr,join,,tiny,real
iceberg,nf_training,nf_013_tiny_real,type,varchar,4,0.075,0.0,0.0,20.551,1.0,0.0,0,0,0,1,1,0,0,2000,7,0.0,0.0,0.0,0,6,1,5,0.8571428571428571,1,0.023809523809523808,1,0.023809523809523808,0,0.0,1,0,2,part_with_mfgr,join,,tiny,real
iceberg,nf_training,nf_013_tiny_real,size,integer,5,0.025,0.0,0.0,0.0,1.0,0.0,0,0,0,1,1,0,0,2000,7,0.0,0.0,0.0,0,6,1,5,0.8571428571428571,1,0.023809523809523808,1,0.023809523809523808,0,0.0,1,0,2,part_with_mfgr,join,,tiny,real
iceberg,nf_training,nf_013_tiny_real,container,varchar,6,0.02,0.0,0.0,7.6105,1.0,0.0,0,0,0,1,1,0,0,2000,7,0.0,0.0,0.0,0,6,1,5,0.8571428571428571,1,0.023809523809523808,1,0.023809523809523808,0,0.0,1,0,2,part_with_mfgr,join,,tiny,real
iceberg,nf_training,nf_013_tiny_real,retailprice,double,7,0.5495,0.0,0.0,0.0,1.0,0.0,0,0,0,1,1,0,0,2000,7,0.0,0.0,0.0,0,6,1,5,0.8571428571428571,1,0.023809523809523808,1,0.023809523809523808,0,0.0,1,0,2,part_with_mfgr,join,,tiny,real
iceberg,nf_training,nf_014_tiny_real,orderkey,bigint,1,0.2515,0.0,0.0,0.0,1.0,0.0,0,0,0,1,1,0,0,2000,12,0.0545,0.0,0.0,0,17,1,16,0.8333333333333334,2,0.015151515151515152,2,0.015151515151515152,0,0.0,1,0,2,lineitem_with_status,join,,tiny,real
iceberg,nf_training,nf_014_tiny_real,linenumber,integer,2,0.0035,0.0,0.0,0.0,1.0,0.0,0,0,0,1,1,0,0,2000,12,0.0545,0.0,0.0,0,17,1,16,0.8333333333333334,2,0.015151515151515152,2,0.015151515151515152,0,0.0,1,0,2,lineitem_with_status,join,,tiny,real
iceberg,nf_training,nf_014_tiny_real,partkey,bigint,3,0.633,0.0,0.0,0.0,1.0,0.0,0,0,0,1,1,0,0,2000,12,0.0545,0.0,0.0,0,17,1,16,0.8333333333333334,2,0.015151515151515152,2,0.015151515151515152,0,0.0,1,0,2,lineitem_with_status,join,,tiny,real
iceberg,nf_training,nf_014_tiny_real,suppkey,bigint,4,0.05,0.0,0.0,0.0,1.0,0.0,0,0,0,1,1,0,0,2000,12,0.0545,0.0,0.0,0,17,1,16,0.8333333333333334,2,0.015151515151515152,2,0.015151515151515152,0,0.0,1,0,2,lineitem_with_status,join,,tiny,real
iceberg,nf_training,nf_014_tiny_real,quantity,double,5,0.025,0.0,0.0,0.0,1.0,0.0,0,0,0,1,1,0,1,2000,12,0.0545,0.0,0.0,0,17,1,16,0.8333333333333334,2,0.015151515151515152,2,0.015151515151515152,0,0.0,1,0,2,lineitem_with_status,join,,tiny,real
iceberg,nf_training,nf_014_tiny_real,extendedprice,double,6,0.984,0.0,0.0,0.0,1.0,0.0,0,0,0,1,1,1,0,2000,12,0.0545,0.0,0.0,0,17,1,16,0.8333333333333334,2,0.015151515151515152,2,0.015151515151515152,0,0.0,1,0,2,lineitem_with_status,join,,tiny,real
iceberg,nf_training,nf_014_tiny_real,discount,double,7,0.0055,0.0,0.0,0.0,1.0,0.0,0,0,0,1,1,0,0,2000,12,0.0545,0.0,0.0,0,17,1,16,0.8333333333333334,2,0.015151515151515152,2,0.015151515151515152,0,0.0,1,0,2,lineitem_with_status,join,,tiny,real
iceberg,nf_training,nf_014_tiny_real,returnflag,varchar,8,0.0015,0.0,0.0,1.0,1.0,0.0,0,0,0,0,0,0,0,2000,12,0.0545,0.0,0.0,0,17,1,16,0.8333333333333334,2,0.015151515151515152,2,0.015151515151515152,0,0.0,1,0,2,lineitem_with_status,join,,tiny,real
iceberg,nf_training,nf_014_tiny_real,linestatus,varchar,9,0.001,0.0,0.0,1.0,1.0,0.0,0,0,0,0,0,0,1,2000,12,0.0545,0.0,0.0,0,17,1,16,0.8333333333333334,2,0.015151515151515152,2,0.015151515151515152,0,0.0,1,0,2,lineitem_with_status,join,,tiny,real
iceberg,nf_training,nf_014_tiny_real,shipdate,date,10,0.683,0.0,0.0,0.0,1.0,0.0,0,0,0,1,1,1,0,2000,12,0.0545,0.0,0.0,0,17,1,16,0.8333333333333334,2,0.015151515151515152,2,0.015151515151515152,0,0.0,1,0,2,lineitem_with_status,join,,tiny,real
iceberg,nf_training,nf_014_tiny_real,shipmode,varchar,11,0.0035,0.0,0.0,4.296,1.0,0.0,0,0,0,1,1,0,0,2000,12,0.0545,0.0,0.0,0,17,1,16,0.8333333333333334,2,0.015151515151515152,2,0.015151515151515152,0,0.0,1,0,2,lineitem_with_status,join,,tiny,real
iceberg,nf_training,nf_014_tiny_real,note_text,varchar,12,1.0,0.0,0.0545,24.275877587758778,1.111,0.004115607793700525,1,0,0,1,1,0,0,2000,12,0.0545,0.0,0.0,0,17,1,16,0.8333333333333334,2,0.015151515151515152,2,0.015151515151515152,0,0.0,1,0,2,lineitem_with_status,join,,tiny,real
iceberg,nf_training,nf_015_tiny_real,orderkey,bigint,1,0.2515,0.0,0.0,0.0,1.0,0.0,0,0,0,1,1,0,0,2000,16,0.0,0.0,0.0,0,29,2,29,0.8125,9,0.0375,9,0.0375,0,0.0,3,0,2,lineitem_part,join,,tiny,real
iceberg,nf_training,nf_015_tiny_real,linenumber,integer,2,0.0035,0.0,0.0,0.0,1.0,0.0,0,0,0,1,1,0,0,2000,16,0.0,0.0,0.0,0,29,2,29,0.8125,9,0.0375,9,0.0375,0,0.0,3,0,2,lineitem_part,join,,tiny,real
iceberg,nf_training,nf_015_tiny_real,partkey,bigint,3,0.633,0.0,0.0,0.0,1.0,0.0,0,0,0,1,1,6,0,2000,16,0.0,0.0,0.0,0,29,2,29,0.8125,9,0.0375,9,0.0375,0,0.0,3,0,2,lineitem_part,join,,tiny,real
iceberg,nf_training,nf_015_tiny_real,suppkey,bigint,4,0.05,0.0,0.0,0.0,1.0,0.0,0,0,0,1,1,0,0,2000,16,0.0,0.0,0.0,0,29,2,29,0.8125,9,0.0375,9,0.0375,0,0.0,3,0,2,lineitem_part,join,,tiny,real
iceberg,nf_training,nf_015_tiny_real,quantity,double,5,0.025,0.0,0.0,0.0,1.0,0.0,0,0,0,1,1,0,1,2000,16,0.0,0.0,0.0,0,29,2,29,0.8125,9,0.0375,9,0.0375,0,0.0,3,0,2,lineitem_part,join,,tiny,real
iceberg,nf_training,nf_015_tiny_real,extendedprice,double,6,0.984,0.0,0.0,0.0,1.0,0.0,0,0,0,1,1,2,0,2000,16,0.0,0.0,0.0,0,29,2,29,0.8125,9,0.0375,9,0.0375,0,0.0,3,0,2,lineitem_part,join,,tiny,real
iceberg,nf_training,nf_015_tiny_real,discount,double,7,0.0055,0.0,0.0,0.0,1.0,0.0,0,0,0,1,1,0,0,2000,16,0.0,0.0,0.0,0,29,2,29,0.8125,9,0.0375,9,0.0375,0,0.0,3,0,2,lineitem_part,join,,tiny,real
iceberg,nf_training,nf_015_tiny_real,returnflag,varchar,8,0.0015,0.0,0.0,1.0,1.0,0.0,0,0,0,0,0,0,0,2000,16,0.0,0.0,0.0,0,29,2,29,0.8125,9,0.0375,9,0.0375,0,0.0,3,0,2,lineitem_part,join,,tiny,real
iceberg,nf_training,nf_015_tiny_real,shipdate,date,9,0.683,0.0,0.0,0.0,1.0,0.0,0,0,0,1,1,0,0,2000,16,0.0,0.0,0.0,0,29,2,29,0.8125,9,0.0375,9,0.0375,0,0.0,3,0,2,lineitem_part,join,,tiny,real
iceberg,nf_training,nf_015_tiny_real,shipmode,varchar,10,0.0035,0.0,0.0,4.296,1.0,0.0,0,0,0,1,1,0,0,2000,16,0.0,0.0,0.0,0,29,2,29,0.8125,9,0.0375,9,0.0375,0,0.0,3,0,2,lineitem_part,join,,tiny,real
iceberg,nf_training,nf_015_tiny_real,part_mfgr,varchar,11,0.0025,0.0,0.0,14.0,1.0,0.0,0,0,0,0,0,0,2,2000,16,0.0,0.0,0.0,0,29,2,29,0.8125,9,0.0375,9,0.0375,0,0.0,3,0,2,lineitem_part,join,,tiny,real
iceberg,nf_training,nf_015_tiny_real,part_brand,varchar,12,0.0125,0.0,0.0,8.0,1.0,0.0,0,0,0,1,1,1,1,2000,16,0.0,0.0,0.0,0,29,2,29,0.8125,9,0.0375,9,0.0375,0,0.0,3,0,2,lineitem_part,join,,tiny,real
iceberg,nf_training,nf_015_tiny_real,part_type,varchar,13,0.075,0.0,0.0,20.525,1.0,0.0,0,0,0,1,1,0,1,2000,16,0.0,0.0,0.0,0,29,2,29,0.8125,9,0.0375,9,0.0375,0,0.0,3,0,2,lineitem_part,join,,tiny,real
iceberg,nf_training,nf_015_tiny_real,part_size,integer,14,0.025,0.0,0.0,0.0,1.0,0.0,0,0,0,1,1,0,1,2000,16,0.0,0.0,0.0,0,29,2,29,0.8125,9,0.0375,9,0.0375,0,0.0,3,0,2,lineitem_part,join,,tiny,real
iceberg,nf_training,nf_015_tiny_real,part_container,varchar,15,0.02,0.0,0.0,7.608,1.0,0.0,0,0,0,0,0,0,1,2000,16,0.0,0.0,0.0,0,29,2,29,0.8125,9,0.0375,9,0.0375,0,0.0,3,0,2,lineitem_part,join,,tiny,real
iceberg,nf_training,nf_015_tiny_real,part_retailprice,double,16,0.4525,0.0,0.0,0.0,1.0,0.0,0,0,0,1,1,0,2,2000,16,0.0,0.0,0.0,0,29,2,29,0.8125,9,0.0375,9,0.0375,0,0.0,3,0,2,lineitem_part,join,,tiny,real
iceberg,nf_training,nf_016_tiny_real,orderkey,bigint,1,0.2515,0.0,0.0,0.0,1.0,0.0,0,0,0,1,1,0,0,2000,14,0.0,0.0,0.0,0,21,2,21,0.8571428571428571,13,0.07142857142857142,13,0.07142857142857142,0,0.0,4,0,2,lineitem_supplier_nation,join,,tiny,real
iceberg,nf_training,nf_016_tiny_real,linenumber,integer,2,0.0035,0.0,0.0,0.0,1.0,0.0,0,0,0,1,1,0,0,2000,14,0.0,0.0,0.0,0,21,2,21,0.8571428571428571,13,0.07142857142857142,13,0.07142857142857142,0,0.0,4,0,2,lineitem_supplier_nation,join,,tiny,real
iceberg,nf_training,nf_016_tiny_real,partkey,bigint,3,0.633,0.0,0.0,0.0,1.0,0.0,0,0,0,1,1,0,0,2000,14,0.0,0.0,0.0,0,21,2,21,0.8571428571428571,13,0.07142857142857142,13,0.07142857142857142,0,0.0,4,0,2,lineitem_supplier_nation,join,,tiny,real
iceberg,nf_training,nf_016_tiny_real,suppkey,bigint,4,0.05,0.0,0.0,0.0,1.0,0.0,0,0,0,1,1,4,1,2000,14,0.0,0.0,0.0,0,21,2,21,0.8571428571428571,13,0.07142857142857142,13,0.07142857142857142,0,0.0,4,0,2,lineitem_supplier_nation,join,,tiny,real
iceberg,nf_training,nf_016_tiny_real,quantity,double,5,0.025,0.0,0.0,0.0,1.0,0.0,0,0,0,1,1,0,1,2000,14,0.0,0.0,0.0,0,21,2,21,0.8571428571428571,13,0.07142857142857142,13,0.07142857142857142,0,0.0,4,0,2,lineitem_supplier_nation,join,,tiny,real
iceberg,nf_training,nf_016_tiny_real,extendedprice,double,6,0.984,0.0,0.0,0.0,1.0,0.0,0,0,0,1,1,1,0,2000,14,0.0,0.0,0.0,0,21,2,21,0.8571428571428571,13,0.07142857142857142,13,0.07142857142857142,0,0.0,4,0,2,lineitem_supplier_nation,join,,tiny,real
iceberg,nf_training,nf_016_tiny_real,discount,double,7,0.0055,0.0,0.0,0.0,1.0,0.0,0,0,0,1,1,0,0,2000,14,0.0,0.0,0.0,0,21,2,21,0.8571428571428571,13,0.07142857142857142,13,0.07142857142857142,0,0.0,4,0,2,lineitem_supplier_nation,join,,tiny,real
iceberg,nf_training,nf_016_tiny_real,returnflag,varchar,8,0.0015,0.0,0.0,1.0,1.0,0.0,0,0,0,0,0,0,0,2000,14,0.0,0.0,0.0,0,21,2,21,0.8571428571428571,13,0.07142857142857142,13,0.07142857142857142,0,0.0,4,0,2,lineitem_supplier_nation,join,,tiny,real
iceberg,nf_training,nf_016_tiny_real,shipdate,date,9,0.683,0.0,0.0,0.0,1.0,0.0,0,0,0,1,1,0,0,2000,14,0.0,0.0,0.0,0,21,2,21,0.8571428571428571,13,0.07142857142857142,13,0.07142857142857142,0,0.0,4,0,2,lineitem_supplier_nation,join,,tiny,real
iceberg,nf_training,nf_016_tiny_real,shipmode,varchar,10,0.0035,0.0,0.0,4.296,1.0,0.0,0,0,0,1,1,0,0,2000,14,0.0,0.0,0.0,0,21,2,21,0.8571428571428571,13,0.07142857142857142,13,0.07142857142857142,0,0.0,4,0,2,lineitem_supplier_nation,join,,tiny,real
iceberg,nf_training,nf_016_tiny_real,supplier_nationkey,bigint,11,0.0125,0.0,0.0,0.0,1.0,0.0,0,0,0,1,1,2,3,2000,14,0.0,0.0,0.0,0,21,2,21,0.8571428571428571,13,0.07142857142857142,13,0.07142857142857142,0,0.0,4,0,2,lineitem_supplier_nation,join,,tiny,real
iceberg,nf_training,nf_016_tiny_real,supplier_acctbal,double,12,0.05,0.0,0.0,0.0,1.0,0.0,0,0,0,1,1,4,1,2000,14,0.0,0.0,0.0,0,21,2,21,0.8571428571428571,13,0.07142857142857142,13,0.07142857142857142,0,0.0,4,0,2,lineitem_supplier_nation,join,,tiny,real
iceberg,nf_training,nf_016_tiny_real,nation_name,varchar,13,0.0125,0.0,0.0,7.2335,1.0,0.0,0,0,0,1,1,2,3,2000,14,0.0,0.0,0.0,0,21,2,21,0.8571428571428571,13,0.07142857142857142,13,0.07142857142857142,0,0.0,4,0,2,lineitem_supplier_nation,join,,tiny,real
iceberg,nf_training,nf_016_tiny_real,nation_regionkey,bigint,14,0.0025,0.0,0.0,0.0,1.0,0.0,0,0,0,0,0,0,4,2000,14,0.0,0.0,0.0,0,21,2,21,0.8571428571428571,13,0.07142857142857142,13,0.07142857142857142,0,0.0,4,0,2,lineitem_supplier_nation,join,,tiny,real
iceberg,nf_training,nf_017_tiny_real,orderkey,bigint,1,0.2515,0.0,0.0,0.0,1.0,0.0,0,0,0,1,1,5,0,2000,16,0.0545,0.0,0.0,0,43,1,42,0.875,6,0.025,6,0.025,0,0.0,1,0,1,lineitem_orders,join,,tiny,real
iceberg,nf_training,nf_017_tiny_real,linenumber,integer,2,0.0035,0.0,0.0,0.0,1.0,0.0,0,0,0,1,1,0,0,2000,16,0.0545,0.0,0.0,0,43,1,42,0.875,6,0.025,6,0.025,0,0.0,1,0,1,lineitem_orders,join,,tiny,real
iceberg,nf_training,nf_017_tiny_real,partkey,bigint,3,0.633,0.0,0.0,0.0,1.0,0.0,0,0,0,1,1,0,0,2000,16,0.0545,0.0,0.0,0,43,1,42,0.875,6,0.025,6,0.025,0,0.0,1,0,1,lineitem_orders,join,,tiny,real
iceberg,nf_training,nf_017_tiny_real,suppkey,bigint,4,0.05,0.0,0.0,0.0,1.0,0.0,0,0,0,1,1,0,0,2000,16,0.0545,0.0,0.0,0,43,1,42,0.875,6,0.025,6,0.025,0,0.0,1,0,1,lineitem_orders,join,,tiny,real
iceberg,nf_training,nf_017_tiny_real,quantity,double,5,0.025,0.0,0.0,0.0,1.0,0.0,0,0,0,1,1,0,1,2000,16,0.0545,0.0,0.0,0,43,1,42,0.875,6,0.025,6,0.025,0,0.0,1,0,1,lineitem_orders,join,,tiny,real
iceberg,nf_training,nf_017_tiny_real,extendedprice,double,6,0.984,0.0,0.0,0.0,1.0,0.0,0,0,0,1,1,1,0,2000,16,0.0545,0.0,0.0,0,43,1,42,0.875,6,0.025,6,0.025,0,0.0,1,0,1,lineitem_orders,join,,tiny,real
iceberg,nf_training,nf_017_tiny_real,discount,double,7,0.0055,0.0,0.0,0.0,1.0,0.0,0,0,0,1,1,0,0,2000,16,0.0545,0.0,0.0,0,43,1,42,0.875,6,0.025,6,0.025,0,0.0,1,0,1,lineitem_orders,join,,tiny,real
iceberg,nf_training,nf_017_tiny_real,returnflag,varchar,8,0.0015,0.0,0.0,1.0,1.0,0.0,0,0,0,0,0,0,0,2000,16,0.0545,0.0,0.0,0,43,1,42,0.875,6,0.025,6,0.025,0,0.0,1,0,1,lineitem_orders,join,,tiny,real
iceberg,nf_training,nf_017_tiny_real,shipdate,date,9,0.683,0.0,0.0,0.0,1.0,0.0,0,0,0,1,1,0,0,2000,16,0.0545,0.0,0.0,0,43,1,42,0.875,6,0.025,6,0.025,0,0.0,1,0,1,lineitem_orders,join,,tiny,real
iceberg,nf_training,nf_017_tiny_real,shipmode,varchar,10,0.0035,0.0,0.0,4.296,1.0,0.0,0,0,0,1,1,0,0,2000,16,0.0545,0.0,0.0,0,43,1,42,0.875,6,0.025,6,0.025,0,0.0,1,0,1,lineitem_orders,join,,tiny,real
iceberg,nf_training,nf_017_tiny_real,orders_custkey,bigint,11,0.196,0.0,0.0,0.0,1.0,0.0,0,0,0,1,1,0,1,2000,16,0.0545,0.0,0.0,0,43,1,42,0.875,6,0.025,6,0.025,0,0.0,1,0,1,lineitem_orders,join,,tiny,real
iceberg,nf_training,nf_017_tiny_real,orders_orderstatus,varchar,12,0.0015,0.0,0.0,1.0,1.0,0.0,0,0,0,0,0,0,1,2000,16,0.0545,0.0,0.0,0,43,1,42,0.875,6,0.025,6,0.025,0,0.0,1,0,1,lineitem_orders,join,,tiny,real
iceberg,nf_training,nf_017_tiny_real,orders_orderdate,date,13,0.223,0.0,0.0,0.0,1.0,0.0,0,0,0,1,1,0,1,2000,16,0.0545,0.0,0.0,0,43,1,42,0.875,6,0.025,6,0.025,0,0.0,1,0,1,lineitem_orders,join,,tiny,real
iceberg,nf_training,nf_017_tiny_real,orders_orderpriority,varchar,14,0.0025,0.0,0.0,8.537,1.0,0.0,0,0,0,1,1,0,1,2000,16,0.0545,0.0,0.0,0,43,1,42,0.875,6,0.025,6,0.025,0,0.0,1,0,1,lineitem_orders,join,,tiny,real
iceberg,nf_training,nf_017_tiny_real,orders_clerk,varchar,15,0.1975,0.0,0.0,15.0,1.0,0.0,0,0,0,1,1,0,1,2000,16,0.0545,0.0,0.0,0,43,1,42,0.875,6,0.025,6,0.025,0,0.0,1,0,1,lineitem_orders,join,,tiny,real
iceberg,nf_training,nf_017_tiny_real,note_text,varchar,16,1.0,0.0,0.0545,24.275877587758778,1.111,0.004115607793700525,1,0,0,1,1,0,0,2000,16,0.0545,0.0,0.0,0,43,1,42,0.875,6,0.025,6,0.025,0,0.0,1,0,1,lineitem_orders,join,,tiny,real
iceberg,nf_training,nf_018_tiny_real,orderkey,bigint,1,0.2515,0.0,0.0,0.0,1.0,0.0,0,0,0,1,1,8,0,2000,18,0.0,0.0,0.0,0,59,2,59,0.8888888888888888,15,0.049019607843137254,15,0.049019607843137254,0,0.0,1,0,1,lineitem_orders_customer,join,,tiny,real
iceberg,nf_training,nf_018_tiny_real,linenumber,integer,2,0.0035,0.0,0.0,0.0,1.0,0.0,0,0,0,1,1,0,0,2000,18,0.0,0.0,0.0,0,59,2,59,0.8888888888888888,15,0.049019607843137254,15,0.049019607843137254,0,0.0,1,0,1,lineitem_orders_customer,join,,tiny,real
iceberg,nf_training,nf_018_tiny_real,partkey,bigint,3,0.633,0.0,0.0,0.0,1.0,0.0,0,0,0,1,1,0,0,2000,18,0.0,0.0,0.0,0,59,2,59,0.8888888888888888,15,0.049019607843137254,15,0.049019607843137254,0,0.0,1,0,1,lineitem_orders_customer,join,,tiny,real
iceberg,nf_training,nf_018_tiny_real,suppkey,bigint,4,0.05,0.0,0.0,0.0,1.0,0.0,0,0,0,1,1,0,0,2000,18,0.0,0.0,0.0,0,59,2,59,0.8888888888888888,15,0.049019607843137254,15,0.049019607843137254,0,0.0,1,0,1,lineitem_orders_customer,join,,tiny,real
iceberg,nf_training,nf_018_tiny_real,quantity,double,5,0.025,0.0,0.0,0.0,1.0,0.0,0,0,0,1,1,0,1,2000,18,0.0,0.0,0.0,0,59,2,59,0.8888888888888888,15,0.049019607843137254,15,0.049019607843137254,0,0.0,1,0,1,lineitem_orders_customer,join,,tiny,real
iceberg,nf_training,nf_018_tiny_real,extendedprice,double,6,0.984,0.0,0.0,0.0,1.0,0.0,0,0,0,1,1,1,0,2000,18,0.0,0.0,0.0,0,59,2,59,0.8888888888888888,15,0.049019607843137254,15,0.049019607843137254,0,0.0,1,0,1,lineitem_orders_customer,join,,tiny,real
iceberg,nf_training,nf_018_tiny_real,discount,double,7,0.0055,0.0,0.0,0.0,1.0,0.0,0,0,0,1,1,0,0,2000,18,0.0,0.0,0.0,0,59,2,59,0.8888888888888888,15,0.049019607843137254,15,0.049019607843137254,0,0.0,1,0,1,lineitem_orders_customer,join,,tiny,real
iceberg,nf_training,nf_018_tiny_real,returnflag,varchar,8,0.0015,0.0,0.0,1.0,1.0,0.0,0,0,0,0,0,0,0,2000,18,0.0,0.0,0.0,0,59,2,59,0.8888888888888888,15,0.049019607843137254,15,0.049019607843137254,0,0.0,1,0,1,lineitem_orders_customer,join,,tiny,real
iceberg,nf_training,nf_018_tiny_real,shipdate,date,9,0.683,0.0,0.0,0.0,1.0,0.0,0,0,0,1,1,0,0,2000,18,0.0,0.0,0.0,0,59,2,59,0.8888888888888888,15,0.049019607843137254,15,0.049019607843137254,0,0.0,1,0,1,lineitem_orders_customer,join,,tiny,real
iceberg,nf_training,nf_018_tiny_real,shipmode,varchar,10,0.0035,0.0,0.0,4.296,1.0,0.0,0,0,0,1,1,0,0,2000,18,0.0,0.0,0.0,0,59,2,59,0.8888888888888888,15,0.049019607843137254,15,0.049019607843137254,0,0.0,1,0,1,lineitem_orders_customer,join,,tiny,real
iceberg,nf_training,nf_018_tiny_real,orders_custkey,bigint,11,0.196,0.0,0.0,0.0,1.0,0.0,0,0,0,1,1,3,2,2000,18,0.0,0.0,0.0,0,59,2,59,0.8888888888888888,15,0.049019607843137254,15,0.049019607843137254,0,0.0,1,0,1,lineitem_orders_customer,join,,tiny,real
iceberg,nf_training,nf_018_tiny_real,orders_orderstatus,varchar,12,0.0015,0.0,0.0,1.0,1.0,0.0,0,0,0,0,0,0,1,2000,18,0.0,0.0,0.0,0,59,2,59,0.8888888888888888,15,0.049019607843137254,15,0.049019607843137254,0,0.0,1,0,1,lineitem_orders_customer,join,,tiny,real
iceberg,nf_training,nf_018_tiny_real,orders_orderdate,date,13,0.223,0.0,0.0,0.0,1.0,0.0,0,0,0,1,1,0,1,2000,18,0.0,0.0,0.0,0,59,2,59,0.8888888888888888,15,0.049019607843137254,15,0.049019607843137254,0,0.0,1,0,1,lineitem_orders_customer,join,,tiny,real
iceberg,nf_training,nf_018_tiny_real,orders_orderpriority,varchar,14,0.0025,0.0,0.0,8.537,1.0,0.0,0,0,0,1,1,0,1,2000,18,0.0,0.0,0.0,0,59,2,59,0.8888888888888888,15,0.049019607843137254,15,0.049019607843137254,0,0.0,1,0,1,lineitem_orders_customer,join,,tiny,real
iceberg,nf_training,nf_018_tiny_real,orders_clerk,varchar,15,0.1975,0.0,0.0,15.0,1.0,0.0,0,0,0,1,1,0,1,2000,18,0.0,0.0,0.0,0,59,2,59,0.8888888888888888,15,0.049019607843137254,15,0.049019607843137254,0,0.0,1,0,1,lineitem_orders_customer,join,,tiny,real
iceberg,nf_training,nf_018_tiny_real,customer_nationkey,bigint,16,0.0125,0.0,0.0,0.0,1.0,0.0,0,0,0,1,1,0,3,2000,18,0.0,0.0,0.0,0,59,2,59,0.8888888888888888,15,0.049019607843137254,15,0.049019607843137254,0,0.0,1,0,1,lineitem_orders_customer,join,,tiny,real
iceberg,nf_training,nf_018_tiny_real,customer_acctbal,double,17,0.196,0.0,0.0,0.0,1.0,0.0,0,0,0,1,1,3,2,2000,18,0.0,0.0,0.0,0,59,2,59,0.8888888888888888,15,0.049019607843137254,15,0.049019607843137254,0,0.0,1,0,1,lineitem_orders_customer,join,,tiny,real
iceberg,nf_training,nf_018_tiny_real,customer_mktsegment,varchar,18,0.0025,0.0,0.0,8.8975,1.0,0.0,0,0,0,1,1,0,3,2000,18,0.0,0.0,0.0,0,59,2,59,0.8888888888888888,15,0.049019607843137254,15,0.049019607843137254,0,0.0,1,0,1,lineitem_orders_customer,join,,tiny,real
iceberg,nf_training,nf_019_tiny_real,partkey,bigint,1,0.25,0.0,0.0,0.0,1.0,0.0,0,0,0,1,1,0,0,2000,7,0.004,0.0,0.0,0,9,1,8,1.0,4,0.09523809523809523,4,0.09523809523809523,0,0.0,0,0,1,partsupp_supplier,join,,tiny,real
iceberg,nf_training,nf_019_tiny_real,suppkey,bigint,2,0.05,0.0,0.0,0.0,1.0,0.0,0,0,0,1,1,2,1,2000,7,0.004,0.0,0.0,0,9,1,8,1.0,4,0.09523809523809523,4,0.09523809523809523,0,0.0,0,0,1,partsupp_supplier,join,,tiny,real
iceberg,nf_training,nf_019_tiny_real,availqty,integer,3,0.9085,0.0,0.0,0.0,1.0,0.0,0,0,0,1,1,0,0,2000,7,0.004,0.0,0.0,0,9,1,8,1.0,4,0.09523809523809523,4,0.09523809523809523,0,0.0,0,0,1,partsupp_supplier,join,,tiny,real
iceberg,nf_training,nf_019_tiny_real,supplycost,double,4,0.99,0.0,0.0,0.0,1.0,0.0,0,0,0,1,1,0,0,2000,7,0.004,0.0,0.0,0,9,1,8,1.0,4,0.09523809523809523,4,0.09523809523809523,0,0.0,0,0,1,partsupp_supplier,join,,tiny,real
iceberg,nf_training,nf_019_tiny_real,supplier_nationkey,bigint,5,0.0125,0.0,0.0,0.0,1.0,0.0,0,0,0,1,1,0,2,2000,7,0.004,0.0,0.0,0,9,1,8,1.0,4,0.09523809523809523,4,0.09523809523809523,0,0.0,0,0,1,partsupp_supplier,join,,tiny,real
iceberg,nf_training,nf_019_tiny_real,supplier_acctbal,double,6,0.05,0.0,0.0,0.0,1.0,0.0,0,0,0,1,1,2,1,2000,7,0.004,0.0,0.0,0,9,1,8,1.0,4,0.09523809523809523,4,0.09523809523809523,0,0.0,0,0,1,partsupp_supplier,join,,tiny,real
iceberg,nf_training,nf_019_tiny_real,note_text,varchar,7,1.0,0.0,0.004,83.74428763440861,1.488,0.003916171460900479,1,0,0,1,1,0,0,2000,7,0.004,0.0,0.0,0,9,1,8,1.0,4,0.09523809523809523,4,0.09523809523809523,0,0.0,0,0,1,partsupp_supplier,join,,tiny,real
iceberg,nf_training,nf_020_tiny_real,partkey,bigint,1,0.25,0.0,0.0,0.0,1.0,0.0,0,0,0,1,1,6,1,2000,10,0.0,0.0,0.0,0,13,2,13,0.9,13,0.14444444444444443,13,0.14444444444444443,0,0.0,3,0,1,partsupp_part,join,,tiny,real
iceberg,nf_training,nf_020_tiny_real,suppkey,bigint,2,0.05,0.0,0.0,0.0,1.0,0.0,0,0,0,1,1,0,0,2000,10,0.0,0.0,0.0,0,13,2,13,0.9,13,0.14444444444444443,13,0.14444444444444443,0,0.0,3,0,1,partsupp_part,join,,tiny,real
iceberg,nf_training,nf_020_tiny_real,availqty,integer,3,0.9085,0.0,0.0,0.0,1.0,0.0,0,0,0,1,1,0,0,2000,10,0.0,0.0,0.0,0,13,2,13,0.9,13,0.14444444444444443,13,0.14444444444444443,0,0.0,3,0,1,partsupp_part,join,,tiny,real
iceberg,nf_training,nf_020_tiny_real,supplycost,double,4,0.99,0.0,0.0,0.0,1.0,0.0,0,0,0,1,1,0,0,2000,10,0.0,0.0,0.0,0,13,2,13,0.9,13,0.14444444444444443,13,0.14444444444444443,0,0.0,3,0,1,partsupp_part,join,,tiny,real
iceberg,nf_training,nf_020_tiny_real,part_mfgr,varchar,5,0.0025,0.0,0.0,14.0,1.0,0.0,0,0,0,0,0,0,3,2000,10,0.0,0.0,0.0,0,13,2,13,0.9,13,0.14444444444444443,13,0.14444444444444443,0,0.0,3,0,1,partsupp_part,join,,tiny,real
iceberg,nf_training,nf_020_tiny_real,part_brand,varchar,6,0.0125,0.0,0.0,8.0,1.0,0.0,0,0,0,1,1,1,2,2000,10,0.0,0.0,0.0,0,13,2,13,0.9,13,0.14444444444444443,13,0.14444444444444443,0,0.0,3,0,1,partsupp_part,join,,tiny,real
iceberg,nf_training,nf_020_tiny_real,part_type,varchar,7,0.0725,0.0,0.0,20.642,1.0,0.0,0,0,0,1,1,0,2,2000,10,0.0,0.0,0.0,0,13,2,13,0.9,13,0.14444444444444443,13,0.14444444444444443,0,0.0,3,0,1,partsupp_part,join,,tiny,real
iceberg,nf_training,nf_020_tiny_real,part_size,integer,8,0.025,0.0,0.0,0.0,1.0,0.0,0,0,0,1,1,0,2,2000,10,0.0,0.0,0.0,0,13,2,13,0.9,13,0.14444444444444443,13,0.14444444444444443,0,0.0,3,0,1,partsupp_part,join,,tiny,real
iceberg,nf_training,nf_020_tiny_real,part_container,varchar,9,0.02,0.0,0.0,7.598,1.0,0.0,0,0,0,1,1,0,2,2000,10,0.0,0.0,0.0,0,13,2,13,0.9,13,0.14444444444444443,13,0.14444444444444443,0,0.0,3,0,1,partsupp_part,join,,tiny,real
iceberg,nf_training,nf_020_tiny_real,part_retailprice,double,10,0.25,0.0,0.0,0.0,1.0,0.0,0,0,0,1,1,6,1,2000,10,0.0,0.0,0.0,0,13,2,13,0.9,13,0.14444444444444443,13,0.14444444444444443,0,0.0,3,0,1,partsupp_part,join,,tiny,real
iceberg,nf_training,nf_021_tiny_real,partkey,bigint,1,0.25,0.0,0.0,0.0,1.0,0.0,0,0,0,1,1,6,1,2000,12,0.0,0.0,0.0,0,27,2,27,0.9166666666666666,17,0.12878787878787878,17,0.12878787878787878,0,0.0,3,0,1,partsupp_part_supplier,join,,tiny,real
iceberg,nf_training,nf_021_tiny_real,suppkey,bigint,2,0.05,0.0,0.0,0.0,1.0,0.0,0,0,0,1,1,2,1,2000,12,0.0,0.0,0.0,0,27,2,27,0.9166666666666666,17,0.12878787878787878,17,0.12878787878787878,0,0.0,3,0,1,partsupp_part_supplier,join,,tiny,real
iceberg,nf_training,nf_021_tiny_real,availqty,integer,3,0.9085,0.0,0.0,0.0,1.0,0.0,0,0,0,1,1,0,0,2000,12,0.0,0.0,0.0,0,27,2,27,0.9166666666666666,17,0.12878787878787878,17,0.12878787878787878,0,0.0,3,0,1,partsupp_part_supplier,join,,tiny,real
iceberg,nf_training,nf_021_tiny_real,supplycost,double,4,0.99,0.0,0.0,0.0,1.0,0.0,0,0,0,1,1,0,0,2000,12,0.0,0.0,0.0,0,27,2,27,0.9166666666666666,17,0.12878787878787878,17,0.12878787878787878,0,0.0,3,0,1,partsupp_part_supplier,join,,tiny,real
iceberg,nf_training,nf_021_tiny_real,part_mfgr,varchar,5,0.0025,0.0,0.0,14.0,1.0,0.0,0,0,0,0,0,0,3,2000,12,0.0,0.0,0.0,0,27,2,27,0.9166666666666666,17,0.12878787878787878,17,0.12878787878787878,0,0.0,3,0,1,partsupp_part_supplier,join,,tiny,real
iceberg,nf_training,nf_021_tiny_real,part_brand,varchar,6,0.0125,0.0,0.0,8.0,1.0,0.0,0,0,0,1,1,1,2,2000,12,0.0,0.0,0.0,0,27,2,27,0.9166666666666666,17,0.12878787878787878,17,0.12878787878787878,0,0.0,3,0,1,partsupp_part_supplier,join,,tiny,real
iceberg,nf_training,nf_021_tiny_real,part_type,varchar,7,0.0725,0.0,0.0,20.642,1.0,0.0,0,0,0,1,1,0,2,2000,12,0.0,0.0,0.0,0,27,2,27,0.9166666666666666,17,0.12878787878787878,17,0.12878787878787878,0,0.0,3,0,1,partsupp_part_supplier,join,,tiny,real
iceberg,nf_training,nf_021_tiny_real,part_size,integer,8,0.025,0.0,0.0,0.0,1.0,0.0,0,0,0,1,1,0,2,2000,12,0.0,0.0,0.0,0,27,2,27,0.9166666666666666,17,0.12878787878787878,17,0.12878787878787878,0,0.0,3,0,1,partsupp_part_supplier,join,,tiny,real
iceberg,nf_training,nf_021_tiny_real,part_container,varchar,9,0.02,0.0,0.0,7.598,1.0,0.0,0,0,0,1,1,0,2,2000,12,0.0,0.0,0.0,0,27,2,27,0.9166666666666666,17,0.12878787878787878,17,0.12878787878787878,0,0.0,3,0,1,partsupp_part_supplier,join,,tiny,real
iceberg,nf_training,nf_021_tiny_real,part_retailprice,double,10,0.25,0.0,0.0,0.0,1.0,0.0,0,0,0,1,1,6,1,2000,12,0.0,0.0,0.0,0,27,2,27,0.9166666666666666,17,0.12878787878787878,17,0.12878787878787878,0,0.0,3,0,1,partsupp_part_supplier,join,,tiny,real
iceberg,nf_training,nf_021_tiny_real,supplier_nationkey,bigint,11,0.0125,0.0,0.0,0.0,1.0,0.0,0,0,0,1,1,0,2,2000,12,0.0,0.0,0.0,0,27,2,27,0.9166666666666666,17,0.12878787878787878,17,0.12878787878787878,0,0.0,3,0,1,partsupp_part_supplier,join,,tiny,real
iceberg,nf_training,nf_021_tiny_real,supplier_acctbal,double,12,0.05,0.0,0.0,0.0,1.0,0.0,0,0,0,1,1,2,1,2000,12,0.0,0.0,0.0,0,27,2,27,0.9166666666666666,17,0.12878787878787878,17,0.12878787878787878,0,0.0,3,0,1,partsupp_part_supplier,join,,tiny,real
iceberg,nf_training,nf_022_tiny_real,orderkey,bigint,1,1.0,0.0,0.0,0.0,1.0,0.0,0,0,0,1,1,0,0,1713,8,1.0,0.125,0.0,0,6,1,3,0.75,0,0.0,0,0.0,0,0.0,0,0,0,orders_partkey_list,injection,orders_partkey_list_tiny_real,tiny,real
iceberg,nf_training,nf_022_tiny_real,custkey,bigint,2,0.4699357851722125,0.0,0.0,0.0,1.0,0.0,0,0,0,1,1,0,0,1713,8,1.0,0.125,0.0,0,6,1,3,0.75,0,0.0,0,0.0,0,0.0,0,0,0,orders_partkey_list,injection,orders_partkey_list_tiny_real,tiny,real
iceberg,nf_training,nf_022_tiny_real,orderstatus,varchar,3,0.0017513134851138354,0.0,0.0,1.0,1.0,0.0,0,0,0,0,0,0,0,1713,8,1.0,0.125,0.0,0,6,1,3,0.75,0,0.0,0,0.0,0,0.0,0,0,0,orders_partkey_list,injection,orders_partkey_list_tiny_real,tiny,real
iceberg,nf_training,nf_022_tiny_real,orderdate,date,4,0.7262113251605371,0.0,0.0,0.0,1.0,0.0,0,0,0,1,1,0,0,1713,8,1.0,0.125,0.0,0,6,1,3,0.75,0,0.0,0,0.0,0,0.0,0,0,0,orders_partkey_list,injection,orders_partkey_list_tiny_real,tiny,real
iceberg,nf_training,nf_022_tiny_real,orderpriority,varchar,5,0.002918855808523059,0.0,0.0,8.4810274372446,1.0,0.0,0,0,0,0,0,0,0,1713,8,1.0,0.125,0.0,0,6,1,3,0.75,0,0.0,0,0.0,0,0.0,0,0,0,orders_partkey_list,injection,orders_partkey_list_tiny_real,tiny,real
iceberg,nf_training,nf_022_tiny_real,clerk,varchar,6,0.4816112084063047,0.0,0.0,15.0,1.0,0.0,0,0,0,1,1,0,0,1713,8,1.0,0.125,0.0,0,6,1,3,0.75,0,0.0,0,0.0,0,0.0,0,0,0,orders_partkey_list,injection,orders_partkey_list_tiny_real,tiny,real
iceberg,nf_training,nf_022_tiny_real,note_text,varchar,7,1.0,0.0,0.03152364273204904,40.33694048204624,1.1868067717454758,0.003902201085299677,1,0,0,1,1,0,0,1713,8,1.0,0.125,0.0,0,6,1,3,0.75,0,0.0,0,0.0,0,0.0,0,0,0,orders_partkey_list,injection,orders_partkey_list_tiny_real,tiny,real
iceberg,nf_training,nf_022_tiny_real,lineitem_partkey_list,varchar,8,1.0,0.0,1.0,4.233294255568581,4.481611208406305,0.1835133388719653,0,1,0,1,1,0,0,1713,8,1.0,0.125,0.0,0,6,1,3,0.75,0,0.0,0,0.0,0,0.0,0,0,0,orders_partkey_list,injection,orders_partkey_list_tiny_real,tiny,real
iceberg,nf_training,nf_023_tiny_real,orderkey,bigint,1,1.0,0.0,0.0,0.0,1.0,0.0,0,0,0,1,1,0,0,1713,8,0.03152364273204904,0.0,0.0,0,5,1,3,0.625,0,0.0,0,0.0,0,0.0,0,0,3,orders_partkey_list_control,control,orders_partkey_list_tiny_real,tiny,real
iceberg,nf_training,nf_023_tiny_real,custkey,bigint,2,0.4699357851722125,0.0,0.0,0.0,1.0,0.0,0,0,0,1,1,0,0,1713,8,0.03152364273204904,0.0,0.0,0,5,1,3,0.625,0,0.0,0,0.0,0,0.0,0,0,3,orders_partkey_list_control,control,orders_partkey_list_tiny_real,tiny,real
iceberg,nf_training,nf_023_tiny_real,orderstatus,varchar,3,0.0017513134851138354,0.0,0.0,1.0,1.0,0.0,0,0,0,0,0,0,0,1713,8,0.03152364273204904,0.0,0.0,0,5,1,3,0.625,0,0.0,0,0.0,0,0.0,0,0,3,orders_partkey_list_control,control,orders_partkey_list_tiny_real,tiny,real
iceberg,nf_training,nf_023_tiny_real,orderdate,date,4,0.7262113251605371,0.0,0.0,0.0,1.0,0.0,0,0,0,1,1,0,0,1713,8,0.03152364273204904,0.0,0.0,0,5,1,3,0.625,0,0.0,0,0.0,0,0.0,0,0,3,orders_partkey_list_control,control,orders_partkey_list_tiny_real,tiny,real
iceberg,nf_training,nf_023_tiny_real,orderpriority,varchar,5,0.002918855808523059,0.0,0.0,8.4810274372446,1.0,0.0,0,0,0,0,0,0,0,1713,8,0.03152364273204904,0.0,0.0,0,5,1,3,0.625,0,0.0,0,0.0,0,0.0,0,0,3,orders_partkey_list_control,control,orders_partkey_list_tiny_real,tiny,real
iceberg,nf_training,nf_023_tiny_real,clerk,varchar,6,0.4816112084063047,0.0,0.0,15.0,1.0,0.0,0,0,0,1,1,0,0,1713,8,0.03152364273204904,0.0,0.0,0,5,1,3,0.625,0,0.0,0,0.0,0,0.0,0,0,3,orders_partkey_list_control,control,orders_partkey_list_tiny_real,tiny,real
iceberg,nf_training,nf_023_tiny_real,note_text,varchar,7,1.0,0.0,0.03152364273204904,40.33694048204624,1.1868067717454758,0.003902201085299677,1,0,0,1,1,0,0,1713,8,0.03152364273204904,0.0,0.0,0,5,1,3,0.625,0,0.0,0,0.0,0,0.0,0,0,3,orders_partkey_list_control,control,orders_partkey_list_tiny_real,tiny,real
iceberg,nf_training,nf_023_tiny_real,child_count,varchar,8,0.0035026269702276708,0.0,0.0,1.0,1.0,0.0,0,0,0,0,0,0,0,1713,8,0.03152364273204904,0.0,0.0,0,5,1,3,0.625,0,0.0,0,0.0,0,0.0,0,0,3,orders_partkey_list_control,control,orders_partkey_list_tiny_real,tiny,real
iceberg,nf_training,nf_024_tiny_real,custkey,bigint,1,1.0,0.0,0.0,0.0,1.0,0.0,0,0,0,1,1,0,0,1000,5,1.0,0.2,0.0,0,3,1,1,0.8,1,0.05,1,0.05,0,0.0,1,0,0,customer_orderkey_list,injection,customer_orderkey_list_tiny_real,tiny,real
iceberg,nf_training,nf_024_tiny_real,nationkey,bigint,2,0.025,0.0,0.0,0.0,1.0,0.0,0,0,0,1,1,0,0,1000,5,1.0,0.2,0.0,0,3,1,1,0.8,1,0.05,1,0.05,0,0.0,1,0,0,customer_orderkey_list,injection,customer_orderkey_list_tiny_real,tiny,real
iceberg,nf_training,nf_024_tiny_real,acctbal,double,3,0.999,0.0,0.0,0.0,1.0,0.0,0,0,0,1,1,1,0,1000,5,1.0,0.2,0.0,0,3,1,1,0.8,1,0.05,1,0.05,0,0.0,1,0,0,customer_orderkey_list,injection,customer_orderkey_list_tiny_real,tiny,real
iceberg,nf_training,nf_024_tiny_real,mktsegment,varchar,4,0.005,0.0,0.0,8.952,1.0,0.0,0,0,0,0,0,0,1,1000,5,1.0,0.2,0.0,0,3,1,1,0.8,1,0.05,1,0.05,0,0.0,1,0,0,customer_orderkey_list,injection,customer_orderkey_list_tiny_real,tiny,real
iceberg,nf_training,nf_024_tiny_real,orders_orderkey_list,varchar,5,1.0,0.0,1.0,5.7472,15.0,0.16239792130660727,0,1,0,1,1,0,0,1000,5,1.0,0.2,0.0,0,3,1,1,0.8,1,0.05,1,0.05,0,0.0,1,0,0,customer_orderkey_list,injection,customer_orderkey_list_tiny_real,tiny,real
iceberg,nf_training,nf_025_tiny_real,custkey,bigint,1,1.0,0.0,0.0,0.0,1.0,0.0,0,0,0,1,1,0,0,1000,5,0.0,0.0,0.0,0,3,1,2,0.8,1,0.05,1,0.05,0,0.0,1,0,3,customer_orderkey_list_control,control,customer_orderkey_list_tiny_real,tiny,real
iceberg,nf_training,nf_025_tiny_real,nationkey,bigint,2,0.025,0.0,0.0,0.0,1.0,0.0,0,0,0,1,1,0,0,1000,5,0.0,0.0,0.0,0,3,1,2,0.8,1,0.05,1,0.05,0,0.0,1,0,3,customer_orderkey_list_control,control,customer_orderkey_list_tiny_real,tiny,real
iceberg,nf_training,nf_025_tiny_real,acctbal,double,3,0.999,0.0,0.0,0.0,1.0,0.0,0,0,0,1,1,1,0,1000,5,0.0,0.0,0.0,0,3,1,2,0.8,1,0.05,1,0.05,0,0.0,1,0,3,customer_orderkey_list_control,control,customer_orderkey_list_tiny_real,tiny,real
iceberg,nf_training,nf_025_tiny_real,mktsegment,varchar,4,0.005,0.0,0.0,8.952,1.0,0.0,0,0,0,0,0,0,1,1000,5,0.0,0.0,0.0,0,3,1,2,0.8,1,0.05,1,0.05,0,0.0,1,0,3,customer_orderkey_list_control,control,customer_orderkey_list_tiny_real,tiny,real
iceberg,nf_training,nf_025_tiny_real,child_count,varchar,5,0.031,0.0,0.0,1.777,1.0,0.0,0,0,0,1,1,0,0,1000,5,0.0,0.0,0.0,0,3,1,2,0.8,1,0.05,1,0.05,0,0.0,1,0,3,customer_orderkey_list_control,control,customer_orderkey_list_tiny_real,tiny,real
iceberg,nf_training,nf_026_tiny_real,suppkey,bigint,1,1.0,0.0,0.0,0.0,1.0,0.0,0,0,0,1,1,0,0,100,4,1.0,0.25,0.0,0,3,1,0,0.75,0,0.0,0,0.0,0,0.0,0,0,0,supplier_partkey_list,injection,supplier_partkey_list_tiny_real,tiny,real
iceberg,nf_training,nf_026_tiny_real,nationkey,bigint,2,0.25,0.0,0.0,0.0,1.0,0.0,0,0,0,0,0,0,0,100,4,1.0,0.25,0.0,0,3,1,0,0.75,0,0.0,0,0.0,0,0.0,0,0,0,supplier_partkey_list,injection,supplier_partkey_list_tiny_real,tiny,real
iceberg,nf_training,nf_026_tiny_real,acctbal,double,3,1.0,0.0,0.0,0.0,1.0,0.0,0,0,0,1,1,0,0,100,4,1.0,0.25,0.0,0,3,1,0,0.75,0,0.0,0,0.0,0,0.0,0,0,0,supplier_partkey_list,injection,supplier_partkey_list_tiny_real,tiny,real
iceberg,nf_training,nf_026_tiny_real,partsupp_partkey_list,varchar,4,1.0,0.0,1.0,4.434,80.0,0.22271087054578256,0,1,0,1,1,0,0,100,4,1.0,0.25,0.0,0,3,1,0,0.75,0,0.0,0,0.0,0,0.0,0,0,0,supplier_partkey_list,injection,supplier_partkey_list_tiny_real,tiny,real
iceberg,nf_training,nf_027_tiny_real,suppkey,bigint,1,1.0,0.0,0.0,0.0,1.0,0.0,0,0,0,1,1,0,0,100,4,0.0,0.0,0.0,0,2,1,0,0.5,1,0.08333333333333333,0,0.0,1,0.08333333333333333,0,1,3,supplier_partkey_list_control,control,supplier_partkey_list_tiny_real,tiny,real
iceberg,nf_training,nf_027_tiny_real,nationkey,bigint,2,0.25,0.0,0.0,0.0,1.0,0.0,0,0,0,0,0,1,0,100,4,0.0,0.0,0.0,0,2,1,0,0.5,1,0.08333333333333333,0,0.0,1,0.08333333333333333,0,1,3,supplier_partkey_list_control,control,supplier_partkey_list_tiny_real,tiny,real
iceberg,nf_training,nf_027_tiny_real,acctbal,double,3,1.0,0.0,0.0,0.0,1.0,0.0,0,0,0,1,1,0,0,100,4,0.0,0.0,0.0,0,2,1,0,0.5,1,0.08333333333333333,0,0.0,1,0.08333333333333333,0,1,3,supplier_partkey_list_control,control,supplier_partkey_list_tiny_real,tiny,real
iceberg,nf_training,nf_027_tiny_real,child_count,varchar,4,0.01,0.0,0.0,2.0,1.0,0.0,0,0,0,0,0,0,1,100,4,0.0,0.0,0.0,0,2,1,0,0.5,1,0.08333333333333333,0,0.0,1,0.08333333333333333,0,1,3,supplier_partkey_list_control,control,supplier_partkey_list_tiny_real,tiny,real
iceberg,nf_training,nf_028_tiny_real,partkey,bigint,1,1.0,0.0,0.0,0.0,1.0,0.0,0,0,0,1,1,0,0,2000,7,1.0,0.14285714285714285,0.0,0,10,1,9,1.0,0,0.0,0,0.0,0,0.0,0,0,0,part_suppkey_list,injection,part_suppkey_list_tiny_real,tiny,real
iceberg,nf_training,nf_028_tiny_real,brand,varchar,2,0.0125,0.0,0.0,8.0,1.0,0.0,0,0,0,1,1,0,0,2000,7,1.0,0.14285714285714285,0.0,0,10,1,9,1.0,0,0.0,0,0.0,0,0.0,0,0,0,part_suppkey_list,injection,part_suppkey_list_tiny_real,tiny,real
iceberg,nf_training,nf_028_tiny_real,type,varchar,3,0.075,0.0,0.0,20.551,1.0,0.0,0,0,0,1,1,0,0,2000,7,1.0,0.14285714285714285,0.0,0,10,1,9,1.0,0,0.0,0,0.0,0,0.0,0,0,0,part_suppkey_list,injection,part_suppkey_list_tiny_real,tiny,real
iceberg,nf_training,nf_028_tiny_real,size,integer,4,0.025,0.0,0.0,0.0,1.0,0.0,0,0,0,1,1,0,0,2000,7,1.0,0.14285714285714285,0.0,0,10,1,9,1.0,0,0.0,0,0.0,0,0.0,0,0,0,part_suppkey_list,injection,part_suppkey_list_tiny_real,tiny,real
iceberg,nf_training,nf_028_tiny_real,container,varchar,5,0.02,0.0,0.0,7.6105,1.0,0.0,0,0,0,1,1,0,0,2000,7,1.0,0.14285714285714285,0.0,0,10,1,9,1.0,0,0.0,0,0.0,0,0.0,0,0,0,part_suppkey_list,injection,part_suppkey_list_tiny_real,tiny,real
iceberg,nf_training,nf_028_tiny_real,retailprice,double,6,0.5495,0.0,0.0,0.0,1.0,0.0,0,0,0,1,1,0,0,2000,7,1.0,0.14285714285714285,0.0,0,10,1,9,1.0,0,0.0,0,0.0,0,0.0,0,0,0,part_suppkey_list,injection,part_suppkey_list_tiny_real,tiny,real
iceberg,nf_training,nf_028_tiny_real,partsupp_suppkey_list,varchar,7,0.9625,0.0,1.0,2.67,4.0,0.2808988764044944,0,1,0,1,1,0,0,2000,7,1.0,0.14285714285714285,0.0,0,10,1,9,1.0,0,0.0,0,0.0,0,0.0,0,0,0,part_suppkey_list,injection,part_suppkey_list_tiny_real,tiny,real
iceberg,nf_training,nf_029_tiny_real,partkey,bigint,1,1.0,0.0,0.0,0.0,1.0,0.0,0,0,0,1,1,0,0,2000,7,0.0,0.0,0.0,0,6,1,5,0.8571428571428571,5,0.11904761904761904,5,0.11904761904761904,0,0.0,5,0,3,part_suppkey_list_control,control,part_suppkey_list_tiny_real,tiny,real
iceberg,nf_training,nf_029_tiny_real,brand,varchar,2,0.0125,0.0,0.0,8.0,1.0,0.0,0,0,0,1,1,1,0,2000,7,0.0,0.0,0.0,0,6,1,5,0.8571428571428571,5,0.11904761904761904,5,0.11904761904761904,0,0.0,5,0,3,part_suppkey_list_control,control,part_suppkey_list_tiny_real,tiny,real
iceberg,nf_training,nf_029_tiny_real,type,varchar,3,0.075,0.0,0.0,20.551,1.0,0.0,0,0,0,1,1,1,0,2000,7,0.0,0.0,0.0,0,6,1,5,0.8571428571428571,5,0.11904761904761904,5,0.11904761904761904,0,0.0,5,0,3,part_suppkey_list_control,control,part_suppkey_list_tiny_real,tiny,real
iceberg,nf_training,nf_029_tiny_real,size,integer,4,0.025,0.0,0.0,0.0,1.0,0.0,0,0,0,1,1,1,0,2000,7,0.0,0.0,0.0,0,6,1,5,0.8571428571428571,5,0.11904761904761904,5,0.11904761904761904,0,0.0,5,0,3,part_suppkey_list_control,control,part_suppkey_list_tiny_real,tiny,real
iceberg,nf_training,nf_029_tiny_real,container,varchar,5,0.02,0.0,0.0,7.6105,1.0,0.0,0,0,0,1,1,1,0,2000,7,0.0,0.0,0.0,0,6,1,5,0.8571428571428571,5,0.11904761904761904,5,0.11904761904761904,0,0.0,5,0,3,part_suppkey_list_control,control,part_suppkey_list_tiny_real,tiny,real
iceberg,nf_training,nf_029_tiny_real,retailprice,double,6,0.5495,0.0,0.0,0.0,1.0,0.0,0,0,0,1,1,1,0,2000,7,0.0,0.0,0.0,0,6,1,5,0.8571428571428571,5,0.11904761904761904,5,0.11904761904761904,0,0.0,5,0,3,part_suppkey_list_control,control,part_suppkey_list_tiny_real,tiny,real
iceberg,nf_training,nf_029_tiny_real,child_count,varchar,7,0.0005,0.0,0.0,1.0,1.0,0.0,0,0,0,0,0,0,5,2000,7,0.0,0.0,0.0,0,6,1,5,0.8571428571428571,5,0.11904761904761904,5,0.11904761904761904,0,0.0,5,0,3,part_suppkey_list_control,control,part_suppkey_list_tiny_real,tiny,real
iceberg,nf_training,nf_030_tiny_real,orderkey,bigint,1,1.0,0.0,0.0,0.0,1.0,0.0,0,0,0,1,1,0,0,1713,11,1.0,0.09090909090909091,0.0,0,8,1,5,0.6363636363636364,6,0.05454545454545454,6,0.05454545454545454,0,0.0,4,0,0,orders_customer_partkey_list,injection,orders_customer_partkey_list_tiny_real,tiny,real
iceberg,nf_training,nf_030_tiny_real,custkey,bigint,2,0.4699357851722125,0.0,0.0,0.0,1.0,0.0,0,0,0,1,1,3,1,1713,11,1.0,0.09090909090909091,0.0,0,8,1,5,0.6363636363636364,6,0.05454545454545454,6,0.05454545454545454,0,0.0,4,0,0,orders_customer_partkey_list,injection,orders_customer_partkey_list_tiny_real,tiny,real
iceberg,nf_training,nf_030_tiny_real,orderstatus,varchar,3,0.0017513134851138354,0.0,0.0,1.0,1.0,0.0,0,0,0,0,0,0,0,1713,11,1.0,0.09090909090909091,0.0,0,8,1,5,0.6363636363636364,6,0.05454545454545454,6,0.05454545454545454,0,0.0,4,0,0,orders_customer_partkey_list,injection,orders_customer_partkey_list_tiny_real,tiny,real
iceberg,nf_training,nf_030_tiny_real,orderdate,date,4,0.7262113251605371,0.0,0.0,0.0,1.0,0.0,0,0,0,1,1,0,0,1713,11,1.0,0.09090909090909091,0.0,0,8,1,5,0.6363636363636364,6,0.05454545454545454,6,0.05454545454545454,0,0.0,4,0,0,orders_customer_partkey_list,injection,orders_customer_partkey_list_tiny_real,tiny,real
iceberg,nf_training,nf_030_tiny_real,orderpriority,varchar,5,0.002918855808523059,0.0,0.0,8.4810274372446,1.0,0.0,0,0,0,0,0,0,0,1713,11,1.0,0.09090909090909091,0.0,0,8,1,5,0.6363636363636364,6,0.05454545454545454,6,0.05454545454545454,0,0.0,4,0,0,orders_customer_partkey_list,injection,orders_customer_partkey_list_tiny_real,tiny,real
iceberg,nf_training,nf_030_tiny_real,clerk,varchar,6,0.4816112084063047,0.0,0.0,15.0,1.0,0.0,0,0,0,1,1,0,0,1713,11,1.0,0.09090909090909091,0.0,0,8,1,5,0.6363636363636364,6,0.05454545454545454,6,0.05454545454545454,0,0.0,4,0,0,orders_customer_partkey_list,injection,orders_customer_partkey_list_tiny_real,tiny,real
iceberg,nf_training,nf_030_tiny_real,customer_nationkey,bigint,7,0.014594279042615295,0.0,0.0,0.0,1.0,0.0,0,0,0,0,0,0,2,1713,11,1.0,0.09090909090909091,0.0,0,8,1,5,0.6363636363636364,6,0.05454545454545454,6,0.05454545454545454,0,0.0,4,0,0,orders_customer_partkey_list,injection,orders_customer_partkey_list_tiny_real,tiny,real
iceberg,nf_training,nf_030_tiny_real,customer_acctbal,double,8,0.4699357851722125,0.0,0.0,0.0,1.0,0.0,0,0,0,1,1,3,1,1713,11,1.0,0.09090909090909091,0.0,0,8,1,5,0.6363636363636364,6,0.05454545454545454,6,0.05454545454545454,0,0.0,4,0,0,orders_customer_partkey_list,injection,orders_customer_partkey_list_tiny_real,tiny,real
iceberg,nf_training,nf_030_tiny_real,customer_mktsegment,varchar,9,0.002918855808523059,0.0,0.0,8.934033858727378,1.0,0.0,0,0,0,0,0,0,2,1713,11,1.0,0.09090909090909091,0.0,0,8,1,5,0.6363636363636364,6,0.05454545454545454,6,0.05454545454545454,0,0.0,4,0,0,orders_customer_partkey_list,injection,orders_customer_partkey_list_tiny_real,tiny,real
iceberg,nf_training,nf_030_tiny_real,note_text,varchar,10,1.0,0.0,0.03152364273204904,40.33694048204624,1.1868067717454758,0.003902201085299677,1,0,0,1,1,0,0,1713,11,1.0,0.09090909090909091,0.0,0,8,1,5,0.6363636363636364,6,0.05454545454545454,6,0.05454545454545454,0,0.0,4,0,0,orders_customer_partkey_list,injection,orders_customer_partkey_list_tiny_real,tiny,real
iceberg,nf_training,nf_030_tiny_real,lineitem_partkey_list,varchar,11,1.0,0.0,1.0,4.233294255568581,4.481611208406305,0.1835133388719653,0,1,0,1,1,0,0,1713,11,1.0,0.09090909090909091,0.0,0,8,1,5,0.6363636363636364,6,0.05454545454545454,6,0.05454545454545454,0,0.0,4,0,0,orders_customer_partkey_list,injection,orders_customer_partkey_list_tiny_real,tiny,real
iceberg,nf_training,nf_031_tiny_real,orderkey,bigint,1,1.0,0.0,0.0,0.0,1.0,0.0,0,0,0,1,1,0,0,1713,11,0.03152364273204904,0.0,0.0,0,7,1,5,0.5454545454545454,6,0.05454545454545454,6,0.05454545454545454,0,0.0,4,0,2,orders_customer_partkey_list_control,control,orders_customer_partkey_list_tiny_real,tiny,real
iceberg,nf_training,nf_031_tiny_real,custkey,bigint,2,0.4699357851722125,0.0,0.0,0.0,1.0,0.0,0,0,0,1,1,3,1,1713,11,0.03152364273204904,0.0,0.0,0,7,1,5,0.5454545454545454,6,0.05454545454545454,6,0.05454545454545454,0,0.0,4,0,2,orders_customer_partkey_list_control,control,orders_customer_partkey_list_tiny_real,tiny,real
iceberg,nf_training,nf_031_tiny_real,orderstatus,varchar,3,0.0017513134851138354,0.0,0.0,1.0,1.0,0.0,0,0,0,0,0,0,0,1713,11,0.03152364273204904,0.0,0.0,0,7,1,5,0.5454545454545454,6,0.05454545454545454,6,0.05454545454545454,0,0.0,4,0,2,orders_customer_partkey_list_control,control,orders_customer_partkey_list_tiny_real,tiny,real
iceberg,nf_training,nf_031_tiny_real,orderdate,date,4,0.7262113251605371,0.0,0.0,0.0,1.0,0.0,0,0,0,1,1,0,0,1713,11,0.03152364273204904,0.0,0.0,0,7,1,5,0.5454545454545454,6,0.05454545454545454,6,0.05454545454545454,0,0.0,4,0,2,orders_customer_partkey_list_control,control,orders_customer_partkey_list_tiny_real,tiny,real
iceberg,nf_training,nf_031_tiny_real,orderpriority,varchar,5,0.002918855808523059,0.0,0.0,8.4810274372446,1.0,0.0,0,0,0,0,0,0,0,1713,11,0.03152364273204904,0.0,0.0,0,7,1,5,0.5454545454545454,6,0.05454545454545454,6,0.05454545454545454,0,0.0,4,0,2,orders_customer_partkey_list_control,control,orders_customer_partkey_list_tiny_real,tiny,real
iceberg,nf_training,nf_031_tiny_real,clerk,varchar,6,0.4816112084063047,0.0,0.0,15.0,1.0,0.0,0,0,0,1,1,0,0,1713,11,0.03152364273204904,0.0,0.0,0,7,1,5,0.5454545454545454,6,0.05454545454545454,6,0.05454545454545454,0,0.0,4,0,2,orders_customer_partkey_list_control,control,orders_customer_partkey_list_tiny_real,tiny,real
iceberg,nf_training,nf_031_tiny_real,customer_nationkey,bigint,7,0.014594279042615295,0.0,0.0,0.0,1.0,0.0,0,0,0,0,0,0,2,1713,11,0.03152364273204904,0.0,0.0,0,7,1,5,0.5454545454545454,6,0.05454545454545454,6,0.05454545454545454,0,0.0,4,0,2,orders_customer_partkey_list_control,control,orders_customer_partkey_list_tiny_real,tiny,real
iceberg,nf_training,nf_031_tiny_real,customer_acctbal,double,8,0.4699357851722125,0.0,0.0,0.0,1.0,0.0,0,0,0,1,1,3,1,1713,11,0.03152364273204904,0.0,0.0,0,7,1,5,0.5454545454545454,6,0.05454545454545454,6,0.05454545454545454,0,0.0,4,0,2,orders_customer_partkey_list_control,control,orders_customer_partkey_list_tiny_real,tiny,real
iceberg,nf_training,nf_031_tiny_real,customer_mktsegment,varchar,9,0.002918855808523059,0.0,0.0,8.934033858727378,1.0,0.0,0,0,0,0,0,0,2,1713,11,0.03152364273204904,0.0,0.0,0,7,1,5,0.5454545454545454,6,0.05454545454545454,6,0.05454545454545454,0,0.0,4,0,2,orders_customer_partkey_list_control,control,orders_customer_partkey_list_tiny_real,tiny,real
iceberg,nf_training,nf_031_tiny_real,note_text,varchar,10,1.0,0.0,0.03152364273204904,40.33694048204624,1.1868067717454758,0.003902201085299677,1,0,0,1,1,0,0,1713,11,0.03152364273204904,0.0,0.0,0,7,1,5,0.5454545454545454,6,0.05454545454545454,6,0.05454545454545454,0,0.0,4,0,2,orders_customer_partkey_list_control,control,orders_customer_partkey_list_tiny_real,tiny,real
iceberg,nf_training,nf_031_tiny_real,child_count,varchar,11,0.0035026269702276708,0.0,0.0,1.0,1.0,0.0,0,0,0,0,0,0,0,1713,11,0.03152364273204904,0.0,0.0,0,7,1,5,0.5454545454545454,6,0.05454545454545454,6,0.05454545454545454,0,0.0,4,0,2,orders_customer_partkey_list_control,control,orders_customer_partkey_list_tiny_real,tiny,real
iceberg,nf_training,nf_032_tiny_real,custkey,bigint,1,1.0,0.0,0.0,0.0,1.0,0.0,0,0,0,1,1,0,0,1000,7,0.0,0.0,0.42857142857142855,0,7,1,4,1.0,1,0.023809523809523808,1,0.023809523809523808,0,0.0,0,0,0,customer_order_columns,injection,customer_order_columns_tiny_real,tiny,real
iceberg,nf_training,nf_032_tiny_real,nationkey,bigint,2,0.025,0.0,0.0,0.0,1.0,0.0,0,0,0,1,1,0,0,1000,7,0.0,0.0,0.42857142857142855,0,7,1,4,1.0,1,0.023809523809523808,1,0.023809523809523808,0,0.0,0,0,0,customer_order_columns,injection,customer_order_columns_tiny_real,tiny,real
iceberg,nf_training,nf_032_tiny_real,acctbal,double,3,0.999,0.0,0.0,0.0,1.0,0.0,0,0,0,1,1,1,0,1000,7,0.0,0.0,0.42857142857142855,0,7,1,4,1.0,1,0.023809523809523808,1,0.023809523809523808,0,0.0,0,0,0,customer_order_columns,injection,customer_order_columns_tiny_real,tiny,real
iceberg,nf_training,nf_032_tiny_real,mktsegment,varchar,4,0.005,0.0,0.0,8.952,1.0,0.0,0,0,0,1,1,0,1,1000,7,0.0,0.0,0.42857142857142855,0,7,1,4,1.0,1,0.023809523809523808,1,0.023809523809523808,0,0.0,0,0,0,customer_order_columns,injection,customer_order_columns_tiny_real,tiny,real
iceberg,nf_training,nf_032_tiny_real,orderkey_1,bigint,5,1.0,0.0,0.0,0.0,1.0,0.0,0,0,1,1,1,0,0,1000,7,0.0,0.0,0.42857142857142855,0,7,1,4,1.0,1,0.023809523809523808,1,0.023809523809523808,0,0.0,0,0,0,customer_order_columns,injection,customer_order_columns_tiny_real,tiny,real
iceberg,nf_training,nf_032_tiny_real,orderkey_2,bigint,6,1.0,0.0,0.0,0.0,1.0,0.0,0,0,1,1,1,0,0,1000,7,0.0,0.0,0.42857142857142855,0,7,1,4,1.0,1,0.023809523809523808,1,0.023809523809523808,0,0.0,0,0,0,customer_order_columns,injection,customer_order_columns_tiny_real,tiny,real
iceberg,nf_training,nf_032_tiny_real,orderkey_3,bigint,7,0.999,0.0020000000000000018,0.0,0.0,1.0,0.0,0,0,1,1,1,0,0,1000,7,0.0,0.0,0.42857142857142855,0,7,1,4,1.0,1,0.023809523809523808,1,0.023809523809523808,0,0.0,0,0,0,customer_order_columns,injection,customer_order_columns_tiny_real,tiny,real
iceberg,nf_training,nf_033_tiny_real,custkey,bigint,1,1.0,0.0,0.0,0.0,1.0,0.0,0,0,0,1,1,0,0,1000,7,0.0,0.0,0.0,0,4,1,1,0.7142857142857143,2,0.047619047619047616,2,0.047619047619047616,0,0.0,2,0,3,customer_order_columns_control,control,customer_order_columns_tiny_real,tiny,real
iceberg,nf_training,nf_033_tiny_real,nationkey,bigint,2,0.025,0.0,0.0,0.0,1.0,0.0,0,0,0,1,1,0,0,1000,7,0.0,0.0,0.0,0,4,1,1,0.7142857142857143,2,0.047619047619047616,2,0.047619047619047616,0,0.0,2,0,3,customer_order_columns_control,control,customer_order_columns_tiny_real,tiny,real
iceberg,nf_training,nf_033_tiny_real,acctbal,double,3,0.999,0.0,0.0,0.0,1.0,0.0,0,0,0,1,1,2,0,1000,7,0.0,0.0,0.0,0,4,1,1,0.7142857142857143,2,0.047619047619047616,2,0.047619047619047616,0,0.0,2,0,3,customer_order_columns_control,control,customer_order_columns_tiny_real,tiny,real
iceberg,nf_training,nf_033_tiny_real,mktsegment,varchar,4,0.005,0.0,0.0,8.952,1.0,0.0,0,0,0,0,0,0,1,1000,7,0.0,0.0,0.0,0,4,1,1,0.7142857142857143,2,0.047619047619047616,2,0.047619047619047616,0,0.0,2,0,3,customer_order_columns_control,control,customer_order_columns_tiny_real,tiny,real
iceberg,nf_training,nf_033_tiny_real,first_orderkey,bigint,5,1.0,0.0,0.0,0.0,1.0,0.0,0,0,0,1,1,0,0,1000,7,0.0,0.0,0.0,0,4,1,1,0.7142857142857143,2,0.047619047619047616,2,0.047619047619047616,0,0.0,2,0,3,customer_order_columns_control,control,customer_order_columns_tiny_real,tiny,real
iceberg,nf_training,nf_033_tiny_real,child_count,bigint,6,0.002,0.0,0.0,0.0,1.0,0.0,0,0,0,0,0,0,1,1000,7,0.0,0.0,0.0,0,4,1,1,0.7142857142857143,2,0.047619047619047616,2,0.047619047619047616,0,0.0,2,0,3,customer_order_columns_control,control,customer_order_columns_tiny_real,tiny,real
iceberg,nf_training,nf_033_tiny_real,last_orderkey,bigint,7,1.0,0.0,0.0,0.0,1.0,0.0,0,0,0,1,1,0,0,1000,7,0.0,0.0,0.0,0,4,1,1,0.7142857142857143,2,0.047619047619047616,2,0.047619047619047616,0,0.0,2,0,3,customer_order_columns_control,control,customer_order_columns_tiny_real,tiny,real
iceberg,nf_training,nf_034_tiny_obf,xa,bigint,1,1.0,0.0,0.0,0.0,1.0,0.0,0,0,0,1,1,0,0,2000,7,0.0325,0.0,0.0,0,5,1,3,0.8571428571428571,0,0.0,0,0.0,0,0.0,0,0,3,orders_core,join,,tiny,obfuscated
iceberg,nf_training,nf_034_tiny_obf,xb,bigint,2,0.421,0.0,0.0,0.0,1.0,0.0,0,0,0,1,1,0,0,2000,7,0.0325,0.0,0.0,0,5,1,3,0.8571428571428571,0,0.0,0,0.0,0,0.0,0,0,3,orders_core,join,,tiny,obfuscated
iceberg,nf_training,nf_034_tiny_obf,xc,varchar,3,0.0015,0.0,0.0,1.0,1.0,0.0,0,0,0,0,0,0,0,2000,7,0.0325,0.0,0.0,0,5,1,3,0.8571428571428571,0,0.0,0,0.0,0,0.0,0,0,3,orders_core,join,,tiny,obfuscated
iceberg,nf_training,nf_034_tiny_obf,xd,date,4,0.689,0.0,0.0,0.0,1.0,0.0,0,0,0,1,1,0,0,2000,7,0.0325,0.0,0.0,0,5,1,3,0.8571428571428571,0,0.0,0,0.0,0,0.0,0,0,3,orders_core,join,,tiny,obfuscated
iceberg,nf_training,nf_034_tiny_obf,xe,varchar,5,0.0025,0.0,0.0,8.4595,1.0,0.0,0,0,0,1,1,0,0,2000,7,0.0325,0.0,0.0,0,5,1,3,0.8571428571428571,0,0.0,0,0.0,0,0.0,0,0,3,orders_core,join,,tiny,obfuscated
iceberg,nf_training,nf_034_tiny_obf,xf,varchar,6,0.432,0.0,0.0,15.0,1.0,0.0,0,0,0,1,1,0,0,2000,7,0.0325,0.0,0.0,0,5,1,3,0.8571428571428571,0,0.0,0,0.0,0,0.0,0,0,3,orders_core,join,,tiny,obfuscated
iceberg,nf_training,nf_034_tiny_obf,xg,varchar,7,1.0,0.0,0.0325,40.238793464599915,1.1935,0.004029151483602291,0,0,0,1,1,0,0,2000,7,0.0325,0.0,0.0,0,5,1,3,0.8571428571428571,0,0.0,0,0.0,0,0.0,0,0,3,orders_core,join,,tiny,obfuscated
iceberg,nf_training,nf_035_tiny_obf,xa,bigint,1,1.0,0.0,0.0,0.0,1.0,0.0,0,0,0,1,1,0,0,1500,4,0.0,0.0,0.0,0,2,1,1,0.75,1,0.08333333333333333,1,0.08333333333333333,0,0.0,1,0,3,customer_core,join,,tiny,obfuscated
iceberg,nf_training,nf_035_tiny_obf,xb,bigint,2,0.016666666666666666,0.0,0.0,0.0,1.0,0.0,0,0,0,1,1,0,0,1500,4,0.0,0.0,0.0,0,2,1,1,0.75,1,0.08333333333333333,1,0.08333333333333333,0,0.0,1,0,3,customer_core,join,,tiny,obfuscated
iceberg,nf_training,nf_035_tiny_obf,xc,double,3,0.9993333333333333,0.0,0.0,0.0,1.0,0.0,0,0,0,1,1,1,0,1500,4,0.0,0.0,0.0,0,2,1,1,0.75,1,0.08333333333333333,1,0.08333333333333333,0,0.0,1,0,3,customer_core,join,,tiny,obfuscated
iceberg,nf_training,nf_035_tiny_obf,xd,varchar,4,0.0033333333333333335,0.0,0.0,8.976666666666667,1.0,0.0,0,0,0,0,0,0,1,1500,4,0.0,0.0,0.0,0,2,1,1,0.75,1,0.08333333333333333,1,0.08333333333333333,0,0.0,1,0,3,customer_core,join,,tiny,obfuscated
iceberg,nf_training,nf_036_tiny_obf,xa,bigint,1,1.0,0.0,0.0,0.0,1.0,0.0,0,0,0,1,1,0,0,100,3,0.0,0.0,0.0,0,2,1,0,0.6666666666666666,0,0.0,0,0.0,0,0.0,0,0,3,supplier_core,join,,tiny,obfuscated
iceberg,nf_training,nf_036_tiny_obf,xb,bigint,2,0.25,0.0,0.0,0.0,1.0,0.0,0,0,0,0,0,0,0,100,3,0.0,0.0,0.0,0,2,1,0,0.6666666666666666,0,0.0,0,0.0,0,0.0,0,0,3,supplier_core,join,,tiny,obfuscated
iceberg,nf_training,nf_036_tiny_obf,xc,double,3,1.0,0.0,0.0,0.0,1.0,0.0,0,0,0,1,1,0,0,100,3,0.0,0.0,0.0,0,2,1,0,0.6666666666666666,0,0.0,0,0.0,0,0.0,0,0,3,supplier_core,join,,tiny,obfuscated
iceberg,nf_training,nf_037_tiny_obf,xa,bigint,1,1.0,0.0,0.0,0.0,1.0,0.0,0,0,0,1,1,0,0,2000,6,0.0,0.0,0.0,0,6,1,5,1.0,0,0.0,0,0.0,0,0.0,0,0,3,part_core,join,,tiny,obfuscated
iceberg,nf_training,nf_037_tiny_obf,xb,varchar,2,0.0125,0.0,0.0,8.0,1.0,0.0,0,0,0,1,1,0,0,2000,6,0.0,0.0,0.0,0,6,1,5,1.0,0,0.0,0,0.0,0,0.0,0,0,3,part_core,join,,tiny,obfuscated
iceberg,nf_training,nf_037_tiny_obf,xc,varchar,3,0.075,0.0,0.0,20.551,1.0,0.0,0,0,0,1,1,0,0,2000,6,0.0,0.0,0.0,0,6,1,5,1.0,0,0.0,0,0.0,0,0.0,0,0,3,part_core,join,,tiny,obfuscated
iceberg,nf_training,nf_037_tiny_obf,xd,integer,4,0.025,0.0,0.0,0.0,1.0,0.0,0,0,0,1,1,0,0,2000,6,0.0,0.0,0.0,0,6,1,5,1.0,0,0.0,0,0.0,0,0.0,0,0,3,part_core,join,,tiny,obfuscated
iceberg,nf_training,nf_037_tiny_obf,xe,varchar,5,0.02,0.0,0.0,7.6105,1.0,0.0,0,0,0,1,1,0,0,2000,6,0.0,0.0,0.0,0,6,1,5,1.0,0,0.0,0,0.0,0,0.0,0,0,3,part_core,join,,tiny,obfuscated
iceberg,nf_training,nf_037_tiny_obf,xf,double,6,0.5495,0.0,0.0,0.0,1.0,0.0,0,0,0,1,1,0,0,2000,6,0.0,0.0,0.0,0,6,1,5,1.0,0,0.0,0,0.0,0,0.0,0,0,3,part_core,join,,tiny,obfuscated
iceberg,nf_training,nf_038_tiny_obf,xa,bigint,1,1.0,0.0,0.0,0.0,1.0,0.0,0,0,0,1,1,0,0,25,3,0.0,0.0,0.0,0,2,1,0,0.6666666666666666,0,0.0,0,0.0,0,0.0,0,0,3,nation_core,join,,tiny,obfuscated
iceberg,nf_training,nf_038_tiny_obf,xb,varchar,2,1.0,0.0,0.0,7.08,1.0,0.0,0,0,0,1,1,0,0,25,3,0.0,0.0,0.0,0,2,1,0,0.6666666666666666,0,0.0,0,0.0,0,0.0,0,0,3,nation_core,join,,tiny,obfuscated
iceberg,nf_training,nf_038_tiny_obf,xc,bigint,3,0.2,0.0,0.0,0.0,1.0,0.0,0,0,0,0,0,0,0,25,3,0.0,0.0,0.0,0,2,1,0,0.6666666666666666,0,0.0,0,0.0,0,0.0,0,0,3,nation_core,join,,tiny,obfuscated
iceberg,nf_training,nf_039_tiny_obf,xa,bigint,1,0.2515,0.0,0.0,0.0,1.0,0.0,0,0,0,1,1,0,0,2000,11,0.0545,0.0,0.0,0,17,1,16,0.9090909090909091,1,0.00909090909090909,1,0.00909090909090909,0,0.0,0,0,3,lineitem_core,join,,tiny,obfuscated
iceberg,nf_training,nf_039_tiny_obf,xb,integer,2,0.0035,0.0,0.0,0.0,1.0,0.0,0,0,0,1,1,0,0,2000,11,0.0545,0.0,0.0,0,17,1,16,0.9090909090909091,1,0.00909090909090909,1,0.00909090909090909,0,0.0,0,0,3,lineitem_core,join,,tiny,obfuscated
iceberg,nf_training,nf_039_tiny_obf,xc,bigint,3,0.633,0.0,0.0,0.0,1.0,0.0,0,0,0,1,1,0,0,2000,11,0.0545,0.0,0.0,0,17,1,16,0.9090909090909091,1,0.00909090909090909,1,0.00909090909090909,0,0.0,0,0,3,lineitem_core,join,,tiny,obfuscated
iceberg,nf_training,nf_039_tiny_obf,xd,bigint,4,0.05,0.0,0.0,0.0,1.0,0.0,0,0,0,1,1,0,0,2000,11,0.0545,0.0,0.0,0,17,1,16,0.9090909090909091,1,0.00909090909090909,1,0.00909090909090909,0,0.0,0,0,3,lineitem_core,join,,tiny,obfuscated
iceberg,nf_training,nf_039_tiny_obf,xe,double,5,0.025,0.0,0.0,0.0,1.0,0.0,0,0,0,1,1,0,1,2000,11,0.0545,0.0,0.0,0,17,1,16,0.9090909090909091,1,0.00909090909090909,1,0.00909090909090909,0,0.0,0,0,3,lineitem_core,join,,tiny,obfuscated
iceberg,nf_training,nf_039_tiny_obf,xf,double,6,0.984,0.0,0.0,0.0,1.0,0.0,0,0,0,1,1,1,0,2000,11,0.0545,0.0,0.0,0,17,1,16,0.9090909090909091,1,0.00909090909090909,1,0.00909090909090909,0,0.0,0,0,3,lineitem_core,join,,tiny,obfuscated
iceberg,nf_training,nf_039_tiny_obf,xg,double,7,0.0055,0.0,0.0,0.0,1.0,0.0,0,0,0,1,1,0,0,2000,11,0.0545,0.0,0.0,0,17,1,16,0.9090909090909091,1,0.00909090909090909,1,0.00909090909090909,0,0.0,0,0,3,lineitem_core,join,,tiny,obfuscated
iceberg,nf_training,nf_039_tiny_obf,xh,varchar,8,0.0015,0.0,0.0,1.0,1.0,0.0,0,0,0,0,0,0,0,2000,11,0.0545,0.0,0.0,0,17,1,16,0.9090909090909091,1,0.00909090909090909,1,0.00909090909090909,0,0.0,0,0,3,lineitem_core,join,,tiny,obfuscated
iceberg,nf_training,nf_039_tiny_obf,xi,date,9,0.683,0.0,0.0,0.0,1.0,0.0,0,0,0,1,1,0,0,2000,11,0.0545,0.0,0.0,0,17,1,16,0.9090909090909091,1,0.00909090909090909,1,0.00909090909090909,0,0.0,0,0,3,lineitem_core,join,,tiny,obfuscated
iceberg,nf_training,nf_039_tiny_obf,xj,varchar,10,0.0035,0.0,0.0,4.296,1.0,0.0,0,0,0,1,1,0,0,2000,11,0.0545,0.0,0.0,0,17,1,16,0.9090909090909091,1,0.00909090909090909,1,0.00909090909090909,0,0.0,0,0,3,lineitem_core,join,,tiny,obfuscated
iceberg,nf_training,nf_039_tiny_obf,xk,varchar,11,1.0,0.0,0.0545,24.275877587758778,1.111,0.004115607793700525,0,0,0,1,1,0,0,2000,11,0.0545,0.0,0.0,0,17,1,16,0.9090909090909091,1,0.00909090909090909,1,0.00909090909090909,0,0.0,0,0,3,lineitem_core,join,,tiny,obfuscated
iceberg,nf_training,nf_040_tiny_obf,xa,bigint,1,0.25,0.0,0.0,0.0,1.0,0.0,0,0,0,1,1,0,0,2000,4,0.0,0.0,0.0,0,4,2,4,1.0,0,0.0,0,0.0,0,0.0,0,0,3,partsupp_core,join,,tiny,obfuscated
iceberg,nf_training,nf_040_tiny_obf,xb,bigint,2,0.05,0.0,0.0,0.0,1.0,0.0,0,0,0,1,1,0,0,2000,4,0.0,0.0,0.0,0,4,2,4,1.0,0,0.0,0,0.0,0,0.0,0,0,3,partsupp_core,join,,tiny,obfuscated
iceberg,nf_training,nf_040_tiny_obf,xc,integer,3,0.9085,0.0,0.0,0.0,1.0,0.0,0,0,0,1,1,0,0,2000,4,0.0,0.0,0.0,0,4,2,4,1.0,0,0.0,0,0.0,0,0.0,0,0,3,partsupp_core,join,,tiny,obfuscated
iceberg,nf_training,nf_040_tiny_obf,xd,double,4,0.99,0.0,0.0,0.0,1.0,0.0,0,0,0,1,1,0,0,2000,4,0.0,0.0,0.0,0,4,2,4,1.0,0,0.0,0,0.0,0,0.0,0,0,3,partsupp_core,join,,tiny,obfuscated
iceberg,nf_training,nf_041_tiny_obf,xa,bigint,1,1.0,0.0,0.0,0.0,1.0,0.0,0,0,0,1,1,0,0,2000,10,0.0325,0.0,0.0,0,9,1,7,0.9,6,0.06666666666666667,6,0.06666666666666667,0,0.0,0,0,2,orders_customer,join,,tiny,obfuscated
iceberg,nf_training,nf_041_tiny_obf,xb,bigint,2,0.421,0.0,0.0,0.0,1.0,0.0,0,0,0,1,1,3,1,2000,10,0.0325,0.0,0.0,0,9,1,7,0.9,6,0.06666666666666667,6,0.06666666666666667,0,0.0,0,0,2,orders_customer,join,,tiny,obfuscated
iceberg,nf_training,nf_041_tiny_obf,xc,varchar,3,0.0015,0.0,0.0,1.0,1.0,0.0,0,0,0,0,0,0,0,2000,10,0.0325,0.0,0.0,0,9,1,7,0.9,6,0.06666666666666667,6,0.06666666666666667,0,0.0,0,0,2,orders_customer,join,,tiny,obfuscated
iceberg,nf_training,nf_041_tiny_obf,xd,date,4,0.689,0.0,0.0,0.0,1.0,0.0,0,0,0,1,1,0,0,2000,10,0.0325,0.0,0.0,0,9,1,7,0.9,6,0.06666666666666667,6,0.06666666666666667,0,0.0,0,0,2,orders_customer,join,,tiny,obfuscated
iceberg,nf_training,nf_041_tiny_obf,xe,varchar,5,0.0025,0.0,0.0,8.4595,1.0,0.0,0,0,0,1,1,0,0,2000,10,0.0325,0.0,0.0,0,9,1,7,0.9,6,0.06666666666666667,6,0.06666666666666667,0,0.0,0,0,2,orders_customer,join,,tiny,obfuscated
iceberg,nf_training,nf_041_tiny_obf,xf,varchar,6,0.432,0.0,0.0,15.0,1.0,0.0,0,0,0,1,1,0,0,2000,10,0.0325,0.0,0.0,0,9,1,7,0.9,6,0.06666666666666667,6,0.06666666666666667,0,0.0,0,0,2,orders_customer,join,,tiny,obfuscated
iceberg,nf_training,nf_041_tiny_obf,xg,bigint,7,0.0125,0.0,0.0,0.0,1.0,0.0,0,0,0,1,1,0,2,2000,10,0.0325,0.0,0.0,0,9,1,7,0.9,6,0.06666666666666667,6,0.06666666666666667,0,0.0,0,0,2,orders_customer,join,,tiny,obfuscated
iceberg,nf_training,nf_041_tiny_obf,xh,double,8,0.421,0.0,0.0,0.0,1.0,0.0,0,0,0,1,1,3,1,2000,10,0.0325,0.0,0.0,0,9,1,7,0.9,6,0.06666666666666667,6,0.06666666666666667,0,0.0,0,0,2,orders_customer,join,,tiny,obfuscated
iceberg,nf_training,nf_041_tiny_obf,xi,varchar,9,0.0025,0.0,0.0,8.9375,1.0,0.0,0,0,0,1,1,0,2,2000,10,0.0325,0.0,0.0,0,9,1,7,0.9,6,0.06666666666666667,6,0.06666666666666667,0,0.0,0,0,2,orders_customer,join,,tiny,obfuscated
iceberg,nf_training,nf_041_tiny_obf,xj,varchar,10,1.0,0.0,0.0325,40.238793464599915,1.1935,0.004029151483602291,0,0,0,1,1,0,0,2000,10,0.0325,0.0,0.0,0,9,1,7,0.9,6,0.06666666666666667,6,0.06666666666666667,0,0.0,0,0,2,orders_customer,join,,tiny,obfuscated
iceberg,nf_training,nf_042_tiny_obf,xa,bigint,1,1.0,0.0,0.0,0.0,1.0,0.0,0,0,0,1,1,0,0,2000,11,0.0,0.0,0.0,0,9,1,8,0.8181818181818182,14,0.12727272727272726,14,0.12727272727272726,0,0.0,4,0,2,orders_customer_nation,join,,tiny,obfuscated
iceberg,nf_training,nf_042_tiny_obf,xb,bigint,2,0.421,0.0,0.0,0.0,1.0,0.0,0,0,0,1,1,5,1,2000,11,0.0,0.0,0.0,0,9,1,8,0.8181818181818182,14,0.12727272727272726,14,0.12727272727272726,0,0.0,4,0,2,orders_customer_nation,join,,tiny,obfuscated
iceberg,nf_training,nf_042_tiny_obf,xc,varchar,3,0.0015,0.0,0.0,1.0,1.0,0.0,0,0,0,0,0,0,0,2000,11,0.0,0.0,0.0,0,9,1,8,0.8181818181818182,14,0.12727272727272726,14,0.12727272727272726,0,0.0,4,0,2,orders_customer_nation,join,,tiny,obfuscated
iceberg,nf_training,nf_042_tiny_obf,xd,date,4,0.689,0.0,0.0,0.0,1.0,0.0,0,0,0,1,1,0,0,2000,11,0.0,0.0,0.0,0,9,1,8,0.8181818181818182,14,0.12727272727272726,14,0.12727272727272726,0,0.0,4,0,2,orders_customer_nation,join,,tiny,obfuscated
iceberg,nf_training,nf_042_tiny_obf,xe,varchar,5,0.0025,0.0,0.0,8.4595,1.0,0.0,0,0,0,1,1,0,0,2000,11,0.0,0.0,0.0,0,9,1,8,0.8181818181818182,14,0.12727272727272726,14,0.12727272727272726,0,0.0,4,0,2,orders_customer_nation,join,,tiny,obfuscated
iceberg,nf_training,nf_042_tiny_obf,xf,varchar,6,0.432,0.0,0.0,15.0,1.0,0.0,0,0,0,1,1,0,0,2000,11,0.0,0.0,0.0,0,9,1,8,0.8181818181818182,14,0.12727272727272726,14,0.12727272727272726,0,0.0,4,0,2,orders_customer_nation,join,,tiny,obfuscated
iceberg,nf_training,nf_042_tiny_obf,xg,bigint,7,0.0125,0.0,0.0,0.0,1.0,0.0,0,0,0,1,1,2,3,2000,11,0.0,0.0,0.0,0,9,1,8,0.8181818181818182,14,0.12727272727272726,14,0.12727272727272726,0,0.0,4,0,2,orders_customer_nation,join,,tiny,obfuscated
iceberg,nf_training,nf_042_tiny_obf,xh,double,8,0.421,0.0,0.0,0.0,1.0,0.0,0,0,0,1,1,5,1,2000,11,0.0,0.0,0.0,0,9,1,8,0.8181818181818182,14,0.12727272727272726,14,0.12727272727272726,0,0.0,4,0,2,orders_customer_nation,join,,tiny,obfuscated
iceberg,nf_training,nf_042_tiny_obf,xi,varchar,9,0.0025,0.0,0.0,8.9375,1.0,0.0,0,0,0,1,1,0,2,2000,11,0.0,0.0,0.0,0,9,1,8,0.8181818181818182,14,0.12727272727272726,14,0.12727272727272726,0,0.0,4,0,2,orders_customer_nation,join,,tiny,obfuscated
iceberg,nf_training,nf_042_tiny_obf,xj,varchar,10,0.0125,0.0,0.0,7.0215,1.0,0.0,0,0,0,1,1,2,3,2000,11,0.0,0.0,0.0,0,9,1,8,0.8181818181818182,14,0.12727272727272726,14,0.12727272727272726,0,0.0,4,0,2,orders_customer_nation,join,,tiny,obfuscated
iceberg,nf_training,nf_042_tiny_obf,xk,bigint,11,0.0025,0.0,0.0,0.0,1.0,0.0,0,0,0,0,0,0,4,2000,11,0.0,0.0,0.0,0,9,1,8,0.8181818181818182,14,0.12727272727272726,14,0.12727272727272726,0,0.0,4,0,2,orders_customer_nation,join,,tiny,obfuscated
iceberg,nf_training,nf_043_tiny_obf,xa,bigint,1,1.0,0.0,0.0,0.0,1.0,0.0,0,0,0,1,1,0,0,2000,12,0.0,0.0,0.0,0,9,1,8,0.75,20,0.15151515151515152,18,0.13636363636363635,2,0.015151515151515152,8,2,2,orders_customer_nation_region,join,,tiny,obfuscated
iceberg,nf_training,nf_043_tiny_obf,xb,bigint,2,0.421,0.0,0.0,0.0,1.0,0.0,0,0,0,1,1,6,1,2000,12,0.0,0.0,0.0,0,9,1,8,0.75,20,0.15151515151515152,18,0.13636363636363635,2,0.015151515151515152,8,2,2,orders_customer_nation_region,join,,tiny,obfuscated
iceberg,nf_training,nf_043_tiny_obf,xc,varchar,3,0.0015,0.0,0.0,1.0,1.0,0.0,0,0,0,0,0,0,0,2000,12,0.0,0.0,0.0,0,9,1,8,0.75,20,0.15151515151515152,18,0.13636363636363635,2,0.015151515151515152,8,2,2,orders_customer_nation_region,join,,tiny,obfuscated
iceberg,nf_training,nf_043_tiny_obf,xd,date,4,0.689,0.0,0.0,0.0,1.0,0.0,0,0,0,1,1,0,0,2000,12,0.0,0.0,0.0,0,9,1,8,0.75,20,0.15151515151515152,18,0.13636363636363635,2,0.015151515151515152,8,2,2,orders_customer_nation_region,join,,tiny,obfuscated
iceberg,nf_training,nf_043_tiny_obf,xe,varchar,5,0.0025,0.0,0.0,8.4595,1.0,0.0,0,0,0,1,1,0,0,2000,12,0.0,0.0,0.0,0,9,1,8,0.75,20,0.15151515151515152,18,0.13636363636363635,2,0.015151515151515152,8,2,2,orders_customer_nation_region,join,,tiny,obfuscated
iceberg,nf_training,nf_043_tiny_obf,xf,varchar,6,0.432,0.0,0.0,15.0,1.0,0.0,0,0,0,1,1,0,0,2000,12,0.0,0.0,0.0,0,9,1,8,0.75,20,0.15151515151515152,18,0.13636363636363635,2,0.015151515151515152,8,2,2,orders_customer_nation_region,join,,tiny,obfuscated
iceberg,nf_training,nf_043_tiny_obf,xg,bigint,7,0.0125,0.0,0.0,0.0,1.0,0.0,0,0,0,1,1,3,3,2000,12,0.0,0.0,0.0,0,9,1,8,0.75,20,0.15151515151515152,18,0.13636363636363635,2,0.015151515151515152,8,2,2,orders_customer_nation_region,join,,tiny,obfuscated
iceberg,nf_training,nf_043_tiny_obf,xh,double,8,0.421,0.0,0.0,0.0,1.0,0.0,0,0,0,1,1,6,1,2000,12,0.0,0.0,0.0,0,9,1,8,0.75,20,0.15151515151515152,18,0.13636363636363635,2,0.015151515151515152,8,2,2,orders_customer_nation_region,join,,tiny,obfuscated
iceberg,nf_training,nf_043_tiny_obf,xi,varchar,9,0.0025,0.0,0.0,8.9375,1.0,0.0,0,0,0,1,1,0,2,2000,12,0.0,0.0,0.0,0,9,1,8,0.75,20,0.15151515151515152,18,0.13636363636363635,2,0.015151515151515152,8,2,2,orders_customer_nation_region,join,,tiny,obfuscated
iceberg,nf_training,nf_043_tiny_obf,xj,varchar,10,0.0125,0.0,0.0,7.0215,1.0,0.0,0,0,0,1,1,3,3,2000,12,0.0,0.0,0.0,0,9,1,8,0.75,20,0.15151515151515152,18,0.13636363636363635,2,0.015151515151515152,8,2,2,orders_customer_nation_region,join,,tiny,obfuscated
iceberg,nf_training,nf_043_tiny_obf,xk,bigint,11,0.0025,0.0,0.0,0.0,1.0,0.0,0,0,0,0,0,1,5,2000,12,0.0,0.0,0.0,0,9,1,8,0.75,20,0.15151515151515152,18,0.13636363636363635,2,0.015151515151515152,8,2,2,orders_customer_nation_region,join,,tiny,obfuscated
iceberg,nf_training,nf_043_tiny_obf,xl,varchar,12,0.0025,0.0,0.0,6.8355,1.0,0.0,0,0,0,0,0,1,5,2000,12,0.0,0.0,0.0,0,9,1,8,0.75,20,0.15151515151515152,18,0.13636363636363635,2,0.015151515151515152,8,2,2,orders_customer_nation_region,join,,tiny,obfuscated
iceberg,nf_training,nf_044_tiny_obf,xa,bigint,1,1.0,0.0,0.0,0.0,1.0,0.0,0,0,0,1,1,0,0,1500,6,0.0,0.0,0.0,0,4,1,3,0.8333333333333334,5,0.16666666666666666,5,0.16666666666666666,0,0.0,1,0,2,customer_nation,join,,tiny,obfuscated
iceberg,nf_training,nf_044_tiny_obf,xb,bigint,2,0.016666666666666666,0.0,0.0,0.0,1.0,0.0,0,0,0,1,1,2,1,1500,6,0.0,0.0,0.0,0,4,1,3,0.8333333333333334,5,0.16666666666666666,5,0.16666666666666666,0,0.0,1,0,2,customer_nation,join,,tiny,obfuscated
iceberg,nf_training,nf_044_tiny_obf,xc,double,3,0.9993333333333333,0.0,0.0,0.0,1.0,0.0,0,0,0,1,1,1,0,1500,6,0.0,0.0,0.0,0,4,1,3,0.8333333333333334,5,0.16666666666666666,5,0.16666666666666666,0,0.0,1,0,2,customer_nation,join,,tiny,obfuscated
iceberg,nf_training,nf_044_tiny_obf,xd,varchar,4,0.0033333333333333335,0.0,0.0,8.976666666666667,1.0,0.0,0,0,0,0,0,0,1,1500,6,0.0,0.0,0.0,0,4,1,3,0.8333333333333334,5,0.16666666666666666,5,0.16666666666666666,0,0.0,1,0,2,customer_nation,join,,tiny,obfuscated
iceberg,nf_training,nf_044_tiny_obf,xe,varchar,5,0.016666666666666666,0.0,0.0,7.041333333333333,1.0,0.0,0,0,0,1,1,2,1,1500,6,0.0,0.0,0.0,0,4,1,3,0.8333333333333334,5,0.16666666666666666,5,0.16666666666666666,0,0.0,1,0,2,customer_nation,join,,tiny,obfuscated
iceberg,nf_training,nf_044_tiny_obf,xf,bigint,6,0.0033333333333333335,0.0,0.0,0.0,1.0,0.0,0,0,0,1,1,0,2,1500,6,0.0,0.0,0.0,0,4,1,3,0.8333333333333334,5,0.16666666666666666,5,0.16666666666666666,0,0.0,1,0,2,customer_nation,join,,tiny,obfuscated
iceberg,nf_training,nf_045_tiny_obf,xa,bigint,1,1.0,0.0,0.0,0.0,1.0,0.0,0,0,0,1,1,0,0,100,5,0.0,0.0,0.0,0,2,1,0,0.4,4,0.2,0,0.0,4,0.2,0,4,2,supplier_nation,join,,tiny,obfuscated
iceberg,nf_training,nf_045_tiny_obf,xb,bigint,2,0.25,0.0,0.0,0.0,1.0,0.0,0,0,0,0,0,2,1,100,5,0.0,0.0,0.0,0,2,1,0,0.4,4,0.2,0,0.0,4,0.2,0,4,2,supplier_nation,join,,tiny,obfuscated
iceberg,nf_training,nf_045_tiny_obf,xc,double,3,1.0,0.0,0.0,0.0,1.0,0.0,0,0,0,1,1,0,0,100,5,0.0,0.0,0.0,0,2,1,0,0.4,4,0.2,0,0.0,4,0.2,0,4,2,supplier_nation,join,,tiny,obfuscated
iceberg,nf_training,nf_045_tiny_obf,xd,varchar,4,0.25,0.0,0.0,7.21,1.0,0.0,0,0,0,0,0,2,1,100,5,0.0,0.0,0.0,0,2,1,0,0.4,4,0.2,0,0.0,4,0.2,0,4,2,supplier_nation,join,,tiny,obfuscated
iceberg,nf_training,nf_045_tiny_obf,xe,bigint,5,0.05,0.0,0.0,0.0,1.0,0.0,0,0,0,0,0,0,2,100,5,0.0,0.0,0.0,0,2,1,0,0.4,4,0.2,0,0.0,4,0.2,0,4,2,supplier_nation,join,,tiny,obfuscated
iceberg,nf_training,nf_046_tiny_obf,xa,bigint,1,1.0,0.0,0.0,0.0,1.0,0.0,0,0,0,1,1,0,0,2000,7,0.0,0.0,0.0,0,6,1,5,0.8571428571428571,1,0.023809523809523808,1,0.023809523809523808,0,0.0,1,0,2,part_with_mfgr,join,,tiny,obfuscated
iceberg,nf_training,nf_046_tiny_obf,xb,varchar,2,0.0025,0.0,0.0,14.0,1.0,0.0,0,0,0,0,0,0,1,2000,7,0.0,0.0,0.0,0,6,1,5,0.8571428571428571,1,0.023809523809523808,1,0.023809523809523808,0,0.0,1,0,2,part_with_mfgr,join,,tiny,obfuscated
iceberg,nf_training,nf_046_tiny_obf,xc,varchar,3,0.0125,0.0,0.0,8.0,1.0,0.0,0,0,0,1,1,1,0,2000,7,0.0,0.0,0.0,0,6,1,5,0.8571428571428571,1,0.023809523809523808,1,0.023809523809523808,0,0.0,1,0,2,part_with_mfgr,join,,tiny,obfuscated
iceberg,nf_training,nf_046_tiny_obf,xd,varchar,4,0.075,0.0,0.0,20.551,1.0,0.0,0,0,0,1,1,0,0,2000,7,0.0,0.0,0.0,0,6,1,5,0.8571428571428571,1,0.023809523809523808,1,0.023809523809523808,0,0.0,1,0,2,part_with_mfgr,join,,tiny,obfuscated
iceberg,nf_training,nf_046_tiny_obf,xe,integer,5,0.025,0.0,0.0,0.0,1.0,0.0,0,0,0,1,1,0,0,2000,7,0.0,0.0,0.0,0,6,1,5,0.8571428571428571,1,0.023809523809523808,1,0.023809523809523808,0,0.0,1,0,2,part_with_mfgr,join,,tiny,obfuscated
iceberg,nf_training,nf_046_tiny_obf,xf,varchar,6,0.02,0.0,0.0,7.6105,1.0,0.0,0,0,0,1,1,0,0,2000,7,0.0,0.0,0.0,0,6,1,5,0.8571428571428571,1,0.023809523809523808,1,0.023809523809523808,0,0.0,1,0,2,part_with_mfgr,join,,tiny,obfuscated
iceberg,nf_training,nf_046_tiny_obf,xg,double,7,0.5495,0.0,0.0,0.0,1.0,0.0,0,0,0,1,1,0,0,2000,7,0.0,0.0,0.0,0,6,1,5,0.8571428571428571,1,0.023809523809523808,1,0.023809523809523808,0,0.0,1,0,2,part_with_mfgr,join,,tiny,obfuscated
iceberg,nf_training,nf_047_tiny_obf,xa,bigint,1,0.2515,0.0,0.0,0.0,1.0,0.0,0,0,0,1,1,0,0,2000,12,0.0545,0.0,0.0,0,17,1,16,0.8333333333333334,2,0.015151515151515152,2,0.015151515151515152,0,0.0,1,0,2,lineitem_with_status,join,,tiny,obfuscated
iceberg,nf_training,nf_047_tiny_obf,xb,integer,2,0.0035,0.0,0.0,0.0,1.0,0.0,0,0,0,1,1,0,0,2000,12,0.0545,0.0,0.0,0,17,1,16,0.8333333333333334,2,0.015151515151515152,2,0.015151515151515152,0,0.0,1,0,2,lineitem_with_status,join,,tiny,obfuscated
iceberg,nf_training,nf_047_tiny_obf,xc,bigint,3,0.633,0.0,0.0,0.0,1.0,0.0,0,0,0,1,1,0,0,2000,12,0.0545,0.0,0.0,0,17,1,16,0.8333333333333334,2,0.015151515151515152,2,0.015151515151515152,0,0.0,1,0,2,lineitem_with_status,join,,tiny,obfuscated
iceberg,nf_training,nf_047_tiny_obf,xd,bigint,4,0.05,0.0,0.0,0.0,1.0,0.0,0,0,0,1,1,0,0,2000,12,0.0545,0.0,0.0,0,17,1,16,0.8333333333333334,2,0.015151515151515152,2,0.015151515151515152,0,0.0,1,0,2,lineitem_with_status,join,,tiny,obfuscated
iceberg,nf_training,nf_047_tiny_obf,xe,double,5,0.025,0.0,0.0,0.0,1.0,0.0,0,0,0,1,1,0,1,2000,12,0.0545,0.0,0.0,0,17,1,16,0.8333333333333334,2,0.015151515151515152,2,0.015151515151515152,0,0.0,1,0,2,lineitem_with_status,join,,tiny,obfuscated
iceberg,nf_training,nf_047_tiny_obf,xf,double,6,0.984,0.0,0.0,0.0,1.0,0.0,0,0,0,1,1,1,0,2000,12,0.0545,0.0,0.0,0,17,1,16,0.8333333333333334,2,0.015151515151515152,2,0.015151515151515152,0,0.0,1,0,2,lineitem_with_status,join,,tiny,obfuscated
iceberg,nf_training,nf_047_tiny_obf,xg,double,7,0.0055,0.0,0.0,0.0,1.0,0.0,0,0,0,1,1,0,0,2000,12,0.0545,0.0,0.0,0,17,1,16,0.8333333333333334,2,0.015151515151515152,2,0.015151515151515152,0,0.0,1,0,2,lineitem_with_status,join,,tiny,obfuscated
iceberg,nf_training,nf_047_tiny_obf,xh,varchar,8,0.0015,0.0,0.0,1.0,1.0,0.0,0,0,0,0,0,0,0,2000,12,0.0545,0.0,0.0,0,17,1,16,0.8333333333333334,2,0.015151515151515152,2,0.015151515151515152,0,0.0,1,0,2,lineitem_with_status,join,,tiny,obfuscated
iceberg,nf_training,nf_047_tiny_obf,xi,varchar,9,0.001,0.0,0.0,1.0,1.0,0.0,0,0,0,0,0,0,1,2000,12,0.0545,0.0,0.0,0,17,1,16,0.8333333333333334,2,0.015151515151515152,2,0.015151515151515152,0,0.0,1,0,2,lineitem_with_status,join,,tiny,obfuscated
iceberg,nf_training,nf_047_tiny_obf,xj,date,10,0.683,0.0,0.0,0.0,1.0,0.0,0,0,0,1,1,1,0,2000,12,0.0545,0.0,0.0,0,17,1,16,0.8333333333333334,2,0.015151515151515152,2,0.015151515151515152,0,0.0,1,0,2,lineitem_with_status,join,,tiny,obfuscated
iceberg,nf_training,nf_047_tiny_obf,xk,varchar,11,0.0035,0.0,0.0,4.296,1.0,0.0,0,0,0,1,1,0,0,2000,12,0.0545,0.0,0.0,0,17,1,16,0.8333333333333334,2,0.015151515151515152,2,0.015151515151515152,0,0.0,1,0,2,lineitem_with_status,join,,tiny,obfuscated
iceberg,nf_training,nf_047_tiny_obf,xl,varchar,12,1.0,0.0,0.0545,24.275877587758778,1.111,0.004115607793700525,0,0,0,1,1,0,0,2000,12,0.0545,0.0,0.0,0,17,1,16,0.8333333333333334,2,0.015151515151515152,2,0.015151515151515152,0,0.0,1,0,2,lineitem_with_status,join,,tiny,obfuscated
iceberg,nf_training,nf_048_tiny_obf,xa,bigint,1,0.2515,0.0,0.0,0.0,1.0,0.0,0,0,0,1,1,0,0,2000,16,0.0,0.0,0.0,0,29,2,29,0.8125,9,0.0375,9,0.0375,0,0.0,3,0,2,lineitem_part,join,,tiny,obfuscated
iceberg,nf_training,nf_048_tiny_obf,xb,integer,2,0.0035,0.0,0.0,0.0,1.0,0.0,0,0,0,1,1,0,0,2000,16,0.0,0.0,0.0,0,29,2,29,0.8125,9,0.0375,9,0.0375,0,0.0,3,0,2,lineitem_part,join,,tiny,obfuscated
iceberg,nf_training,nf_048_tiny_obf,xc,bigint,3,0.633,0.0,0.0,0.0,1.0,0.0,0,0,0,1,1,6,0,2000,16,0.0,0.0,0.0,0,29,2,29,0.8125,9,0.0375,9,0.0375,0,0.0,3,0,2,lineitem_part,join,,tiny,obfuscated
iceberg,nf_training,nf_048_tiny_obf,xd,bigint,4,0.05,0.0,0.0,0.0,1.0,0.0,0,0,0,1,1,0,0,2000,16,0.0,0.0,0.0,0,29,2,29,0.8125,9,0.0375,9,0.0375,0,0.0,3,0,2,lineitem_part,join,,tiny,obfuscated
iceberg,nf_training,nf_048_tiny_obf,xe,double,5,0.025,0.0,0.0,0.0,1.0,0.0,0,0,0,1,1,0,1,2000,16,0.0,0.0,0.0,0,29,2,29,0.8125,9,0.0375,9,0.0375,0,0.0,3,0,2,lineitem_part,join,,tiny,obfuscated
iceberg,nf_training,nf_048_tiny_obf,xf,double,6,0.984,0.0,0.0,0.0,1.0,0.0,0,0,0,1,1,2,0,2000,16,0.0,0.0,0.0,0,29,2,29,0.8125,9,0.0375,9,0.0375,0,0.0,3,0,2,lineitem_part,join,,tiny,obfuscated
iceberg,nf_training,nf_048_tiny_obf,xg,double,7,0.0055,0.0,0.0,0.0,1.0,0.0,0,0,0,1,1,0,0,2000,16,0.0,0.0,0.0,0,29,2,29,0.8125,9,0.0375,9,0.0375,0,0.0,3,0,2,lineitem_part,join,,tiny,obfuscated
iceberg,nf_training,nf_048_tiny_obf,xh,varchar,8,0.0015,0.0,0.0,1.0,1.0,0.0,0,0,0,0,0,0,0,2000,16,0.0,0.0,0.0,0,29,2,29,0.8125,9,0.0375,9,0.0375,0,0.0,3,0,2,lineitem_part,join,,tiny,obfuscated
iceberg,nf_training,nf_048_tiny_obf,xi,date,9,0.683,0.0,0.0,0.0,1.0,0.0,0,0,0,1,1,0,0,2000,16,0.0,0.0,0.0,0,29,2,29,0.8125,9,0.0375,9,0.0375,0,0.0,3,0,2,lineitem_part,join,,tiny,obfuscated
iceberg,nf_training,nf_048_tiny_obf,xj,varchar,10,0.0035,0.0,0.0,4.296,1.0,0.0,0,0,0,1,1,0,0,2000,16,0.0,0.0,0.0,0,29,2,29,0.8125,9,0.0375,9,0.0375,0,0.0,3,0,2,lineitem_part,join,,tiny,obfuscated
iceberg,nf_training,nf_048_tiny_obf,xk,varchar,11,0.0025,0.0,0.0,14.0,1.0,0.0,0,0,0,0,0,0,2,2000,16,0.0,0.0,0.0,0,29,2,29,0.8125,9,0.0375,9,0.0375,0,0.0,3,0,2,lineitem_part,join,,tiny,obfuscated
iceberg,nf_training,nf_048_tiny_obf,xl,varchar,12,0.0125,0.0,0.0,8.0,1.0,0.0,0,0,0,1,1,1,1,2000,16,0.0,0.0,0.0,0,29,2,29,0.8125,9,0.0375,9,0.0375,0,0.0,3,0,2,lineitem_part,join,,tiny,obfuscated
iceberg,nf_training,nf_048_tiny_obf,xm,varchar,13,0.075,0.0,0.0,20.525,1.0,0.0,0,0,0,1,1,0,1,2000,16,0.0,0.0,0.0,0,29,2,29,0.8125,9,0.0375,9,0.0375,0,0.0,3,0,2,lineitem_part,join,,tiny,obfuscated
iceberg,nf_training,nf_048_tiny_obf,xn,integer,14,0.025,0.0,0.0,0.0,1.0,0.0,0,0,0,1,1,0,1,2000,16,0.0,0.0,0.0,0,29,2,29,0.8125,9,0.0375,9,0.0375,0,0.0,3,0,2,lineitem_part,join,,tiny,obfuscated
iceberg,nf_training,nf_048_tiny_obf,xo,varchar,15,0.02,0.0,0.0,7.608,1.0,0.0,0,0,0,0,0,0,1,2000,16,0.0,0.0,0.0,0,29,2,29,0.8125,9,0.0375,9,0.0375,0,0.0,3,0,2,lineitem_part,join,,tiny,obfuscated
iceberg,nf_training,nf_048_tiny_obf,xp,double,16,0.4525,0.0,0.0,0.0,1.0,0.0,0,0,0,1,1,0,2,2000,16,0.0,0.0,0.0,0,29,2,29,0.8125,9,0.0375,9,0.0375,0,0.0,3,0,2,lineitem_part,join,,tiny,obfuscated
iceberg,nf_training,nf_049_tiny_obf,xa,bigint,1,0.2515,0.0,0.0,0.0,1.0,0.0,0,0,0,1,1,0,0,2000,14,0.0,0.0,0.0,0,21,2,21,0.8571428571428571,13,0.07142857142857142,13,0.07142857142857142,0,0.0,4,0,2,lineitem_supplier_nation,join,,tiny,obfuscated
iceberg,nf_training,nf_049_tiny_obf,xb,integer,2,0.0035,0.0,0.0,0.0,1.0,0.0,0,0,0,1,1,0,0,2000,14,0.0,0.0,0.0,0,21,2,21,0.8571428571428571,13,0.07142857142857142,13,0.07142857142857142,0,0.0,4,0,2,lineitem_supplier_nation,join,,tiny,obfuscated
iceberg,nf_training,nf_049_tiny_obf,xc,bigint,3,0.633,0.0,0.0,0.0,1.0,0.0,0,0,0,1,1,0,0,2000,14,0.0,0.0,0.0,0,21,2,21,0.8571428571428571,13,0.07142857142857142,13,0.07142857142857142,0,0.0,4,0,2,lineitem_supplier_nation,join,,tiny,obfuscated
iceberg,nf_training,nf_049_tiny_obf,xd,bigint,4,0.05,0.0,0.0,0.0,1.0,0.0,0,0,0,1,1,4,1,2000,14,0.0,0.0,0.0,0,21,2,21,0.8571428571428571,13,0.07142857142857142,13,0.07142857142857142,0,0.0,4,0,2,lineitem_supplier_nation,join,,tiny,obfuscated
iceberg,nf_training,nf_049_tiny_obf,xe,double,5,0.025,0.0,0.0,0.0,1.0,0.0,0,0,0,1,1,0,1,2000,14,0.0,0.0,0.0,0,21,2,21,0.8571428571428571,13,0.07142857142857142,13,0.07142857142857142,0,0.0,4,0,2,lineitem_supplier_nation,join,,tiny,obfuscated
iceberg,nf_training,nf_049_tiny_obf,xf,double,6,0.984,0.0,0.0,0.0,1.0,0.0,0,0,0,1,1,1,0,2000,14,0.0,0.0,0.0,0,21,2,21,0.8571428571428571,13,0.07142857142857142,13,0.07142857142857142,0,0.0,4,0,2,lineitem_supplier_nation,join,,tiny,obfuscated
iceberg,nf_training,nf_049_tiny_obf,xg,double,7,0.0055,0.0,0.0,0.0,1.0,0.0,0,0,0,1,1,0,0,2000,14,0.0,0.0,0.0,0,21,2,21,0.8571428571428571,13,0.07142857142857142,13,0.07142857142857142,0,0.0,4,0,2,lineitem_supplier_nation,join,,tiny,obfuscated
iceberg,nf_training,nf_049_tiny_obf,xh,varchar,8,0.0015,0.0,0.0,1.0,1.0,0.0,0,0,0,0,0,0,0,2000,14,0.0,0.0,0.0,0,21,2,21,0.8571428571428571,13,0.07142857142857142,13,0.07142857142857142,0,0.0,4,0,2,lineitem_supplier_nation,join,,tiny,obfuscated
iceberg,nf_training,nf_049_tiny_obf,xi,date,9,0.683,0.0,0.0,0.0,1.0,0.0,0,0,0,1,1,0,0,2000,14,0.0,0.0,0.0,0,21,2,21,0.8571428571428571,13,0.07142857142857142,13,0.07142857142857142,0,0.0,4,0,2,lineitem_supplier_nation,join,,tiny,obfuscated
iceberg,nf_training,nf_049_tiny_obf,xj,varchar,10,0.0035,0.0,0.0,4.296,1.0,0.0,0,0,0,1,1,0,0,2000,14,0.0,0.0,0.0,0,21,2,21,0.8571428571428571,13,0.07142857142857142,13,0.07142857142857142,0,0.0,4,0,2,lineitem_supplier_nation,join,,tiny,obfuscated
iceberg,nf_training,nf_049_tiny_obf,xk,bigint,11,0.0125,0.0,0.0,0.0,1.0,0.0,0,0,0,1,1,2,3,2000,14,0.0,0.0,0.0,0,21,2,21,0.8571428571428571,13,0.07142857142857142,13,0.07142857142857142,0,0.0,4,0,2,lineitem_supplier_nation,join,,tiny,obfuscated
iceberg,nf_training,nf_049_tiny_obf,xl,double,12,0.05,0.0,0.0,0.0,1.0,0.0,0,0,0,1,1,4,1,2000,14,0.0,0.0,0.0,0,21,2,21,0.8571428571428571,13,0.07142857142857142,13,0.07142857142857142,0,0.0,4,0,2,lineitem_supplier_nation,join,,tiny,obfuscated
iceberg,nf_training,nf_049_tiny_obf,xm,varchar,13,0.0125,0.0,0.0,7.2335,1.0,0.0,0,0,0,1,1,2,3,2000,14,0.0,0.0,0.0,0,21,2,21,0.8571428571428571,13,0.07142857142857142,13,0.07142857142857142,0,0.0,4,0,2,lineitem_supplier_nation,join,,tiny,obfuscated
iceberg,nf_training,nf_049_tiny_obf,xn,bigint,14,0.0025,0.0,0.0,0.0,1.0,0.0,0,0,0,0,0,0,4,2000,14,0.0,0.0,0.0,0,21,2,21,0.8571428571428571,13,0.07142857142857142,13,0.07142857142857142,0,0.0,4,0,2,lineitem_supplier_nation,join,,tiny,obfuscated
iceberg,nf_training,nf_050_tiny_obf,xa,bigint,1,0.2515,0.0,0.0,0.0,1.0,0.0,0,0,0,1,1,5,0,2000,16,0.0545,0.0,0.0,0,43,1,42,0.875,6,0.025,6,0.025,0,0.0,1,0,1,lineitem_orders,join,,tiny,obfuscated
iceberg,nf_training,nf_050_tiny_obf,xb,integer,2,0.0035,0.0,0.0,0.0,1.0,0.0,0,0,0,1,1,0,0,2000,16,0.0545,0.0,0.0,0,43,1,42,0.875,6,0.025,6,0.025,0,0.0,1,0,1,lineitem_orders,join,,tiny,obfuscated
iceberg,nf_training,nf_050_tiny_obf,xc,bigint,3,0.633,0.0,0.0,0.0,1.0,0.0,0,0,0,1,1,0,0,2000,16,0.0545,0.0,0.0,0,43,1,42,0.875,6,0.025,6,0.025,0,0.0,1,0,1,lineitem_orders,join,,tiny,obfuscated
iceberg,nf_training,nf_050_tiny_obf,xd,bigint,4,0.05,0.0,0.0,0.0,1.0,0.0,0,0,0,1,1,0,0,2000,16,0.0545,0.0,0.0,0,43,1,42,0.875,6,0.025,6,0.025,0,0.0,1,0,1,lineitem_orders,join,,tiny,obfuscated
iceberg,nf_training,nf_050_tiny_obf,xe,double,5,0.025,0.0,0.0,0.0,1.0,0.0,0,0,0,1,1,0,1,2000,16,0.0545,0.0,0.0,0,43,1,42,0.875,6,0.025,6,0.025,0,0.0,1,0,1,lineitem_orders,join,,tiny,obfuscated
iceberg,nf_training,nf_050_tiny_obf,xf,double,6,0.984,0.0,0.0,0.0,1.0,0.0,0,0,0,1,1,1,0,2000,16,0.0545,0.0,0.0,0,43,1,42,0.875,6,0.025,6,0.025,0,0.0,1,0,1,lineitem_orders,join,,tiny,obfuscated
iceberg,nf_training,nf_050_tiny_obf,xg,double,7,0.0055,0.0,0.0,0.0,1.0,0.0,0,0,0,1,1,0,0,2000,16,0.0545,0.0,0.0,0,43,1,42,0.875,6,0.025,6,0.025,0,0.0,1,0,1,lineitem_orders,join,,tiny,obfuscated
iceberg,nf_training,nf_050_tiny_obf,xh,varchar,8,0.0015,0.0,0.0,1.0,1.0,0.0,0,0,0,0,0,0,0,2000,16,0.0545,0.0,0.0,0,43,1,42,0.875,6,0.025,6,0.025,0,0.0,1,0,1,lineitem_orders,join,,tiny,obfuscated
iceberg,nf_training,nf_050_tiny_obf,xi,date,9,0.683,0.0,0.0,0.0,1.0,0.0,0,0,0,1,1,0,0,2000,16,0.0545,0.0,0.0,0,43,1,42,0.875,6,0.025,6,0.025,0,0.0,1,0,1,lineitem_orders,join,,tiny,obfuscated
iceberg,nf_training,nf_050_tiny_obf,xj,varchar,10,0.0035,0.0,0.0,4.296,1.0,0.0,0,0,0,1,1,0,0,2000,16,0.0545,0.0,0.0,0,43,1,42,0.875,6,0.025,6,0.025,0,0.0,1,0,1,lineitem_orders,join,,tiny,obfuscated
iceberg,nf_training,nf_050_tiny_obf,xk,bigint,11,0.196,0.0,0.0,0.0,1.0,0.0,0,0,0,1,1,0,1,2000,16,0.0545,0.0,0.0,0,43,1,42,0.875,6,0.025,6,0.025,0,0.0,1,0,1,lineitem_orders,join,,tiny,obfuscated
iceberg,nf_training,nf_050_tiny_obf,xl,varchar,12,0.0015,0.0,0.0,1.0,1.0,0.0,0,0,0,0,0,0,1,2000,16,0.0545,0.0,0.0,0,43,1,42,0.875,6,0.025,6,0.025,0,0.0,1,0,1,lineitem_orders,join,,tiny,obfuscated
iceberg,nf_training,nf_050_tiny_obf,xm,date,13,0.223,0.0,0.0,0.0,1.0,0.0,0,0,0,1,1,0,1,2000,16,0.0545,0.0,0.0,0,43,1,42,0.875,6,0.025,6,0.025,0,0.0,1,0,1,lineitem_orders,join,,tiny,obfuscated
iceberg,nf_training,nf_050_tiny_obf,xn,varchar,14,0.0025,0.0,0.0,8.537,1.0,0.0,0,0,0,1,1,0,1,2000,16,0.0545,0.0,0.0,0,43,1,42,0.875,6,0.025,6,0.025,0,0.0,1,0,1,lineitem_orders,join,,tiny,obfuscated
iceberg,nf_training,nf_050_tiny_obf,xo,varchar,15,0.1975,0.0,0.0,15.0,1.0,0.0,0,0,0,1,1,0,1,2000,16,0.0545,0.0,0.0,0,43,1,42,0.875,6,0.025,6,0.025,0,0.0,1,0,1,lineitem_orders,join,,tiny,obfuscated
iceberg,nf_training,nf_050_tiny_obf,xp,varchar,16,1.0,0.0,0.0545,24.275877587758778,1.111,0.004115607793700525,0,0,0,1,1,0,0,2000,16,0.0545,0.0,0.0,0,43,1,42,0.875,6,0.025,6,0.025,0,0.0,1,0,1,lineitem_orders,join,,tiny,obfuscated
iceberg,nf_training,nf_051_tiny_obf,xa,bigint,1,0.2515,0.0,0.0,0.0,1.0,0.0,0,0,0,1,1,8,0,2000,18,0.0,0.0,0.0,0,59,2,59,0.8888888888888888,15,0.049019607843137254,15,0.049019607843137254,0,0.0,1,0,1,lineitem_orders_customer,join,,tiny,obfuscated
iceberg,nf_training,nf_051_tiny_obf,xb,integer,2,0.0035,0.0,0.0,0.0,1.0,0.0,0,0,0,1,1,0,0,2000,18,0.0,0.0,0.0,0,59,2,59,0.8888888888888888,15,0.049019607843137254,15,0.049019607843137254,0,0.0,1,0,1,lineitem_orders_customer,join,,tiny,obfuscated
iceberg,nf_training,nf_051_tiny_obf,xc,bigint,3,0.633,0.0,0.0,0.0,1.0,0.0,0,0,0,1,1,0,0,2000,18,0.0,0.0,0.0,0,59,2,59,0.8888888888888888,15,0.049019607843137254,15,0.049019607843137254,0,0.0,1,0,1,lineitem_orders_customer,join,,tiny,obfuscated
iceberg,nf_training,nf_051_tiny_obf,xd,bigint,4,0.05,0.0,0.0,0.0,1.0,0.0,0,0,0,1,1,0,0,2000,18,0.0,0.0,0.0,0,59,2,59,0.8888888888888888,15,0.049019607843137254,15,0.049019607843137254,0,0.0,1,0,1,lineitem_orders_customer,join,,tiny,obfuscated
iceberg,nf_training,nf_051_tiny_obf,xe,double,5,0.025,0.0,0.0,0.0,1.0,0.0,0,0,0,1,1,0,1,2000,18,0.0,0.0,0.0,0,59,2,59,0.8888888888888888,15,0.049019607843137254,15,0.049019607843137254,0,0.0,1,0,1,lineitem_orders_customer,join,,tiny,obfuscated
iceberg,nf_training,nf_051_tiny_obf,xf,double,6,0.984,0.0,0.0,0.0,1.0,0.0,0,0,0,1,1,1,0,2000,18,0.0,0.0,0.0,0,59,2,59,0.8888888888888888,15,0.049019607843137254,15,0.049019607843137254,0,0.0,1,0,1,lineitem_orders_customer,join,,tiny,obfuscated
iceberg,nf_training,nf_051_tiny_obf,xg,double,7,0.0055,0.0,0.0,0.0,1.0,0.0,0,0,0,1,1,0,0,2000,18,0.0,0.0,0.0,0,59,2,59,0.8888888888888888,15,0.049019607843137254,15,0.049019607843137254,0,0.0,1,0,1,lineitem_orders_customer,join,,tiny,obfuscated
iceberg,nf_training,nf_051_tiny_obf,xh,varchar,8,0.0015,0.0,0.0,1.0,1.0,0.0,0,0,0,0,0,0,0,2000,18,0.0,0.0,0.0,0,59,2,59,0.8888888888888888,15,0.049019607843137254,15,0.049019607843137254,0,0.0,1,0,1,lineitem_orders_customer,join,,tiny,obfuscated
iceberg,nf_training,nf_051_tiny_obf,xi,date,9,0.683,0.0,0.0,0.0,1.0,0.0,0,0,0,1,1,0,0,2000,18,0.0,0.0,0.0,0,59,2,59,0.8888888888888888,15,0.049019607843137254,15,0.049019607843137254,0,0.0,1,0,1,lineitem_orders_customer,join,,tiny,obfuscated
iceberg,nf_training,nf_051_tiny_obf,xj,varchar,10,0.0035,0.0,0.0,4.296,1.0,0.0,0,0,0,1,1,0,0,2000,18,0.0,0.0,0.0,0,59,2,59,0.8888888888888888,15,0.049019607843137254,15,0.049019607843137254,0,0.0,1,0,1,lineitem_orders_customer,join,,tiny,obfuscated
iceberg,nf_training,nf_051_tiny_obf,xk,bigint,11,0.196,0.0,0.0,0.0,1.0,0.0,0,0,0,1,1,3,2,2000,18,0.0,0.0,0.0,0,59,2,59,0.8888888888888888,15,0.049019607843137254,15,0.049019607843137254,0,0.0,1,0,1,lineitem_orders_customer,join,,tiny,obfuscated
iceberg,nf_training,nf_051_tiny_obf,xl,varchar,12,0.0015,0.0,0.0,1.0,1.0,0.0,0,0,0,0,0,0,1,2000,18,0.0,0.0,0.0,0,59,2,59,0.8888888888888888,15,0.049019607843137254,15,0.049019607843137254,0,0.0,1,0,1,lineitem_orders_customer,join,,tiny,obfuscated
iceberg,nf_training,nf_051_tiny_obf,xm,date,13,0.223,0.0,0.0,0.0,1.0,0.0,0,0,0,1,1,0,1,2000,18,0.0,0.0,0.0,0,59,2,59,0.8888888888888888,15,0.049019607843137254,15,0.049019607843137254,0,0.0,1,0,1,lineitem_orders_customer,join,,tiny,obfuscated
iceberg,nf_training,nf_051_tiny_obf,xn,varchar,14,0.0025,0.0,0.0,8.537,1.0,0.0,0,0,0,1,1,0,1,2000,18,0.0,0.0,0.0,0,59,2,59,0.8888888888888888,15,0.049019607843137254,15,0.049019607843137254,0,0.0,1,0,1,lineitem_orders_customer,join,,tiny,obfuscated
iceberg,nf_training,nf_051_tiny_obf,xo,varchar,15,0.1975,0.0,0.0,15.0,1.0,0.0,0,0,0,1,1,0,1,2000,18,0.0,0.0,0.0,0,59,2,59,0.8888888888888888,15,0.049019607843137254,15,0.049019607843137254,0,0.0,1,0,1,lineitem_orders_customer,join,,tiny,obfuscated
iceberg,nf_training,nf_051_tiny_obf,xp,bigint,16,0.0125,0.0,0.0,0.0,1.0,0.0,0,0,0,1,1,0,3,2000,18,0.0,0.0,0.0,0,59,2,59,0.8888888888888888,15,0.049019607843137254,15,0.049019607843137254,0,0.0,1,0,1,lineitem_orders_customer,join,,tiny,obfuscated
iceberg,nf_training,nf_051_tiny_obf,xq,double,17,0.196,0.0,0.0,0.0,1.0,0.0,0,0,0,1,1,3,2,2000,18,0.0,0.0,0.0,0,59,2,59,0.8888888888888888,15,0.049019607843137254,15,0.049019607843137254,0,0.0,1,0,1,lineitem_orders_customer,join,,tiny,obfuscated
iceberg,nf_training,nf_051_tiny_obf,xr,varchar,18,0.0025,0.0,0.0,8.8975,1.0,0.0,0,0,0,1,1,0,3,2000,18,0.0,0.0,0.0,0,59,2,59,0.8888888888888888,15,0.049019607843137254,15,0.049019607843137254,0,0.0,1,0,1,lineitem_orders_customer,join,,tiny,obfuscated
iceberg,nf_training,nf_052_tiny_obf,xa,bigint,1,0.25,0.0,0.0,0.0,1.0,0.0,0,0,0,1,1,0,0,2000,7,0.004,0.0,0.0,0,9,1,8,1.0,4,0.09523809523809523,4,0.09523809523809523,0,0.0,0,0,1,partsupp_supplier,join,,tiny,obfuscated
iceberg,nf_training,nf_052_tiny_obf,xb,bigint,2,0.05,0.0,0.0,0.0,1.0,0.0,0,0,0,1,1,2,1,2000,7,0.004,0.0,0.0,0,9,1,8,1.0,4,0.09523809523809523,4,0.09523809523809523,0,0.0,0,0,1,partsupp_supplier,join,,tiny,obfuscated
iceberg,nf_training,nf_052_tiny_obf,xc,integer,3,0.9085,0.0,0.0,0.0,1.0,0.0,0,0,0,1,1,0,0,2000,7,0.004,0.0,0.0,0,9,1,8,1.0,4,0.09523809523809523,4,0.09523809523809523,0,0.0,0,0,1,partsupp_supplier,join,,tiny,obfuscated
iceberg,nf_training,nf_052_tiny_obf,xd,double,4,0.99,0.0,0.0,0.0,1.0,0.0,0,0,0,1,1,0,0,2000,7,0.004,0.0,0.0,0,9,1,8,1.0,4,0.09523809523809523,4,0.09523809523809523,0,0.0,0,0,1,partsupp_supplier,join,,tiny,obfuscated
iceberg,nf_training,nf_052_tiny_obf,xe,bigint,5,0.0125,0.0,0.0,0.0,1.0,0.0,0,0,0,1,1,0,2,2000,7,0.004,0.0,0.0,0,9,1,8,1.0,4,0.09523809523809523,4,0.09523809523809523,0,0.0,0,0,1,partsupp_supplier,join,,tiny,obfuscated
iceberg,nf_training,nf_052_tiny_obf,xf,double,6,0.05,0.0,0.0,0.0,1.0,0.0,0,0,0,1,1,2,1,2000,7,0.004,0.0,0.0,0,9,1,8,1.0,4,0.09523809523809523,4,0.09523809523809523,0,0.0,0,0,1,partsupp_supplier,join,,tiny,obfuscated
iceberg,nf_training,nf_052_tiny_obf,xg,varchar,7,1.0,0.0,0.004,83.74428763440861,1.488,0.003916171460900479,0,0,0,1,1,0,0,2000,7,0.004,0.0,0.0,0,9,1,8,1.0,4,0.09523809523809523,4,0.09523809523809523,0,0.0,0,0,1,partsupp_supplier,join,,tiny,obfuscated
iceberg,nf_training,nf_053_tiny_obf,xa,bigint,1,0.25,0.0,0.0,0.0,1.0,0.0,0,0,0,1,1,6,1,2000,10,0.0,0.0,0.0,0,13,2,13,0.9,13,0.14444444444444443,13,0.14444444444444443,0,0.0,3,0,1,partsupp_part,join,,tiny,obfuscated
iceberg,nf_training,nf_053_tiny_obf,xb,bigint,2,0.05,0.0,0.0,0.0,1.0,0.0,0,0,0,1,1,0,0,2000,10,0.0,0.0,0.0,0,13,2,13,0.9,13,0.14444444444444443,13,0.14444444444444443,0,0.0,3,0,1,partsupp_part,join,,tiny,obfuscated
iceberg,nf_training,nf_053_tiny_obf,xc,integer,3,0.9085,0.0,0.0,0.0,1.0,0.0,0,0,0,1,1,0,0,2000,10,0.0,0.0,0.0,0,13,2,13,0.9,13,0.14444444444444443,13,0.14444444444444443,0,0.0,3,0,1,partsupp_part,join,,tiny,obfuscated
iceberg,nf_training,nf_053_tiny_obf,xd,double,4,0.99,0.0,0.0,0.0,1.0,0.0,0,0,0,1,1,0,0,2000,10,0.0,0.0,0.0,0,13,2,13,0.9,13,0.14444444444444443,13,0.14444444444444443,0,0.0,3,0,1,partsupp_part,join,,tiny,obfuscated
iceberg,nf_training,nf_053_tiny_obf,xe,varchar,5,0.0025,0.0,0.0,14.0,1.0,0.0,0,0,0,0,0,0,3,2000,10,0.0,0.0,0.0,0,13,2,13,0.9,13,0.14444444444444443,13,0.14444444444444443,0,0.0,3,0,1,partsupp_part,join,,tiny,obfuscated
iceberg,nf_training,nf_053_tiny_obf,xf,varchar,6,0.0125,0.0,0.0,8.0,1.0,0.0,0,0,0,1,1,1,2,2000,10,0.0,0.0,0.0,0,13,2,13,0.9,13,0.14444444444444443,13,0.14444444444444443,0,0.0,3,0,1,partsupp_part,join,,tiny,obfuscated
iceberg,nf_training,nf_053_tiny_obf,xg,varchar,7,0.0725,0.0,0.0,20.642,1.0,0.0,0,0,0,1,1,0,2,2000,10,0.0,0.0,0.0,0,13,2,13,0.9,13,0.14444444444444443,13,0.14444444444444443,0,0.0,3,0,1,partsupp_part,join,,tiny,obfuscated
iceberg,nf_training,nf_053_tiny_obf,xh,integer,8,0.025,0.0,0.0,0.0,1.0,0.0,0,0,0,1,1,0,2,2000,10,0.0,0.0,0.0,0,13,2,13,0.9,13,0.14444444444444443,13,0.14444444444444443,0,0.0,3,0,1,partsupp_part,join,,tiny,obfuscated
iceberg,nf_training,nf_053_tiny_obf,xi,varchar,9,0.02,0.0,0.0,7.598,1.0,0.0,0,0,0,1,1,0,2,2000,10,0.0,0.0,0.0,0,13,2,13,0.9,13,0.14444444444444443,13,0.14444444444444443,0,0.0,3,0,1,partsupp_part,join,,tiny,obfuscated
iceberg,nf_training,nf_053_tiny_obf,xj,double,10,0.25,0.0,0.0,0.0,1.0,0.0,0,0,0,1,1,6,1,2000,10,0.0,0.0,0.0,0,13,2,13,0.9,13,0.14444444444444443,13,0.14444444444444443,0,0.0,3,0,1,partsupp_part,join,,tiny,obfuscated
iceberg,nf_training,nf_054_tiny_obf,xa,bigint,1,0.25,0.0,0.0,0.0,1.0,0.0,0,0,0,1,1,6,1,2000,12,0.0,0.0,0.0,0,27,2,27,0.9166666666666666,17,0.12878787878787878,17,0.12878787878787878,0,0.0,3,0,1,partsupp_part_supplier,join,,tiny,obfuscated
iceberg,nf_training,nf_054_tiny_obf,xb,bigint,2,0.05,0.0,0.0,0.0,1.0,0.0,0,0,0,1,1,2,1,2000,12,0.0,0.0,0.0,0,27,2,27,0.9166666666666666,17,0.12878787878787878,17,0.12878787878787878,0,0.0,3,0,1,partsupp_part_supplier,join,,tiny,obfuscated
iceberg,nf_training,nf_054_tiny_obf,xc,integer,3,0.9085,0.0,0.0,0.0,1.0,0.0,0,0,0,1,1,0,0,2000,12,0.0,0.0,0.0,0,27,2,27,0.9166666666666666,17,0.12878787878787878,17,0.12878787878787878,0,0.0,3,0,1,partsupp_part_supplier,join,,tiny,obfuscated
iceberg,nf_training,nf_054_tiny_obf,xd,double,4,0.99,0.0,0.0,0.0,1.0,0.0,0,0,0,1,1,0,0,2000,12,0.0,0.0,0.0,0,27,2,27,0.9166666666666666,17,0.12878787878787878,17,0.12878787878787878,0,0.0,3,0,1,partsupp_part_supplier,join,,tiny,obfuscated
iceberg,nf_training,nf_054_tiny_obf,xe,varchar,5,0.0025,0.0,0.0,14.0,1.0,0.0,0,0,0,0,0,0,3,2000,12,0.0,0.0,0.0,0,27,2,27,0.9166666666666666,17,0.12878787878787878,17,0.12878787878787878,0,0.0,3,0,1,partsupp_part_supplier,join,,tiny,obfuscated
iceberg,nf_training,nf_054_tiny_obf,xf,varchar,6,0.0125,0.0,0.0,8.0,1.0,0.0,0,0,0,1,1,1,2,2000,12,0.0,0.0,0.0,0,27,2,27,0.9166666666666666,17,0.12878787878787878,17,0.12878787878787878,0,0.0,3,0,1,partsupp_part_supplier,join,,tiny,obfuscated
iceberg,nf_training,nf_054_tiny_obf,xg,varchar,7,0.0725,0.0,0.0,20.642,1.0,0.0,0,0,0,1,1,0,2,2000,12,0.0,0.0,0.0,0,27,2,27,0.9166666666666666,17,0.12878787878787878,17,0.12878787878787878,0,0.0,3,0,1,partsupp_part_supplier,join,,tiny,obfuscated
iceberg,nf_training,nf_054_tiny_obf,xh,integer,8,0.025,0.0,0.0,0.0,1.0,0.0,0,0,0,1,1,0,2,2000,12,0.0,0.0,0.0,0,27,2,27,0.9166666666666666,17,0.12878787878787878,17,0.12878787878787878,0,0.0,3,0,1,partsupp_part_supplier,join,,tiny,obfuscated
iceberg,nf_training,nf_054_tiny_obf,xi,varchar,9,0.02,0.0,0.0,7.598,1.0,0.0,0,0,0,1,1,0,2,2000,12,0.0,0.0,0.0,0,27,2,27,0.9166666666666666,17,0.12878787878787878,17,0.12878787878787878,0,0.0,3,0,1,partsupp_part_supplier,join,,tiny,obfuscated
iceberg,nf_training,nf_054_tiny_obf,xj,double,10,0.25,0.0,0.0,0.0,1.0,0.0,0,0,0,1,1,6,1,2000,12,0.0,0.0,0.0,0,27,2,27,0.9166666666666666,17,0.12878787878787878,17,0.12878787878787878,0,0.0,3,0,1,partsupp_part_supplier,join,,tiny,obfuscated
iceberg,nf_training,nf_054_tiny_obf,xk,bigint,11,0.0125,0.0,0.0,0.0,1.0,0.0,0,0,0,1,1,0,2,2000,12,0.0,0.0,0.0,0,27,2,27,0.9166666666666666,17,0.12878787878787878,17,0.12878787878787878,0,0.0,3,0,1,partsupp_part_supplier,join,,tiny,obfuscated
iceberg,nf_training,nf_054_tiny_obf,xl,double,12,0.05,0.0,0.0,0.0,1.0,0.0,0,0,0,1,1,2,1,2000,12,0.0,0.0,0.0,0,27,2,27,0.9166666666666666,17,0.12878787878787878,17,0.12878787878787878,0,0.0,3,0,1,partsupp_part_supplier,join,,tiny,obfuscated
iceberg,nf_training,nf_055_tiny_obf,xa,bigint,1,1.0,0.0,0.0,0.0,1.0,0.0,0,0,0,1,1,0,0,1713,8,1.0,0.125,0.0,0,6,1,3,0.75,0,0.0,0,0.0,0,0.0,0,0,0,orders_partkey_list,injection,orders_partkey_list_tiny_obfuscated,tiny,obfuscated
iceberg,nf_training,nf_055_tiny_obf,xb,bigint,2,0.4699357851722125,0.0,0.0,0.0,1.0,0.0,0,0,0,1,1,0,0,1713,8,1.0,0.125,0.0,0,6,1,3,0.75,0,0.0,0,0.0,0,0.0,0,0,0,orders_partkey_list,injection,orders_partkey_list_tiny_obfuscated,tiny,obfuscated
iceberg,nf_training,nf_055_tiny_obf,xc,varchar,3,0.0017513134851138354,0.0,0.0,1.0,1.0,0.0,0,0,0,0,0,0,0,1713,8,1.0,0.125,0.0,0,6,1,3,0.75,0,0.0,0,0.0,0,0.0,0,0,0,orders_partkey_list,injection,orders_partkey_list_tiny_obfuscated,tiny,obfuscated
iceberg,nf_training,nf_055_tiny_obf,xd,date,4,0.7262113251605371,0.0,0.0,0.0,1.0,0.0,0,0,0,1,1,0,0,1713,8,1.0,0.125,0.0,0,6,1,3,0.75,0,0.0,0,0.0,0,0.0,0,0,0,orders_partkey_list,injection,orders_partkey_list_tiny_obfuscated,tiny,obfuscated
iceberg,nf_training,nf_055_tiny_obf,xe,varchar,5,0.002918855808523059,0.0,0.0,8.4810274372446,1.0,0.0,0,0,0,0,0,0,0,1713,8,1.0,0.125,0.0,0,6,1,3,0.75,0,0.0,0,0.0,0,0.0,0,0,0,orders_partkey_list,injection,orders_partkey_list_tiny_obfuscated,tiny,obfuscated
iceberg,nf_training,nf_055_tiny_obf,xf,varchar,6,0.4816112084063047,0.0,0.0,15.0,1.0,0.0,0,0,0,1,1,0,0,1713,8,1.0,0.125,0.0,0,6,1,3,0.75,0,0.0,0,0.0,0,0.0,0,0,0,orders_partkey_list,injection,orders_partkey_list_tiny_obfuscated,tiny,obfuscated
iceberg,nf_training,nf_055_tiny_obf,xg,varchar,7,1.0,0.0,0.03152364273204904,40.33694048204624,1.1868067717454758,0.003902201085299677,0,0,0,1,1,0,0,1713,8,1.0,0.125,0.0,0,6,1,3,0.75,0,0.0,0,0.0,0,0.0,0,0,0,orders_partkey_list,injection,orders_partkey_list_tiny_obfuscated,tiny,obfuscated
iceberg,nf_training,nf_055_tiny_obf,xh,varchar,8,1.0,0.0,1.0,4.233294255568581,4.481611208406305,0.1835133388719653,0,1,0,1,1,0,0,1713,8,1.0,0.125,0.0,0,6,1,3,0.75,0,0.0,0,0.0,0,0.0,0,0,0,orders_partkey_list,injection,orders_partkey_list_tiny_obfuscated,tiny,obfuscated
iceberg,nf_training,nf_056_tiny_obf,xa,bigint,1,1.0,0.0,0.0,0.0,1.0,0.0,0,0,0,1,1,0,0,1713,8,0.03152364273204904,0.0,0.0,0,5,1,3,0.625,0,0.0,0,0.0,0,0.0,0,0,3,orders_partkey_list_control,control,orders_partkey_list_tiny_obfuscated,tiny,obfuscated
iceberg,nf_training,nf_056_tiny_obf,xb,bigint,2,0.4699357851722125,0.0,0.0,0.0,1.0,0.0,0,0,0,1,1,0,0,1713,8,0.03152364273204904,0.0,0.0,0,5,1,3,0.625,0,0.0,0,0.0,0,0.0,0,0,3,orders_partkey_list_control,control,orders_partkey_list_tiny_obfuscated,tiny,obfuscated
iceberg,nf_training,nf_056_tiny_obf,xc,varchar,3,0.0017513134851138354,0.0,0.0,1.0,1.0,0.0,0,0,0,0,0,0,0,1713,8,0.03152364273204904,0.0,0.0,0,5,1,3,0.625,0,0.0,0,0.0,0,0.0,0,0,3,orders_partkey_list_control,control,orders_partkey_list_tiny_obfuscated,tiny,obfuscated
iceberg,nf_training,nf_056_tiny_obf,xd,date,4,0.7262113251605371,0.0,0.0,0.0,1.0,0.0,0,0,0,1,1,0,0,1713,8,0.03152364273204904,0.0,0.0,0,5,1,3,0.625,0,0.0,0,0.0,0,0.0,0,0,3,orders_partkey_list_control,control,orders_partkey_list_tiny_obfuscated,tiny,obfuscated
iceberg,nf_training,nf_056_tiny_obf,xe,varchar,5,0.002918855808523059,0.0,0.0,8.4810274372446,1.0,0.0,0,0,0,0,0,0,0,1713,8,0.03152364273204904,0.0,0.0,0,5,1,3,0.625,0,0.0,0,0.0,0,0.0,0,0,3,orders_partkey_list_control,control,orders_partkey_list_tiny_obfuscated,tiny,obfuscated
iceberg,nf_training,nf_056_tiny_obf,xf,varchar,6,0.4816112084063047,0.0,0.0,15.0,1.0,0.0,0,0,0,1,1,0,0,1713,8,0.03152364273204904,0.0,0.0,0,5,1,3,0.625,0,0.0,0,0.0,0,0.0,0,0,3,orders_partkey_list_control,control,orders_partkey_list_tiny_obfuscated,tiny,obfuscated
iceberg,nf_training,nf_056_tiny_obf,xg,varchar,7,1.0,0.0,0.03152364273204904,40.33694048204624,1.1868067717454758,0.003902201085299677,0,0,0,1,1,0,0,1713,8,0.03152364273204904,0.0,0.0,0,5,1,3,0.625,0,0.0,0,0.0,0,0.0,0,0,3,orders_partkey_list_control,control,orders_partkey_list_tiny_obfuscated,tiny,obfuscated
iceberg,nf_training,nf_056_tiny_obf,xh,varchar,8,0.0035026269702276708,0.0,0.0,1.0,1.0,0.0,0,0,0,0,0,0,0,1713,8,0.03152364273204904,0.0,0.0,0,5,1,3,0.625,0,0.0,0,0.0,0,0.0,0,0,3,orders_partkey_list_control,control,orders_partkey_list_tiny_obfuscated,tiny,obfuscated
iceberg,nf_training,nf_057_tiny_obf,xa,bigint,1,1.0,0.0,0.0,0.0,1.0,0.0,0,0,0,1,1,0,0,1000,5,1.0,0.2,0.0,0,3,1,1,0.8,1,0.05,1,0.05,0,0.0,1,0,0,customer_orderkey_list,injection,customer_orderkey_list_tiny_obfuscated,tiny,obfuscated
iceberg,nf_training,nf_057_tiny_obf,xb,bigint,2,0.025,0.0,0.0,0.0,1.0,0.0,0,0,0,1,1,0,0,1000,5,1.0,0.2,0.0,0,3,1,1,0.8,1,0.05,1,0.05,0,0.0,1,0,0,customer_orderkey_list,injection,customer_orderkey_list_tiny_obfuscated,tiny,obfuscated
iceberg,nf_training,nf_057_tiny_obf,xc,double,3,0.999,0.0,0.0,0.0,1.0,0.0,0,0,0,1,1,1,0,1000,5,1.0,0.2,0.0,0,3,1,1,0.8,1,0.05,1,0.05,0,0.0,1,0,0,customer_orderkey_list,injection,customer_orderkey_list_tiny_obfuscated,tiny,obfuscated
iceberg,nf_training,nf_057_tiny_obf,xd,varchar,4,0.005,0.0,0.0,8.952,1.0,0.0,0,0,0,0,0,0,1,1000,5,1.0,0.2,0.0,0,3,1,1,0.8,1,0.05,1,0.05,0,0.0,1,0,0,customer_orderkey_list,injection,customer_orderkey_list_tiny_obfuscated,tiny,obfuscated
iceberg,nf_training,nf_057_tiny_obf,xe,varchar,5,1.0,0.0,1.0,5.7472,15.0,0.16239792130660727,0,1,0,1,1,0,0,1000,5,1.0,0.2,0.0,0,3,1,1,0.8,1,0.05,1,0.05,0,0.0,1,0,0,customer_orderkey_list,injection,customer_orderkey_list_tiny_obfuscated,tiny,obfuscated
iceberg,nf_training,nf_058_tiny_obf,xa,bigint,1,1.0,0.0,0.0,0.0,1.0,0.0,0,0,0,1,1,0,0,1000,5,0.0,0.0,0.0,0,3,1,2,0.8,1,0.05,1,0.05,0,0.0,1,0,3,customer_orderkey_list_control,control,customer_orderkey_list_tiny_obfuscated,tiny,obfuscated
iceberg,nf_training,nf_058_tiny_obf,xb,bigint,2,0.025,0.0,0.0,0.0,1.0,0.0,0,0,0,1,1,0,0,1000,5,0.0,0.0,0.0,0,3,1,2,0.8,1,0.05,1,0.05,0,0.0,1,0,3,customer_orderkey_list_control,control,customer_orderkey_list_tiny_obfuscated,tiny,obfuscated
iceberg,nf_training,nf_058_tiny_obf,xc,double,3,0.999,0.0,0.0,0.0,1.0,0.0,0,0,0,1,1,1,0,1000,5,0.0,0.0,0.0,0,3,1,2,0.8,1,0.05,1,0.05,0,0.0,1,0,3,customer_orderkey_list_control,control,customer_orderkey_list_tiny_obfuscated,tiny,obfuscated
iceberg,nf_training,nf_058_tiny_obf,xd,varchar,4,0.005,0.0,0.0,8.952,1.0,0.0,0,0,0,0,0,0,1,1000,5,0.0,0.0,0.0,0,3,1,2,0.8,1,0.05,1,0.05,0,0.0,1,0,3,customer_orderkey_list_control,control,customer_orderkey_list_tiny_obfuscated,tiny,obfuscated
iceberg,nf_training,nf_058_tiny_obf,xe,varchar,5,0.031,0.0,0.0,1.777,1.0,0.0,0,0,0,1,1,0,0,1000,5,0.0,0.0,0.0,0,3,1,2,0.8,1,0.05,1,0.05,0,0.0,1,0,3,customer_orderkey_list_control,control,customer_orderkey_list_tiny_obfuscated,tiny,obfuscated
iceberg,nf_training,nf_059_tiny_obf,xa,bigint,1,1.0,0.0,0.0,0.0,1.0,0.0,0,0,0,1,1,0,0,100,4,1.0,0.25,0.0,0,3,1,0,0.75,0,0.0,0,0.0,0,0.0,0,0,0,supplier_partkey_list,injection,supplier_partkey_list_tiny_obfuscated,tiny,obfuscated
iceberg,nf_training,nf_059_tiny_obf,xb,bigint,2,0.25,0.0,0.0,0.0,1.0,0.0,0,0,0,0,0,0,0,100,4,1.0,0.25,0.0,0,3,1,0,0.75,0,0.0,0,0.0,0,0.0,0,0,0,supplier_partkey_list,injection,supplier_partkey_list_tiny_obfuscated,tiny,obfuscated
iceberg,nf_training,nf_059_tiny_obf,xc,double,3,1.0,0.0,0.0,0.0,1.0,0.0,0,0,0,1,1,0,0,100,4,1.0,0.25,0.0,0,3,1,0,0.75,0,0.0,0,0.0,0,0.0,0,0,0,supplier_partkey_list,injection,supplier_partkey_list_tiny_obfuscated,tiny,obfuscated
iceberg,nf_training,nf_059_tiny_obf,xd,varchar,4,1.0,0.0,1.0,4.434,80.0,0.22271087054578256,0,1,0,1,1,0,0,100,4,1.0,0.25,0.0,0,3,1,0,0.75,0,0.0,0,0.0,0,0.0,0,0,0,supplier_partkey_list,injection,supplier_partkey_list_tiny_obfuscated,tiny,obfuscated
iceberg,nf_training,nf_060_tiny_obf,xa,bigint,1,1.0,0.0,0.0,0.0,1.0,0.0,0,0,0,1,1,0,0,100,4,0.0,0.0,0.0,0,2,1,0,0.5,1,0.08333333333333333,0,0.0,1,0.08333333333333333,0,1,3,supplier_partkey_list_control,control,supplier_partkey_list_tiny_obfuscated,tiny,obfuscated
iceberg,nf_training,nf_060_tiny_obf,xb,bigint,2,0.25,0.0,0.0,0.0,1.0,0.0,0,0,0,0,0,1,0,100,4,0.0,0.0,0.0,0,2,1,0,0.5,1,0.08333333333333333,0,0.0,1,0.08333333333333333,0,1,3,supplier_partkey_list_control,control,supplier_partkey_list_tiny_obfuscated,tiny,obfuscated
iceberg,nf_training,nf_060_tiny_obf,xc,double,3,1.0,0.0,0.0,0.0,1.0,0.0,0,0,0,1,1,0,0,100,4,0.0,0.0,0.0,0,2,1,0,0.5,1,0.08333333333333333,0,0.0,1,0.08333333333333333,0,1,3,supplier_partkey_list_control,control,supplier_partkey_list_tiny_obfuscated,tiny,obfuscated
iceberg,nf_training,nf_060_tiny_obf,xd,varchar,4,0.01,0.0,0.0,2.0,1.0,0.0,0,0,0,0,0,0,1,100,4,0.0,0.0,0.0,0,2,1,0,0.5,1,0.08333333333333333,0,0.0,1,0.08333333333333333,0,1,3,supplier_partkey_list_control,control,supplier_partkey_list_tiny_obfuscated,tiny,obfuscated
iceberg,nf_training,nf_061_tiny_obf,xa,bigint,1,1.0,0.0,0.0,0.0,1.0,0.0,0,0,0,1,1,0,0,2000,7,1.0,0.14285714285714285,0.0,0,10,1,9,1.0,0,0.0,0,0.0,0,0.0,0,0,0,part_suppkey_list,injection,part_suppkey_list_tiny_obfuscated,tiny,obfuscated
iceberg,nf_training,nf_061_tiny_obf,xb,varchar,2,0.0125,0.0,0.0,8.0,1.0,0.0,0,0,0,1,1,0,0,2000,7,1.0,0.14285714285714285,0.0,0,10,1,9,1.0,0,0.0,0,0.0,0,0.0,0,0,0,part_suppkey_list,injection,part_suppkey_list_tiny_obfuscated,tiny,obfuscated
iceberg,nf_training,nf_061_tiny_obf,xc,varchar,3,0.075,0.0,0.0,20.551,1.0,0.0,0,0,0,1,1,0,0,2000,7,1.0,0.14285714285714285,0.0,0,10,1,9,1.0,0,0.0,0,0.0,0,0.0,0,0,0,part_suppkey_list,injection,part_suppkey_list_tiny_obfuscated,tiny,obfuscated
iceberg,nf_training,nf_061_tiny_obf,xd,integer,4,0.025,0.0,0.0,0.0,1.0,0.0,0,0,0,1,1,0,0,2000,7,1.0,0.14285714285714285,0.0,0,10,1,9,1.0,0,0.0,0,0.0,0,0.0,0,0,0,part_suppkey_list,injection,part_suppkey_list_tiny_obfuscated,tiny,obfuscated
iceberg,nf_training,nf_061_tiny_obf,xe,varchar,5,0.02,0.0,0.0,7.6105,1.0,0.0,0,0,0,1,1,0,0,2000,7,1.0,0.14285714285714285,0.0,0,10,1,9,1.0,0,0.0,0,0.0,0,0.0,0,0,0,part_suppkey_list,injection,part_suppkey_list_tiny_obfuscated,tiny,obfuscated
iceberg,nf_training,nf_061_tiny_obf,xf,double,6,0.5495,0.0,0.0,0.0,1.0,0.0,0,0,0,1,1,0,0,2000,7,1.0,0.14285714285714285,0.0,0,10,1,9,1.0,0,0.0,0,0.0,0,0.0,0,0,0,part_suppkey_list,injection,part_suppkey_list_tiny_obfuscated,tiny,obfuscated
iceberg,nf_training,nf_061_tiny_obf,xg,varchar,7,0.9625,0.0,1.0,2.67,4.0,0.2808988764044944,0,1,0,1,1,0,0,2000,7,1.0,0.14285714285714285,0.0,0,10,1,9,1.0,0,0.0,0,0.0,0,0.0,0,0,0,part_suppkey_list,injection,part_suppkey_list_tiny_obfuscated,tiny,obfuscated
iceberg,nf_training,nf_062_tiny_obf,xa,bigint,1,1.0,0.0,0.0,0.0,1.0,0.0,0,0,0,1,1,0,0,2000,7,0.0,0.0,0.0,0,6,1,5,0.8571428571428571,5,0.11904761904761904,5,0.11904761904761904,0,0.0,5,0,3,part_suppkey_list_control,control,part_suppkey_list_tiny_obfuscated,tiny,obfuscated
iceberg,nf_training,nf_062_tiny_obf,xb,varchar,2,0.0125,0.0,0.0,8.0,1.0,0.0,0,0,0,1,1,1,0,2000,7,0.0,0.0,0.0,0,6,1,5,0.8571428571428571,5,0.11904761904761904,5,0.11904761904761904,0,0.0,5,0,3,part_suppkey_list_control,control,part_suppkey_list_tiny_obfuscated,tiny,obfuscated
iceberg,nf_training,nf_062_tiny_obf,xc,varchar,3,0.075,0.0,0.0,20.551,1.0,0.0,0,0,0,1,1,1,0,2000,7,0.0,0.0,0.0,0,6,1,5,0.8571428571428571,5,0.11904761904761904,5,0.11904761904761904,0,0.0,5,0,3,part_suppkey_list_control,control,part_suppkey_list_tiny_obfuscated,tiny,obfuscated
iceberg,nf_training,nf_062_tiny_obf,xd,integer,4,0.025,0.0,0.0,0.0,1.0,0.0,0,0,0,1,1,1,0,2000,7,0.0,0.0,0.0,0,6,1,5,0.8571428571428571,5,0.11904761904761904,5,0.11904761904761904,0,0.0,5,0,3,part_suppkey_list_control,control,part_suppkey_list_tiny_obfuscated,tiny,obfuscated
iceberg,nf_training,nf_062_tiny_obf,xe,varchar,5,0.02,0.0,0.0,7.6105,1.0,0.0,0,0,0,1,1,1,0,2000,7,0.0,0.0,0.0,0,6,1,5,0.8571428571428571,5,0.11904761904761904,5,0.11904761904761904,0,0.0,5,0,3,part_suppkey_list_control,control,part_suppkey_list_tiny_obfuscated,tiny,obfuscated
iceberg,nf_training,nf_062_tiny_obf,xf,double,6,0.5495,0.0,0.0,0.0,1.0,0.0,0,0,0,1,1,1,0,2000,7,0.0,0.0,0.0,0,6,1,5,0.8571428571428571,5,0.11904761904761904,5,0.11904761904761904,0,0.0,5,0,3,part_suppkey_list_control,control,part_suppkey_list_tiny_obfuscated,tiny,obfuscated
iceberg,nf_training,nf_062_tiny_obf,xg,varchar,7,0.0005,0.0,0.0,1.0,1.0,0.0,0,0,0,0,0,0,5,2000,7,0.0,0.0,0.0,0,6,1,5,0.8571428571428571,5,0.11904761904761904,5,0.11904761904761904,0,0.0,5,0,3,part_suppkey_list_control,control,part_suppkey_list_tiny_obfuscated,tiny,obfuscated
iceberg,nf_training,nf_063_tiny_obf,xa,bigint,1,1.0,0.0,0.0,0.0,1.0,0.0,0,0,0,1,1,0,0,1713,11,1.0,0.09090909090909091,0.0,0,8,1,5,0.6363636363636364,6,0.05454545454545454,6,0.05454545454545454,0,0.0,4,0,0,orders_customer_partkey_list,injection,orders_customer_partkey_list_tiny_obfuscated,tiny,obfuscated
iceberg,nf_training,nf_063_tiny_obf,xb,bigint,2,0.4699357851722125,0.0,0.0,0.0,1.0,0.0,0,0,0,1,1,3,1,1713,11,1.0,0.09090909090909091,0.0,0,8,1,5,0.6363636363636364,6,0.05454545454545454,6,0.05454545454545454,0,0.0,4,0,0,orders_customer_partkey_list,injection,orders_customer_partkey_list_tiny_obfuscated,tiny,obfuscated
iceberg,nf_training,nf_063_tiny_obf,xc,varchar,3,0.0017513134851138354,0.0,0.0,1.0,1.0,0.0,0,0,0,0,0,0,0,1713,11,1.0,0.09090909090909091,0.0,0,8,1,5,0.6363636363636364,6,0.05454545454545454,6,0.05454545454545454,0,0.0,4,0,0,orders_customer_partkey_list,injection,orders_customer_partkey_list_tiny_obfuscated,tiny,obfuscated
iceberg,nf_training,nf_063_tiny_obf,xd,date,4,0.7262113251605371,0.0,0.0,0.0,1.0,0.0,0,0,0,1,1,0,0,1713,11,1.0,0.09090909090909091,0.0,0,8,1,5,0.6363636363636364,6,0.05454545454545454,6,0.05454545454545454,0,0.0,4,0,0,orders_customer_partkey_list,injection,orders_customer_partkey_list_tiny_obfuscated,tiny,obfuscated
iceberg,nf_training,nf_063_tiny_obf,xe,varchar,5,0.002918855808523059,0.0,0.0,8.4810274372446,1.0,0.0,0,0,0,0,0,0,0,1713,11,1.0,0.09090909090909091,0.0,0,8,1,5,0.6363636363636364,6,0.05454545454545454,6,0.05454545454545454,0,0.0,4,0,0,orders_customer_partkey_list,injection,orders_customer_partkey_list_tiny_obfuscated,tiny,obfuscated
iceberg,nf_training,nf_063_tiny_obf,xf,varchar,6,0.4816112084063047,0.0,0.0,15.0,1.0,0.0,0,0,0,1,1,0,0,1713,11,1.0,0.09090909090909091,0.0,0,8,1,5,0.6363636363636364,6,0.05454545454545454,6,0.05454545454545454,0,0.0,4,0,0,orders_customer_partkey_list,injection,orders_customer_partkey_list_tiny_obfuscated,tiny,obfuscated
iceberg,nf_training,nf_063_tiny_obf,xg,bigint,7,0.014594279042615295,0.0,0.0,0.0,1.0,0.0,0,0,0,0,0,0,2,1713,11,1.0,0.09090909090909091,0.0,0,8,1,5,0.6363636363636364,6,0.05454545454545454,6,0.05454545454545454,0,0.0,4,0,0,orders_customer_partkey_list,injection,orders_customer_partkey_list_tiny_obfuscated,tiny,obfuscated
iceberg,nf_training,nf_063_tiny_obf,xh,double,8,0.4699357851722125,0.0,0.0,0.0,1.0,0.0,0,0,0,1,1,3,1,1713,11,1.0,0.09090909090909091,0.0,0,8,1,5,0.6363636363636364,6,0.05454545454545454,6,0.05454545454545454,0,0.0,4,0,0,orders_customer_partkey_list,injection,orders_customer_partkey_list_tiny_obfuscated,tiny,obfuscated
iceberg,nf_training,nf_063_tiny_obf,xi,varchar,9,0.002918855808523059,0.0,0.0,8.934033858727378,1.0,0.0,0,0,0,0,0,0,2,1713,11,1.0,0.09090909090909091,0.0,0,8,1,5,0.6363636363636364,6,0.05454545454545454,6,0.05454545454545454,0,0.0,4,0,0,orders_customer_partkey_list,injection,orders_customer_partkey_list_tiny_obfuscated,tiny,obfuscated
iceberg,nf_training,nf_063_tiny_obf,xj,varchar,10,1.0,0.0,0.03152364273204904,40.33694048204624,1.1868067717454758,0.003902201085299677,0,0,0,1,1,0,0,1713,11,1.0,0.09090909090909091,0.0,0,8,1,5,0.6363636363636364,6,0.05454545454545454,6,0.05454545454545454,0,0.0,4,0,0,orders_customer_partkey_list,injection,orders_customer_partkey_list_tiny_obfuscated,tiny,obfuscated
iceberg,nf_training,nf_063_tiny_obf,xk,varchar,11,1.0,0.0,1.0,4.233294255568581,4.481611208406305,0.1835133388719653,0,1,0,1,1,0,0,1713,11,1.0,0.09090909090909091,0.0,0,8,1,5,0.6363636363636364,6,0.05454545454545454,6,0.05454545454545454,0,0.0,4,0,0,orders_customer_partkey_list,injection,orders_customer_partkey_list_tiny_obfuscated,tiny,obfuscated
iceberg,nf_training,nf_064_tiny_obf,xa,bigint,1,1.0,0.0,0.0,0.0,1.0,0.0,0,0,0,1,1,0,0,1713,11,0.03152364273204904,0.0,0.0,0,7,1,5,0.5454545454545454,6,0.05454545454545454,6,0.05454545454545454,0,0.0,4,0,2,orders_customer_partkey_list_control,control,orders_customer_partkey_list_tiny_obfuscated,tiny,obfuscated
iceberg,nf_training,nf_064_tiny_obf,xb,bigint,2,0.4699357851722125,0.0,0.0,0.0,1.0,0.0,0,0,0,1,1,3,1,1713,11,0.03152364273204904,0.0,0.0,0,7,1,5,0.5454545454545454,6,0.05454545454545454,6,0.05454545454545454,0,0.0,4,0,2,orders_customer_partkey_list_control,control,orders_customer_partkey_list_tiny_obfuscated,tiny,obfuscated
iceberg,nf_training,nf_064_tiny_obf,xc,varchar,3,0.0017513134851138354,0.0,0.0,1.0,1.0,0.0,0,0,0,0,0,0,0,1713,11,0.03152364273204904,0.0,0.0,0,7,1,5,0.5454545454545454,6,0.05454545454545454,6,0.05454545454545454,0,0.0,4,0,2,orders_customer_partkey_list_control,control,orders_customer_partkey_list_tiny_obfuscated,tiny,obfuscated
iceberg,nf_training,nf_064_tiny_obf,xd,date,4,0.7262113251605371,0.0,0.0,0.0,1.0,0.0,0,0,0,1,1,0,0,1713,11,0.03152364273204904,0.0,0.0,0,7,1,5,0.5454545454545454,6,0.05454545454545454,6,0.05454545454545454,0,0.0,4,0,2,orders_customer_partkey_list_control,control,orders_customer_partkey_list_tiny_obfuscated,tiny,obfuscated
iceberg,nf_training,nf_064_tiny_obf,xe,varchar,5,0.002918855808523059,0.0,0.0,8.4810274372446,1.0,0.0,0,0,0,0,0,0,0,1713,11,0.03152364273204904,0.0,0.0,0,7,1,5,0.5454545454545454,6,0.05454545454545454,6,0.05454545454545454,0,0.0,4,0,2,orders_customer_partkey_list_control,control,orders_customer_partkey_list_tiny_obfuscated,tiny,obfuscated
iceberg,nf_training,nf_064_tiny_obf,xf,varchar,6,0.4816112084063047,0.0,0.0,15.0,1.0,0.0,0,0,0,1,1,0,0,1713,11,0.03152364273204904,0.0,0.0,0,7,1,5,0.5454545454545454,6,0.05454545454545454,6,0.05454545454545454,0,0.0,4,0,2,orders_customer_partkey_list_control,control,orders_customer_partkey_list_tiny_obfuscated,tiny,obfuscated
iceberg,nf_training,nf_064_tiny_obf,xg,bigint,7,0.014594279042615295,0.0,0.0,0.0,1.0,0.0,0,0,0,0,0,0,2,1713,11,0.03152364273204904,0.0,0.0,0,7,1,5,0.5454545454545454,6,0.05454545454545454,6,0.05454545454545454,0,0.0,4,0,2,orders_customer_partkey_list_control,control,orders_customer_partkey_list_tiny_obfuscated,tiny,obfuscated
iceberg,nf_training,nf_064_tiny_obf,xh,double,8,0.4699357851722125,0.0,0.0,0.0,1.0,0.0,0,0,0,1,1,3,1,1713,11,0.03152364273204904,0.0,0.0,0,7,1,5,0.5454545454545454,6,0.05454545454545454,6,0.05454545454545454,0,0.0,4,0,2,orders_customer_partkey_list_control,control,orders_customer_partkey_list_tiny_obfuscated,tiny,obfuscated
iceberg,nf_training,nf_064_tiny_obf,xi,varchar,9,0.002918855808523059,0.0,0.0,8.934033858727378,1.0,0.0,0,0,0,0,0,0,2,1713,11,0.03152364273204904,0.0,0.0,0,7,1,5,0.5454545454545454,6,0.05454545454545454,6,0.05454545454545454,0,0.0,4,0,2,orders_customer_partkey_list_control,control,orders_customer_partkey_list_tiny_obfuscated,tiny,obfuscated
iceberg,nf_training,nf_064_tiny_obf,xj,varchar,10,1.0,0.0,0.03152364273204904,40.33694048204624,1.1868067717454758,0.003902201085299677,0,0,0,1,1,0,0,1713,11,0.03152364273204904,0.0,0.0,0,7,1,5,0.5454545454545454,6,0.05454545454545454,6,0.05454545454545454,0,0.0,4,0,2,orders_customer_partkey_list_control,control,orders_customer_partkey_list_tiny_obfuscated,tiny,obfuscated
iceberg,nf_training,nf_064_tiny_obf,xk,varchar,11,0.0035026269702276708,0.0,0.0,1.0,1.0,0.0,0,0,0,0,0,0,0,1713,11,0.03152364273204904,0.0,0.0,0,7,1,5,0.5454545454545454,6,0.05454545454545454,6,0.05454545454545454,0,0.0,4,0,2,orders_customer_partkey_list_control,control,orders_customer_partkey_list_tiny_obfuscated,tiny,obfuscated
iceberg,nf_training,nf_065_tiny_obf,xa,bigint,1,1.0,0.0,0.0,0.0,1.0,0.0,0,0,0,1,1,0,0,1000,7,0.0,0.0,0.0,0,7,1,4,1.0,1,0.023809523809523808,1,0.023809523809523808,0,0.0,0,0,0,customer_order_columns,injection,customer_order_columns_tiny_obfuscated,tiny,obfuscated
iceberg,nf_training,nf_065_tiny_obf,xb,bigint,2,0.025,0.0,0.0,0.0,1.0,0.0,0,0,0,1,1,0,0,1000,7,0.0,0.0,0.0,0,7,1,4,1.0,1,0.023809523809523808,1,0.023809523809523808,0,0.0,0,0,0,customer_order_columns,injection,customer_order_columns_tiny_obfuscated,tiny,obfuscated
iceberg,nf_training,nf_065_tiny_obf,xc,double,3,0.999,0.0,0.0,0.0,1.0,0.0,0,0,0,1,1,1,0,1000,7,0.0,0.0,0.0,0,7,1,4,1.0,1,0.023809523809523808,1,0.023809523809523808,0,0.0,0,0,0,customer_order_columns,injection,customer_order_columns_tiny_obfuscated,tiny,obfuscated
iceberg,nf_training,nf_065_tiny_obf,xd,varchar,4,0.005,0.0,0.0,8.952,1.0,0.0,0,0,0,1,1,0,1,1000,7,0.0,0.0,0.0,0,7,1,4,1.0,1,0.023809523809523808,1,0.023809523809523808,0,0.0,0,0,0,customer_order_columns,injection,customer_order_columns_tiny_obfuscated,tiny,obfuscated
iceberg,nf_training,nf_065_tiny_obf,xe,bigint,5,1.0,0.0,0.0,0.0,1.0,0.0,0,0,0,1,1,0,0,1000,7,0.0,0.0,0.0,0,7,1,4,1.0,1,0.023809523809523808,1,0.023809523809523808,0,0.0,0,0,0,customer_order_columns,injection,customer_order_columns_tiny_obfuscated,tiny,obfuscated
iceberg,nf_training,nf_065_tiny_obf,xf,bigint,6,1.0,0.0,0.0,0.0,1.0,0.0,0,0,0,1,1,0,0,1000,7,0.0,0.0,0.0,0,7,1,4,1.0,1,0.023809523809523808,1,0.023809523809523808,0,0.0,0,0,0,customer_order_columns,injection,customer_order_columns_tiny_obfuscated,tiny,obfuscated
iceberg,nf_training,nf_065_tiny_obf,xg,bigint,7,0.999,0.0020000000000000018,0.0,0.0,1.0,0.0,0,0,0,1,1,0,0,1000,7,0.0,0.0,0.0,0,7,1,4,1.0,1,0.023809523809523808,1,0.023809523809523808,0,0.0,0,0,0,customer_order_columns,injection,customer_order_columns_tiny_obfuscated,tiny,obfuscated
iceberg,nf_training,nf_066_tiny_obf,xa,bigint,1,1.0,0.0,0.0,0.0,1.0,0.0,0,0,0,1,1,0,0,1000,7,0.0,0.0,0.0,0,4,1,1,0.7142857142857143,2,0.047619047619047616,2,0.047619047619047616,0,0.0,2,0,3,customer_order_columns_control,control,customer_order_columns_tiny_obfuscated,tiny,obfuscated
iceberg,nf_training,nf_066_tiny_obf,xb,bigint,2,0.025,0.0,0.0,0.0,1.0,0.0,0,0,0,1,1,0,0,1000,7,0.0,0.0,0.0,0,4,1,1,0.7142857142857143,2,0.047619047619047616,2,0.047619047619047616,0,0.0,2,0,3,customer_order_columns_control,control,customer_order_columns_tiny_obfuscated,tiny,obfuscated
iceberg,nf_training,nf_066_tiny_obf,xc,double,3,0.999,0.0,0.0,0.0,1.0,0.0,0,0,0,1,1,2,0,1000,7,0.0,0.0,0.0,0,4,1,1,0.7142857142857143,2,0.047619047619047616,2,0.047619047619047616,0,0.0,2,0,3,customer_order_columns_control,control,customer_order_columns_tiny_obfuscated,tiny,obfuscated
iceberg,nf_training,nf_066_tiny_obf,xd,varchar,4,0.005,0.0,0.0,8.952,1.0,0.0,0,0,0,0,0,0,1,1000,7,0.0,0.0,0.0,0,4,1,1,0.7142857142857143,2,0.047619047619047616,2,0.047619047619047616,0,0.0,2,0,3,customer_order_columns_control,control,customer_order_columns_tiny_obfuscated,tiny,obfuscated
iceberg,nf_training,nf_066_tiny_obf,xe,bigint,5,1.0,0.0,0.0,0.0,1.0,0.0,0,0,0,1,1,0,0,1000,7,0.0,0.0,0.0,0,4,1,1,0.7142857142857143,2,0.047619047619047616,2,0.047619047619047616,0,0.0,2,0,3,customer_order_columns_control,control,customer_order_columns_tiny_obfuscated,tiny,obfuscated
iceberg,nf_training,nf_066_tiny_obf,xf,bigint,6,0.002,0.0,0.0,0.0,1.0,0.0,0,0,0,0,0,0,1,1000,7,0.0,0.0,0.0,0,4,1,1,0.7142857142857143,2,0.047619047619047616,2,0.047619047619047616,0,0.0,2,0,3,customer_order_columns_control,control,customer_order_columns_tiny_obfuscated,tiny,obfuscated
iceberg,nf_training,nf_066_tiny_obf,xg,bigint,7,1.0,0.0,0.0,0.0,1.0,0.0,0,0,0,1,1,0,0,1000,7,0.0,0.0,0.0,0,4,1,1,0.7142857142857143,2,0.047619047619047616,2,0.047619047619047616,0,0.0,2,0,3,customer_order_columns_control,control,customer_order_columns_tiny_obfuscated,tiny,obfuscated
iceberg,nf_training,nf_067_sf1_real,orderkey,bigint,1,1.0,0.0,0.0,0.0,1.0,0.0,0,0,0,1,1,0,0,20000,7,0.0332,0.0,0.0,0,6,1,5,0.8571428571428571,0,0.0,0,0.0,0,0.0,0,0,3,orders_core,join,,sf1,real
iceberg,nf_training,nf_067_sf1_real,custkey,bigint,2,0.901,0.0,0.0,0.0,1.0,0.0,0,0,0,1,1,0,0,20000,7,0.0332,0.0,0.0,0,6,1,5,0.8571428571428571,0,0.0,0,0.0,0,0.0,0,0,3,orders_core,join,,sf1,real
iceberg,nf_training,nf_067_sf1_real,orderstatus,varchar,3,0.00015,0.0,0.0,1.0,1.0,0.0,0,0,0,0,0,0,0,20000,7,0.0332,0.0,0.0,0,6,1,5,0.8571428571428571,0,0.0,0,0.0,0,0.0,0,0,3,orders_core,join,,sf1,real
iceberg,nf_training,nf_067_sf1_real,orderdate,date,4,0.1203,0.0,0.0,0.0,1.0,0.0,0,0,0,1,1,0,0,20000,7,0.0332,0.0,0.0,0,6,1,5,0.8571428571428571,0,0.0,0,0.0,0,0.0,0,0,3,orders_core,join,,sf1,real
iceberg,nf_training,nf_067_sf1_real,orderpriority,varchar,5,0.00025,0.0,0.0,8.41105,1.0,0.0,0,0,0,1,1,0,0,20000,7,0.0332,0.0,0.0,0,6,1,5,0.8571428571428571,0,0.0,0,0.0,0,0.0,0,0,3,orders_core,join,,sf1,real
iceberg,nf_training,nf_067_sf1_real,clerk,varchar,6,0.05,0.0,0.0,15.0,1.0,0.0,0,0,0,1,1,0,0,20000,7,0.0332,0.0,0.0,0,6,1,5,0.8571428571428571,0,0.0,0,0.0,0,0.0,0,0,3,orders_core,join,,sf1,real
iceberg,nf_training,nf_067_sf1_real,note_text,varchar,7,0.99935,0.0,0.0332,40.88792014152135,1.1871,0.003854707801405289,1,0,0,1,1,0,0,20000,7,0.0332,0.0,0.0,0,6,1,5,0.8571428571428571,0,0.0,0,0.0,0,0.0,0,0,3,orders_core,join,,sf1,real
iceberg,nf_training,nf_068_sf1_real,custkey,bigint,1,1.0,0.0,0.0,0.0,1.0,0.0,0,0,0,1,1,0,0,20000,4,0.0,0.0,0.0,0,1,1,0,0.25,0,0.0,0,0.0,0,0.0,0,0,3,customer_core,join,,sf1,real
iceberg,nf_training,nf_068_sf1_real,nationkey,bigint,2,0.00125,0.0,0.0,0.0,1.0,0.0,0,0,0,0,0,0,0,20000,4,0.0,0.0,0.0,0,1,1,0,0.25,0,0.0,0,0.0,0,0.0,0,0,3,customer_core,join,,sf1,real
iceberg,nf_training,nf_068_sf1_real,acctbal,double,3,0.99095,0.0,0.0,0.0,1.0,0.0,0,0,0,0,0,0,0,20000,4,0.0,0.0,0.0,0,1,1,0,0.25,0,0.0,0,0.0,0,0.0,0,0,3,customer_core,join,,sf1,real
iceberg,nf_training,nf_068_sf1_real,mktsegment,varchar,4,0.00025,0.0,0.0,8.99375,1.0,0.0,0,0,0,0,0,0,0,20000,4,0.0,0.0,0.0,0,1,1,0,0.25,0,0.0,0,0.0,0,0.0,0,0,3,customer_core,join,,sf1,real
iceberg,nf_training,nf_069_sf1_real,suppkey,bigint,1,1.0,0.0,0.0,0.0,1.0,0.0,0,0,0,1,1,0,0,10000,3,0.0,0.0,0.0,0,1,1,0,0.3333333333333333,0,0.0,0,0.0,0,0.0,0,0,3,supplier_core,join,,sf1,real
iceberg,nf_training,nf_069_sf1_real,nationkey,bigint,2,0.0025,0.0,0.0,0.0,1.0,0.0,0,0,0,0,0,0,0,10000,3,0.0,0.0,0.0,0,1,1,0,0.3333333333333333,0,0.0,0,0.0,0,0.0,0,0,3,supplier_core,join,,sf1,real
iceberg,nf_training,nf_069_sf1_real,acctbal,double,3,0.9955,0.0,0.0,0.0,1.0,0.0,0,0,0,0,0,0,0,10000,3,0.0,0.0,0.0,0,1,1,0,0.3333333333333333,0,0.0,0,0.0,0,0.0,0,0,3,supplier_core,join,,sf1,real
iceberg,nf_training,nf_070_sf1_real,partkey,bigint,1,1.0,0.0,0.0,0.0,1.0,0.0,0,0,0,1,1,0,0,20000,6,0.0,0.0,0.0,0,1,1,0,0.16666666666666666,0,0.0,0,0.0,0,0.0,0,0,3,part_core,join,,sf1,real
iceberg,nf_training,nf_070_sf1_real,brand,varchar,2,0.00125,0.0,0.0,8.0,1.0,0.0,0,0,0,0,0,0,0,20000,6,0.0,0.0,0.0,0,1,1,0,0.16666666666666666,0,0.0,0,0.0,0,0.0,0,0,3,part_core,join,,sf1,real
iceberg,nf_training,nf_070_sf1_real,type,varchar,3,0.0075,0.0,0.0,20.58315,1.0,0.0,0,0,0,0,0,0,0,20000,6,0.0,0.0,0.0,0,1,1,0,0.16666666666666666,0,0.0,0,0.0,0,0.0,0,0,3,part_core,join,,sf1,real
iceberg,nf_training,nf_070_sf1_real,size,integer,4,0.0025,0.0,0.0,0.0,1.0,0.0,0,0,0,0,0,0,0,20000,6,0.0,0.0,0.0,0,1,1,0,0.16666666666666666,0,0.0,0,0.0,0,0.0,0,0,3,part_core,join,,sf1,real
iceberg,nf_training,nf_070_sf1_real,container,varchar,5,0.002,0.0,0.0,7.57,1.0,0.0,0,0,0,0,0,0,0,20000,6,0.0,0.0,0.0,0,1,1,0,0.16666666666666666,0,0.0,0,0.0,0,0.0,0,0,3,part_core,join,,sf1,real
iceberg,nf_training,nf_070_sf1_real,retailprice,double,6,0.14495,0.0,0.0,0.0,1.0,0.0,0,0,0,0,0,0,0,20000,6,0.0,0.0,0.0,0,1,1,0,0.16666666666666666,0,0.0,0,0.0,0,0.0,0,0,3,part_core,join,,sf1,real
iceberg,nf_training,nf_071_sf1_real,nationkey,bigint,1,1.0,0.0,0.0,0.0,1.0,0.0,0,0,0,1,1,0,0,25,3,0.0,0.0,0.0,0,2,1,0,0.6666666666666666,0,0.0,0,0.0,0,0.0,0,0,3,nation_core,join,,sf1,real
iceberg,nf_training,nf_071_sf1_real,name,varchar,2,1.0,0.0,0.0,7.08,1.0,0.0,0,0,0,1,1,0,0,25,3,0.0,0.0,0.0,0,2,1,0,0.6666666666666666,0,0.0,0,0.0,0,0.0,0,0,3,nation_core,join,,sf1,real
iceberg,nf_training,nf_071_sf1_real,regionkey,bigint,3,0.2,0.0,0.0,0.0,1.0,0.0,0,0,0,0,0,0,0,25,3,0.0,0.0,0.0,0,2,1,0,0.6666666666666666,0,0.0,0,0.0,0,0.0,0,0,3,nation_core,join,,sf1,real
iceberg,nf_training,nf_072_sf1_real,orderkey,bigint,1,0.24935,0.0,0.0,0.0,1.0,0.0,0,0,0,1,1,0,0,20000,11,0.0482,0.0,0.0,0,18,2,18,1.0,0,0.0,0,0.0,0,0.0,0,0,3,lineitem_core,join,,sf1,real
iceberg,nf_training,nf_072_sf1_real,linenumber,integer,2,0.00035,0.0,0.0,0.0,1.0,0.0,0,0,0,1,1,0,0,20000,11,0.0482,0.0,0.0,0,18,2,18,1.0,0,0.0,0,0.0,0,0.0,0,0,3,lineitem_core,join,,sf1,real
iceberg,nf_training,nf_072_sf1_real,partkey,bigint,3,0.95115,0.0,0.0,0.0,1.0,0.0,0,0,0,1,1,0,0,20000,11,0.0482,0.0,0.0,0,18,2,18,1.0,0,0.0,0,0.0,0,0.0,0,0,3,lineitem_core,join,,sf1,real
iceberg,nf_training,nf_072_sf1_real,suppkey,bigint,4,0.4303,0.0,0.0,0.0,1.0,0.0,0,0,0,1,1,0,0,20000,11,0.0482,0.0,0.0,0,18,2,18,1.0,0,0.0,0,0.0,0,0.0,0,0,3,lineitem_core,join,,sf1,real
iceberg,nf_training,nf_072_sf1_real,quantity,double,5,0.0025,0.0,0.0,0.0,1.0,0.0,0,0,0,1,1,0,0,20000,11,0.0482,0.0,0.0,0,18,2,18,1.0,0,0.0,0,0.0,0,0.0,0,0,3,lineitem_core,join,,sf1,real
iceberg,nf_training,nf_072_sf1_real,extendedprice,double,6,0.9876,0.0,0.0,0.0,1.0,0.0,0,0,0,1,1,0,0,20000,11,0.0482,0.0,0.0,0,18,2,18,1.0,0,0.0,0,0.0,0,0.0,0,0,3,lineitem_core,join,,sf1,real
iceberg,nf_training,nf_072_sf1_real,discount,double,7,0.00055,0.0,0.0,0.0,1.0,0.0,0,0,0,1,1,0,0,20000,11,0.0482,0.0,0.0,0,18,2,18,1.0,0,0.0,0,0.0,0,0.0,0,0,3,lineitem_core,join,,sf1,real
iceberg,nf_training,nf_072_sf1_real,returnflag,varchar,8,0.00015,0.0,0.0,1.0,1.0,0.0,0,0,0,1,1,0,0,20000,11,0.0482,0.0,0.0,0,18,2,18,1.0,0,0.0,0,0.0,0,0.0,0,0,3,lineitem_core,join,,sf1,real
iceberg,nf_training,nf_072_sf1_real,shipdate,date,9,0.12525,0.0,0.0,0.0,1.0,0.0,0,0,0,1,1,0,0,20000,11,0.0482,0.0,0.0,0,18,2,18,1.0,0,0.0,0,0.0,0,0.0,0,0,3,lineitem_core,join,,sf1,real
iceberg,nf_training,nf_072_sf1_real,shipmode,varchar,10,0.00035,0.0,0.0,4.29065,1.0,0.0,0,0,0,1,1,0,0,20000,11,0.0482,0.0,0.0,0,18,2,18,1.0,0,0.0,0,0.0,0,0.0,0,0,3,lineitem_core,join,,sf1,real
iceberg,nf_training,nf_072_sf1_real,note_text,varchar,11,0.9896,0.0,0.0482,24.00503492697088,1.1023,0.0038661035684929563,1,0,0,1,1,0,0,20000,11,0.0482,0.0,0.0,0,18,2,18,1.0,0,0.0,0,0.0,0,0.0,0,0,3,lineitem_core,join,,sf1,real
iceberg,nf_training,nf_073_sf1_real,partkey,bigint,1,0.25,0.0,0.0,0.0,1.0,0.0,0,0,0,1,1,0,0,20000,4,0.0,0.0,0.0,0,3,2,3,1.0,0,0.0,0,0.0,0,0.0,0,0,3,partsupp_core,join,,sf1,real
iceberg,nf_training,nf_073_sf1_real,suppkey,bigint,2,0.5,0.0,0.0,0.0,1.0,0.0,0,0,0,1,1,0,0,20000,4,0.0,0.0,0.0,0,3,2,3,1.0,0,0.0,0,0.0,0,0.0,0,0,3,partsupp_core,join,,sf1,real
iceberg,nf_training,nf_073_sf1_real,availqty,integer,3,0.4343,0.0,0.0,0.0,1.0,0.0,0,0,0,1,1,0,0,20000,4,0.0,0.0,0.0,0,3,2,3,1.0,0,0.0,0,0.0,0,0.0,0,0,3,partsupp_core,join,,sf1,real
iceberg,nf_training,nf_073_sf1_real,supplycost,double,4,0.9062,0.0,0.0,0.0,1.0,0.0,0,0,0,1,1,0,0,20000,4,0.0,0.0,0.0,0,3,2,3,1.0,0,0.0,0,0.0,0,0.0,0,0,3,partsupp_core,join,,sf1,real
iceberg,nf_training,nf_074_sf1_real,orderkey,bigint,1,1.0,0.0,0.0,0.0,1.0,0.0,0,0,0,1,1,0,0,20000,10,0.0332,0.0,0.0,0,15,1,14,1.0,3,0.03333333333333333,3,0.03333333333333333,0,0.0,0,0,2,orders_customer,join,,sf1,real
iceberg,nf_training,nf_074_sf1_real,custkey,bigint,2,0.901,0.0,0.0,0.0,1.0,0.0,0,0,0,1,1,3,0,20000,10,0.0332,0.0,0.0,0,15,1,14,1.0,3,0.03333333333333333,3,0.03333333333333333,0,0.0,0,0,2,orders_customer,join,,sf1,real
iceberg,nf_training,nf_074_sf1_real,orderstatus,varchar,3,0.00015,0.0,0.0,1.0,1.0,0.0,0,0,0,1,1,0,0,20000,10,0.0332,0.0,0.0,0,15,1,14,1.0,3,0.03333333333333333,3,0.03333333333333333,0,0.0,0,0,2,orders_customer,join,,sf1,real
iceberg,nf_training,nf_074_sf1_real,orderdate,date,4,0.1203,0.0,0.0,0.0,1.0,0.0,0,0,0,1,1,0,0,20000,10,0.0332,0.0,0.0,0,15,1,14,1.0,3,0.03333333333333333,3,0.03333333333333333,0,0.0,0,0,2,orders_customer,join,,sf1,real
iceberg,nf_training,nf_074_sf1_real,orderpriority,varchar,5,0.00025,0.0,0.0,8.41105,1.0,0.0,0,0,0,1,1,0,0,20000,10,0.0332,0.0,0.0,0,15,1,14,1.0,3,0.03333333333333333,3,0.03333333333333333,0,0.0,0,0,2,orders_customer,join,,sf1,real
iceberg,nf_training,nf_074_sf1_real,clerk,varchar,6,0.05,0.0,0.0,15.0,1.0,0.0,0,0,0,1,1,0,0,20000,10,0.0332,0.0,0.0,0,15,1,14,1.0,3,0.03333333333333333,3,0.03333333333333333,0,0.0,0,0,2,orders_customer,join,,sf1,real
iceberg,nf_training,nf_074_sf1_real,customer_nationkey,bigint,7,0.00125,0.0,0.0,0.0,1.0,0.0,0,0,0,1,1,0,1,20000,10,0.0332,0.0,0.0,0,15,1,14,1.0,3,0.03333333333333333,3,0.03333333333333333,0,0.0,0,0,2,orders_customer,join,,sf1,real
iceberg,nf_training,nf_074_sf1_real,customer_acctbal,double,8,0.8933,0.0,0.0,0.0,1.0,0.0,0,0,0,1,1,0,1,20000,10,0.0332,0.0,0.0,0,15,1,14,1.0,3,0.03333333333333333,3,0.03333333333333333,0,0.0,0,0,2,orders_customer,join,,sf1,real
iceberg,nf_training,nf_074_sf1_real,customer_mktsegment,varchar,9,0.00025,0.0,0.0,8.99655,1.0,0.0,0,0,0,1,1,0,1,20000,10,0.0332,0.0,0.0,0,15,1,14,1.0,3,0.03333333333333333,3,0.03333333333333333,0,0.0,0,0,2,orders_customer,join,,sf1,real
iceberg,nf_training,nf_074_sf1_real,note_text,varchar,10,0.99935,0.0,0.0332,40.88792014152135,1.1871,0.003854707801405289,1,0,0,1,1,0,0,20000,10,0.0332,0.0,0.0,0,15,1,14,1.0,3,0.03333333333333333,3,0.03333333333333333,0,0.0,0,0,2,orders_customer,join,,sf1,real
iceberg,nf_training,nf_075_sf1_real,orderkey,bigint,1,1.0,0.0,0.0,0.0,1.0,0.0,0,0,0,1,1,0,0,20000,11,0.0,0.0,0.0,0,10,1,9,0.9090909090909091,9,0.08181818181818182,9,0.08181818181818182,0,0.0,0,0,2,orders_customer_nation,join,,sf1,real
iceberg,nf_training,nf_075_sf1_real,custkey,bigint,2,0.901,0.0,0.0,0.0,1.0,0.0,0,0,0,1,1,5,0,20000,11,0.0,0.0,0.0,0,10,1,9,0.9090909090909091,9,0.08181818181818182,9,0.08181818181818182,0,0.0,0,0,2,orders_customer_nation,join,,sf1,real
iceberg,nf_training,nf_075_sf1_real,orderstatus,varchar,3,0.00015,0.0,0.0,1.0,1.0,0.0,0,0,0,0,0,0,0,20000,11,0.0,0.0,0.0,0,10,1,9,0.9090909090909091,9,0.08181818181818182,9,0.08181818181818182,0,0.0,0,0,2,orders_customer_nation,join,,sf1,real
iceberg,nf_training,nf_075_sf1_real,orderdate,date,4,0.1203,0.0,0.0,0.0,1.0,0.0,0,0,0,1,1,0,0,20000,11,0.0,0.0,0.0,0,10,1,9,0.9090909090909091,9,0.08181818181818182,9,0.08181818181818182,0,0.0,0,0,2,orders_customer_nation,join,,sf1,real
iceberg,nf_training,nf_075_sf1_real,orderpriority,varchar,5,0.00025,0.0,0.0,8.41105,1.0,0.0,0,0,0,1,1,0,0,20000,11,0.0,0.0,0.0,0,10,1,9,0.9090909090909091,9,0.08181818181818182,9,0.08181818181818182,0,0.0,0,0,2,orders_customer_nation,join,,sf1,real
iceberg,nf_training,nf_075_sf1_real,clerk,varchar,6,0.05,0.0,0.0,15.0,1.0,0.0,0,0,0,1,1,0,0,20000,11,0.0,0.0,0.0,0,10,1,9,0.9090909090909091,9,0.08181818181818182,9,0.08181818181818182,0,0.0,0,0,2,orders_customer_nation,join,,sf1,real
iceberg,nf_training,nf_075_sf1_real,customer_nationkey,bigint,7,0.00125,0.0,0.0,0.0,1.0,0.0,0,0,0,1,1,2,2,20000,11,0.0,0.0,0.0,0,10,1,9,0.9090909090909091,9,0.08181818181818182,9,0.08181818181818182,0,0.0,0,0,2,orders_customer_nation,join,,sf1,real
iceberg,nf_training,nf_075_sf1_real,customer_acctbal,double,8,0.8933,0.0,0.0,0.0,1.0,0.0,0,0,0,1,1,0,1,20000,11,0.0,0.0,0.0,0,10,1,9,0.9090909090909091,9,0.08181818181818182,9,0.08181818181818182,0,0.0,0,0,2,orders_customer_nation,join,,sf1,real
iceberg,nf_training,nf_075_sf1_real,customer_mktsegment,varchar,9,0.00025,0.0,0.0,8.99655,1.0,0.0,0,0,0,1,1,0,1,20000,11,0.0,0.0,0.0,0,10,1,9,0.9090909090909091,9,0.08181818181818182,9,0.08181818181818182,0,0.0,0,0,2,orders_customer_nation,join,,sf1,real
iceberg,nf_training,nf_075_sf1_real,nation_name,varchar,10,0.00125,0.0,0.0,7.10165,1.0,0.0,0,0,0,1,1,2,2,20000,11,0.0,0.0,0.0,0,10,1,9,0.9090909090909091,9,0.08181818181818182,9,0.08181818181818182,0,0.0,0,0,2,orders_customer_nation,join,,sf1,real
iceberg,nf_training,nf_075_sf1_real,nation_regionkey,bigint,11,0.00025,0.0,0.0,0.0,1.0,0.0,0,0,0,1,1,0,3,20000,11,0.0,0.0,0.0,0,10,1,9,0.9090909090909091,9,0.08181818181818182,9,0.08181818181818182,0,0.0,0,0,2,orders_customer_nation,join,,sf1,real
iceberg,nf_training,nf_076_sf1_real,orderkey,bigint,1,1.0,0.0,0.0,0.0,1.0,0.0,0,0,0,1,1,0,0,20000,12,0.0,0.0,0.0,0,11,1,10,0.9166666666666666,14,0.10606060606060606,14,0.10606060606060606,0,0.0,0,0,2,orders_customer_nation_region,join,,sf1,real
iceberg,nf_training,nf_076_sf1_real,custkey,bigint,2,0.901,0.0,0.0,0.0,1.0,0.0,0,0,0,1,1,6,0,20000,12,0.0,0.0,0.0,0,11,1,10,0.9166666666666666,14,0.10606060606060606,14,0.10606060606060606,0,0.0,0,0,2,orders_customer_nation_region,join,,sf1,real
iceberg,nf_training,nf_076_sf1_real,orderstatus,varchar,3,0.00015,0.0,0.0,1.0,1.0,0.0,0,0,0,0,0,0,0,20000,12,0.0,0.0,0.0,0,11,1,10,0.9166666666666666,14,0.10606060606060606,14,0.10606060606060606,0,0.0,0,0,2,orders_customer_nation_region,join,,sf1,real
iceberg,nf_training,nf_076_sf1_real,orderdate,date,4,0.1203,0.0,0.0,0.0,1.0,0.0,0,0,0,1,1,0,0,20000,12,0.0,0.0,0.0,0,11,1,10,0.9166666666666666,14,0.10606060606060606,14,0.10606060606060606,0,0.0,0,0,2,orders_customer_nation_region,join,,sf1,real
iceberg,nf_training,nf_076_sf1_real,orderpriority,varchar,5,0.00025,0.0,0.0,8.41105,1.0,0.0,0,0,0,1,1,0,0,20000,12,0.0,0.0,0.0,0,11,1,10,0.9166666666666666,14,0.10606060606060606,14,0.10606060606060606,0,0.0,0,0,2,orders_customer_nation_region,join,,sf1,real
iceberg,nf_training,nf_076_sf1_real,clerk,varchar,6,0.05,0.0,0.0,15.0,1.0,0.0,0,0,0,1,1,0,0,20000,12,0.0,0.0,0.0,0,11,1,10,0.9166666666666666,14,0.10606060606060606,14,0.10606060606060606,0,0.0,0,0,2,orders_customer_nation_region,join,,sf1,real
iceberg,nf_training,nf_076_sf1_real,customer_nationkey,bigint,7,0.00125,0.0,0.0,0.0,1.0,0.0,0,0,0,1,1,3,2,20000,12,0.0,0.0,0.0,0,11,1,10,0.9166666666666666,14,0.10606060606060606,14,0.10606060606060606,0,0.0,0,0,2,orders_customer_nation_region,join,,sf1,real
iceberg,nf_training,nf_076_sf1_real,customer_acctbal,double,8,0.8933,0.0,0.0,0.0,1.0,0.0,0,0,0,1,1,0,1,20000,12,0.0,0.0,0.0,0,11,1,10,0.9166666666666666,14,0.10606060606060606,14,0.10606060606060606,0,0.0,0,0,2,orders_customer_nation_region,join,,sf1,real
iceberg,nf_training,nf_076_sf1_real,customer_mktsegment,varchar,9,0.00025,0.0,0.0,8.99655,1.0,0.0,0,0,0,1,1,0,1,20000,12,0.0,0.0,0.0,0,11,1,10,0.9166666666666666,14,0.10606060606060606,14,0.10606060606060606,0,0.0,0,0,2,orders_customer_nation_region,join,,sf1,real
iceberg,nf_training,nf_076_sf1_real,nation_name,varchar,10,0.00125,0.0,0.0,7.10165,1.0,0.0,0,0,0,1,1,3,2,20000,12,0.0,0.0,0.0,0,11,1,10,0.9166666666666666,14,0.10606060606060606,14,0.10606060606060606,0,0.0,0,0,2,orders_customer_nation_region,join,,sf1,real
iceberg,nf_training,nf_076_sf1_real,nation_regionkey,bigint,11,0.00025,0.0,0.0,0.0,1.0,0.0,0,0,0,1,1,1,4,20000,12,0.0,0.0,0.0,0,11,1,10,0.9166666666666666,14,0.10606060606060606,14,0.10606060606060606,0,0.0,0,0,2,orders_customer_nation_region,join,,sf1,real
iceberg,nf_training,nf_076_sf1_real,region_name,varchar,12,0.00025,0.0,0.0,6.7891,1.0,0.0,0,0,0,1,1,1,4,20000,12,0.0,0.0,0.0,0,11,1,10,0.9166666666666666,14,0.10606060606060606,14,0.10606060606060606,0,0.0,0,0,2,orders_customer_nation_region,join,,sf1,real
iceberg,nf_training,nf_077_sf1_real,custkey,bigint,1,1.0,0.0,0.0,0.0,1.0,0.0,0,0,0,1,1,0,0,20000,6,0.0,0.0,0.0,0,1,1,0,0.16666666666666666,4,0.13333333333333333,0,0.0,4,0.13333333333333333,0,4,2,customer_nation,join,,sf1,real
iceberg,nf_training,nf_077_sf1_real,nationkey,bigint,2,0.00125,0.0,0.0,0.0,1.0,0.0,0,0,0,0,0,2,1,20000,6,0.0,0.0,0.0,0,1,1,0,0.16666666666666666,4,0.13333333333333333,0,0.0,4,0.13333333333333333,0,4,2,customer_nation,join,,sf1,real
iceberg,nf_training,nf_077_sf1_real,acctbal,double,3,0.99095,0.0,0.0,0.0,1.0,0.0,0,0,0,0,0,0,0,20000,6,0.0,0.0,0.0,0,1,1,0,0.16666666666666666,4,0.13333333333333333,0,0.0,4,0.13333333333333333,0,4,2,customer_nation,join,,sf1,real
iceberg,nf_training,nf_077_sf1_real,mktsegment,varchar,4,0.00025,0.0,0.0,8.99375,1.0,0.0,0,0,0,0,0,0,0,20000,6,0.0,0.0,0.0,0,1,1,0,0.16666666666666666,4,0.13333333333333333,0,0.0,4,0.13333333333333333,0,4,2,customer_nation,join,,sf1,real
iceberg,nf_training,nf_077_sf1_real,nation_name,varchar,5,0.00125,0.0,0.0,7.0848,1.0,0.0,0,0,0,0,0,2,1,20000,6,0.0,0.0,0.0,0,1,1,0,0.16666666666666666,4,0.13333333333333333,0,0.0,4,0.13333333333333333,0,4,2,customer_nation,join,,sf1,real
iceberg,nf_training,nf_077_sf1_real,nation_regionkey,bigint,6,0.00025,0.0,0.0,0.0,1.0,0.0,0,0,0,0,0,0,2,20000,6,0.0,0.0,0.0,0,1,1,0,0.16666666666666666,4,0.13333333333333333,0,0.0,4,0.13333333333333333,0,4,2,customer_nation,join,,sf1,real
iceberg,nf_training,nf_078_sf1_real,suppkey,bigint,1,1.0,0.0,0.0,0.0,1.0,0.0,0,0,0,1,1,0,0,10000,5,0.0,0.0,0.0,0,1,1,0,0.2,4,0.2,0,0.0,4,0.2,0,4,2,supplier_nation,join,,sf1,real
iceberg,nf_training,nf_078_sf1_real,nationkey,bigint,2,0.0025,0.0,0.0,0.0,1.0,0.0,0,0,0,0,0,2,1,10000,5,0.0,0.0,0.0,0,1,1,0,0.2,4,0.2,0,0.0,4,0.2,0,4,2,supplier_nation,join,,sf1,real
iceberg,nf_training,nf_078_sf1_real,acctbal,double,3,0.9955,0.0,0.0,0.0,1.0,0.0,0,0,0,0,0,0,0,10000,5,0.0,0.0,0.0,0,1,1,0,0.2,4,0.2,0,0.0,4,0.2,0,4,2,supplier_nation,join,,sf1,real
iceberg,nf_training,nf_078_sf1_real,nation_name,varchar,4,0.0025,0.0,0.0,7.0667,1.0,0.0,0,0,0,0,0,2,1,10000,5,0.0,0.0,0.0,0,1,1,0,0.2,4,0.2,0,0.0,4,0.2,0,4,2,supplier_nation,join,,sf1,real
iceberg,nf_training,nf_078_sf1_real,nation_regionkey,bigint,5,0.0005,0.0,0.0,0.0,1.0,0.0,0,0,0,0,0,0,2,10000,5,0.0,0.0,0.0,0,1,1,0,0.2,4,0.2,0,0.0,4,0.2,0,4,2,supplier_nation,join,,sf1,real
iceberg,nf_training,nf_079_sf1_real,partkey,bigint,1,1.0,0.0,0.0,0.0,1.0,0.0,0,0,0,1,1,0,0,20000,7,0.0,0.0,0.0,0,1,1,0,0.14285714285714285,1,0.023809523809523808,0,0.0,1,0.023809523809523808,0,1,2,part_with_mfgr,join,,sf1,real
iceberg,nf_training,nf_079_sf1_real,mfgr,varchar,2,0.00025,0.0,0.0,14.0,1.0,0.0,0,0,0,0,0,0,1,20000,7,0.0,0.0,0.0,0,1,1,0,0.14285714285714285,1,0.023809523809523808,0,0.0,1,0.023809523809523808,0,1,2,part_with_mfgr,join,,sf1,real
iceberg,nf_training,nf_079_sf1_real,brand,varchar,3,0.00125,0.0,0.0,8.0,1.0,0.0,0,0,0,0,0,1,0,20000,7,0.0,0.0,0.0,0,1,1,0,0.14285714285714285,1,0.023809523809523808,0,0.0,1,0.023809523809523808,0,1,2,part_with_mfgr,join,,sf1,real
iceberg,nf_training,nf_079_sf1_real,type,varchar,4,0.0075,0.0,0.0,20.58315,1.0,0.0,0,0,0,0,0,0,0,20000,7,0.0,0.0,0.0,0,1,1,0,0.14285714285714285,1,0.023809523809523808,0,0.0,1,0.023809523809523808,0,1,2,part_with_mfgr,join,,sf1,real
iceberg,nf_training,nf_079_sf1_real,size,integer,5,0.0025,0.0,0.0,0.0,1.0,0.0,0,0,0,0,0,0,0,20000,7,0.0,0.0,0.0,0,1,1,0,0.14285714285714285,1,0.023809523809523808,0,0.0,1,0.023809523809523808,0,1,2,part_with_mfgr,join,,sf1,real
iceberg,nf_training,nf_079_sf1_real,container,varchar,6,0.002,0.0,0.0,7.57,1.0,0.0,0,0,0,0,0,0,0,20000,7,0.0,0.0,0.0,0,1,1,0,0.14285714285714285,1,0.023809523809523808,0,0.0,1,0.023809523809523808,0,1,2,part_with_mfgr,join,,sf1,real
iceberg,nf_training,nf_079_sf1_real,retailprice,double,7,0.14495,0.0,0.0,0.0,1.0,0.0,0,0,0,0,0,0,0,20000,7,0.0,0.0,0.0,0,1,1,0,0.14285714285714285,1,0.023809523809523808,0,0.0,1,0.023809523809523808,0,1,2,part_with_mfgr,join,,sf1,real
iceberg,nf_training,nf_080_sf1_real,orderkey,bigint,1,0.24935,0.0,0.0,0.0,1.0,0.0,0,0,0,1,1,0,0,20000,12,0.0482,0.0,0.0,0,19,2,19,1.0,1,0.007575757575757576,1,0.007575757575757576,0,0.0,0,0,2,lineitem_with_status,join,,sf1,real
iceberg,nf_training,nf_080_sf1_real,linenumber,integer,2,0.00035,0.0,0.0,0.0,1.0,0.0,0,0,0,1,1,0,0,20000,12,0.0482,0.0,0.0,0,19,2,19,1.0,1,0.007575757575757576,1,0.007575757575757576,0,0.0,0,0,2,lineitem_with_status,join,,sf1,real
iceberg,nf_training,nf_080_sf1_real,partkey,bigint,3,0.95115,0.0,0.0,0.0,1.0,0.0,0,0,0,1,1,0,0,20000,12,0.0482,0.0,0.0,0,19,2,19,1.0,1,0.007575757575757576,1,0.007575757575757576,0,0.0,0,0,2,lineitem_with_status,join,,sf1,real
iceberg,nf_training,nf_080_sf1_real,suppkey,bigint,4,0.4303,0.0,0.0,0.0,1.0,0.0,0,0,0,1,1,0,0,20000,12,0.0482,0.0,0.0,0,19,2,19,1.0,1,0.007575757575757576,1,0.007575757575757576,0,0.0,0,0,2,lineitem_with_status,join,,sf1,real
iceberg,nf_training,nf_080_sf1_real,quantity,double,5,0.0025,0.0,0.0,0.0,1.0,0.0,0,0,0,1,1,0,0,20000,12,0.0482,0.0,0.0,0,19,2,19,1.0,1,0.007575757575757576,1,0.007575757575757576,0,0.0,0,0,2,lineitem_with_status,join,,sf1,real
iceberg,nf_training,nf_080_sf1_real,extendedprice,double,6,0.9876,0.0,0.0,0.0,1.0,0.0,0,0,0,1,1,0,0,20000,12,0.0482,0.0,0.0,0,19,2,19,1.0,1,0.007575757575757576,1,0.007575757575757576,0,0.0,0,0,2,lineitem_with_status,join,,sf1,real
iceberg,nf_training,nf_080_sf1_real,discount,double,7,0.00055,0.0,0.0,0.0,1.0,0.0,0,0,0,1,1,0,0,20000,12,0.0482,0.0,0.0,0,19,2,19,1.0,1,0.007575757575757576,1,0.007575757575757576,0,0.0,0,0,2,lineitem_with_status,join,,sf1,real
iceberg,nf_training,nf_080_sf1_real,returnflag,varchar,8,0.00015,0.0,0.0,1.0,1.0,0.0,0,0,0,1,1,0,0,20000,12,0.0482,0.0,0.0,0,19,2,19,1.0,1,0.007575757575757576,1,0.007575757575757576,0,0.0,0,0,2,lineitem_with_status,join,,sf1,real
iceberg,nf_training,nf_080_sf1_real,linestatus,varchar,9,0.0001,0.0,0.0,1.0,1.0,0.0,0,0,0,1,1,0,1,20000,12,0.0482,0.0,0.0,0,19,2,19,1.0,1,0.007575757575757576,1,0.007575757575757576,0,0.0,0,0,2,lineitem_with_status,join,,sf1,real
iceberg,nf_training,nf_080_sf1_real,shipdate,date,10,0.12525,0.0,0.0,0.0,1.0,0.0,0,0,0,1,1,1,0,20000,12,0.0482,0.0,0.0,0,19,2,19,1.0,1,0.007575757575757576,1,0.007575757575757576,0,0.0,0,0,2,lineitem_with_status,join,,sf1,real
iceberg,nf_training,nf_080_sf1_real,shipmode,varchar,11,0.00035,0.0,0.0,4.29065,1.0,0.0,0,0,0,1,1,0,0,20000,12,0.0482,0.0,0.0,0,19,2,19,1.0,1,0.007575757575757576,1,0.007575757575757576,0,0.0,0,0,2,lineitem_with_status,join,,sf1,real
iceberg,nf_training,nf_080_sf1_real,note_text,varchar,12,0.9896,0.0,0.0482,24.00503492697088,1.1023,0.0038661035684929563,1,0,0,1,1,0,0,20000,12,0.0482,0.0,0.0,0,19,2,19,1.0,1,0.007575757575757576,1,0.007575757575757576,0,0.0,0,0,2,lineitem_with_status,join,,sf1,real
iceberg,nf_training,nf_081_sf1_real,orderkey,bigint,1,0.24935,0.0,0.0,0.0,1.0,0.0,0,0,0,1,1,0,0,20000,16,0.0,0.0,0.0,0,33,2,33,0.9375,7,0.029166666666666667,7,0.029166666666666667,0,0.0,0,0,2,lineitem_part,join,,sf1,real
iceberg,nf_training,nf_081_sf1_real,linenumber,integer,2,0.00035,0.0,0.0,0.0,1.0,0.0,0,0,0,1,1,0,0,20000,16,0.0,0.0,0.0,0,33,2,33,0.9375,7,0.029166666666666667,7,0.029166666666666667,0,0.0,0,0,2,lineitem_part,join,,sf1,real
iceberg,nf_training,nf_081_sf1_real,partkey,bigint,3,0.95115,0.0,0.0,0.0,1.0,0.0,0,0,0,1,1,6,0,20000,16,0.0,0.0,0.0,0,33,2,33,0.9375,7,0.029166666666666667,7,0.029166666666666667,0,0.0,0,0,2,lineitem_part,join,,sf1,real
iceberg,nf_training,nf_081_sf1_real,suppkey,bigint,4,0.4303,0.0,0.0,0.0,1.0,0.0,0,0,0,1,1,0,0,20000,16,0.0,0.0,0.0,0,33,2,33,0.9375,7,0.029166666666666667,7,0.029166666666666667,0,0.0,0,0,2,lineitem_part,join,,sf1,real
iceberg,nf_training,nf_081_sf1_real,quantity,double,5,0.0025,0.0,0.0,0.0,1.0,0.0,0,0,0,1,1,0,0,20000,16,0.0,0.0,0.0,0,33,2,33,0.9375,7,0.029166666666666667,7,0.029166666666666667,0,0.0,0,0,2,lineitem_part,join,,sf1,real
iceberg,nf_training,nf_081_sf1_real,extendedprice,double,6,0.9876,0.0,0.0,0.0,1.0,0.0,0,0,0,1,1,0,0,20000,16,0.0,0.0,0.0,0,33,2,33,0.9375,7,0.029166666666666667,7,0.029166666666666667,0,0.0,0,0,2,lineitem_part,join,,sf1,real
iceberg,nf_training,nf_081_sf1_real,discount,double,7,0.00055,0.0,0.0,0.0,1.0,0.0,0,0,0,1,1,0,0,20000,16,0.0,0.0,0.0,0,33,2,33,0.9375,7,0.029166666666666667,7,0.029166666666666667,0,0.0,0,0,2,lineitem_part,join,,sf1,real
iceberg,nf_training,nf_081_sf1_real,returnflag,varchar,8,0.00015,0.0,0.0,1.0,1.0,0.0,0,0,0,0,0,0,0,20000,16,0.0,0.0,0.0,0,33,2,33,0.9375,7,0.029166666666666667,7,0.029166666666666667,0,0.0,0,0,2,lineitem_part,join,,sf1,real
iceberg,nf_training,nf_081_sf1_real,shipdate,date,9,0.12525,0.0,0.0,0.0,1.0,0.0,0,0,0,1,1,0,0,20000,16,0.0,0.0,0.0,0,33,2,33,0.9375,7,0.029166666666666667,7,0.029166666666666667,0,0.0,0,0,2,lineitem_part,join,,sf1,real
iceberg,nf_training,nf_081_sf1_real,shipmode,varchar,10,0.00035,0.0,0.0,4.29065,1.0,0.0,0,0,0,1,1,0,0,20000,16,0.0,0.0,0.0,0,33,2,33,0.9375,7,0.029166666666666667,7,0.029166666666666667,0,0.0,0,0,2,lineitem_part,join,,sf1,real
iceberg,nf_training,nf_081_sf1_real,part_mfgr,varchar,11,0.00025,0.0,0.0,14.0,1.0,0.0,0,0,0,1,1,0,2,20000,16,0.0,0.0,0.0,0,33,2,33,0.9375,7,0.029166666666666667,7,0.029166666666666667,0,0.0,0,0,2,lineitem_part,join,,sf1,real
iceberg,nf_training,nf_081_sf1_real,part_brand,varchar,12,0.00125,0.0,0.0,8.0,1.0,0.0,0,0,0,1,1,1,1,20000,16,0.0,0.0,0.0,0,33,2,33,0.9375,7,0.029166666666666667,7,0.029166666666666667,0,0.0,0,0,2,lineitem_part,join,,sf1,real
iceberg,nf_training,nf_081_sf1_real,part_type,varchar,13,0.0075,0.0,0.0,20.61935,1.0,0.0,0,0,0,1,1,0,1,20000,16,0.0,0.0,0.0,0,33,2,33,0.9375,7,0.029166666666666667,7,0.029166666666666667,0,0.0,0,0,2,lineitem_part,join,,sf1,real
iceberg,nf_training,nf_081_sf1_real,part_size,integer,14,0.0025,0.0,0.0,0.0,1.0,0.0,0,0,0,1,1,0,1,20000,16,0.0,0.0,0.0,0,33,2,33,0.9375,7,0.029166666666666667,7,0.029166666666666667,0,0.0,0,0,2,lineitem_part,join,,sf1,real
iceberg,nf_training,nf_081_sf1_real,part_container,varchar,15,0.002,0.0,0.0,7.5745,1.0,0.0,0,0,0,1,1,0,1,20000,16,0.0,0.0,0.0,0,33,2,33,0.9375,7,0.029166666666666667,7,0.029166666666666667,0,0.0,0,0,2,lineitem_part,join,,sf1,real
iceberg,nf_training,nf_081_sf1_real,part_retailprice,double,16,0.63935,0.0,0.0,0.0,1.0,0.0,0,0,0,1,1,0,1,20000,16,0.0,0.0,0.0,0,33,2,33,0.9375,7,0.029166666666666667,7,0.029166666666666667,0,0.0,0,0,2,lineitem_part,join,,sf1,real
iceberg,nf_training,nf_082_sf1_real,orderkey,bigint,1,0.24935,0.0,0.0,0.0,1.0,0.0,0,0,0,1,1,0,0,20000,14,0.0,0.0,0.0,0,13,2,13,0.6428571428571429,8,0.04395604395604396,4,0.02197802197802198,4,0.02197802197802198,3,4,2,lineitem_supplier_nation,join,,sf1,real
iceberg,nf_training,nf_082_sf1_real,linenumber,integer,2,0.00035,0.0,0.0,0.0,1.0,0.0,0,0,0,1,1,0,0,20000,14,0.0,0.0,0.0,0,13,2,13,0.6428571428571429,8,0.04395604395604396,4,0.02197802197802198,4,0.02197802197802198,3,4,2,lineitem_supplier_nation,join,,sf1,real
iceberg,nf_training,nf_082_sf1_real,partkey,bigint,3,0.95115,0.0,0.0,0.0,1.0,0.0,0,0,0,1,1,0,0,20000,14,0.0,0.0,0.0,0,13,2,13,0.6428571428571429,8,0.04395604395604396,4,0.02197802197802198,4,0.02197802197802198,3,4,2,lineitem_supplier_nation,join,,sf1,real
iceberg,nf_training,nf_082_sf1_real,suppkey,bigint,4,0.4303,0.0,0.0,0.0,1.0,0.0,0,0,0,1,1,4,0,20000,14,0.0,0.0,0.0,0,13,2,13,0.6428571428571429,8,0.04395604395604396,4,0.02197802197802198,4,0.02197802197802198,3,4,2,lineitem_supplier_nation,join,,sf1,real
iceberg,nf_training,nf_082_sf1_real,quantity,double,5,0.0025,0.0,0.0,0.0,1.0,0.0,0,0,0,1,1,0,0,20000,14,0.0,0.0,0.0,0,13,2,13,0.6428571428571429,8,0.04395604395604396,4,0.02197802197802198,4,0.02197802197802198,3,4,2,lineitem_supplier_nation,join,,sf1,real
iceberg,nf_training,nf_082_sf1_real,extendedprice,double,6,0.9876,0.0,0.0,0.0,1.0,0.0,0,0,0,1,1,0,0,20000,14,0.0,0.0,0.0,0,13,2,13,0.6428571428571429,8,0.04395604395604396,4,0.02197802197802198,4,0.02197802197802198,3,4,2,lineitem_supplier_nation,join,,sf1,real
iceberg,nf_training,nf_082_sf1_real,discount,double,7,0.00055,0.0,0.0,0.0,1.0,0.0,0,0,0,1,1,0,0,20000,14,0.0,0.0,0.0,0,13,2,13,0.6428571428571429,8,0.04395604395604396,4,0.02197802197802198,4,0.02197802197802198,3,4,2,lineitem_supplier_nation,join,,sf1,real
iceberg,nf_training,nf_082_sf1_real,returnflag,varchar,8,0.00015,0.0,0.0,1.0,1.0,0.0,0,0,0,0,0,0,0,20000,14,0.0,0.0,0.0,0,13,2,13,0.6428571428571429,8,0.04395604395604396,4,0.02197802197802198,4,0.02197802197802198,3,4,2,lineitem_supplier_nation,join,,sf1,real
iceberg,nf_training,nf_082_sf1_real,shipdate,date,9,0.12525,0.0,0.0,0.0,1.0,0.0,0,0,0,1,1,0,0,20000,14,0.0,0.0,0.0,0,13,2,13,0.6428571428571429,8,0.04395604395604396,4,0.02197802197802198,4,0.02197802197802198,3,4,2,lineitem_supplier_nation,join,,sf1,real
iceberg,nf_training,nf_082_sf1_real,shipmode,varchar,10,0.00035,0.0,0.0,4.29065,1.0,0.0,0,0,0,0,0,0,0,20000,14,0.0,0.0,0.0,0,13,2,13,0.6428571428571429,8,0.04395604395604396,4,0.02197802197802198,4,0.02197802197802198,3,4,2,lineitem_supplier_nation,join,,sf1,real
iceberg,nf_training,nf_082_sf1_real,supplier_nationkey,bigint,11,0.00125,0.0,0.0,0.0,1.0,0.0,0,0,0,0,0,2,2,20000,14,0.0,0.0,0.0,0,13,2,13,0.6428571428571429,8,0.04395604395604396,4,0.02197802197802198,4,0.02197802197802198,3,4,2,lineitem_supplier_nation,join,,sf1,real
iceberg,nf_training,nf_082_sf1_real,supplier_acctbal,double,12,0.4287,0.0,0.0,0.0,1.0,0.0,0,0,0,1,1,0,1,20000,14,0.0,0.0,0.0,0,13,2,13,0.6428571428571429,8,0.04395604395604396,4,0.02197802197802198,4,0.02197802197802198,3,4,2,lineitem_supplier_nation,join,,sf1,real
iceberg,nf_training,nf_082_sf1_real,nation_name,varchar,13,0.00125,0.0,0.0,7.08805,1.0,0.0,0,0,0,0,0,2,2,20000,14,0.0,0.0,0.0,0,13,2,13,0.6428571428571429,8,0.04395604395604396,4,0.02197802197802198,4,0.02197802197802198,3,4,2,lineitem_supplier_nation,join,,sf1,real
iceberg,nf_training,nf_082_sf1_real,nation_regionkey,bigint,14,0.00025,0.0,0.0,0.0,1.0,0.0,0,0,0,0,0,0,3,20000,14,0.0,0.0,0.0,0,13,2,13,0.6428571428571429,8,0.04395604395604396,4,0.02197802197802198,4,0.02197802197802198,3,4,2,lineitem_supplier_nation,join,,sf1,real
iceberg,nf_training,nf_083_sf1_real,orderkey,bigint,1,0.24935,0.0,0.0,0.0,1.0,0.0,0,0,0,1,1,5,0,20000,16,0.0482,0.0,0.0,0,41,2,41,1.0,5,0.020833333333333332,5,0.020833333333333332,0,0.0,0,0,1,lineitem_orders,join,,sf1,real
iceberg,nf_training,nf_083_sf1_real,linenumber,integer,2,0.00035,0.0,0.0,0.0,1.0,0.0,0,0,0,1,1,0,0,20000,16,0.0482,0.0,0.0,0,41,2,41,1.0,5,0.020833333333333332,5,0.020833333333333332,0,0.0,0,0,1,lineitem_orders,join,,sf1,real
iceberg,nf_training,nf_083_sf1_real,partkey,bigint,3,0.95115,0.0,0.0,0.0,1.0,0.0,0,0,0,1,1,0,0,20000,16,0.0482,0.0,0.0,0,41,2,41,1.0,5,0.020833333333333332,5,0.020833333333333332,0,0.0,0,0,1,lineitem_orders,join,,sf1,real
iceberg,nf_training,nf_083_sf1_real,suppkey,bigint,4,0.4303,0.0,0.0,0.0,1.0,0.0,0,0,0,1,1,0,0,20000,16,0.0482,0.0,0.0,0,41,2,41,1.0,5,0.020833333333333332,5,0.020833333333333332,0,0.0,0,0,1,lineitem_orders,join,,sf1,real
iceberg,nf_training,nf_083_sf1_real,quantity,double,5,0.0025,0.0,0.0,0.0,1.0,0.0,0,0,0,1,1,0,0,20000,16,0.0482,0.0,0.0,0,41,2,41,1.0,5,0.020833333333333332,5,0.020833333333333332,0,0.0,0,0,1,lineitem_orders,join,,sf1,real
iceberg,nf_training,nf_083_sf1_real,extendedprice,double,6,0.9876,0.0,0.0,0.0,1.0,0.0,0,0,0,1,1,0,0,20000,16,0.0482,0.0,0.0,0,41,2,41,1.0,5,0.020833333333333332,5,0.020833333333333332,0,0.0,0,0,1,lineitem_orders,join,,sf1,real
iceberg,nf_training,nf_083_sf1_real,discount,double,7,0.00055,0.0,0.0,0.0,1.0,0.0,0,0,0,1,1,0,0,20000,16,0.0482,0.0,0.0,0,41,2,41,1.0,5,0.020833333333333332,5,0.020833333333333332,0,0.0,0,0,1,lineitem_orders,join,,sf1,real
iceberg,nf_training,nf_083_sf1_real,returnflag,varchar,8,0.00015,0.0,0.0,1.0,1.0,0.0,0,0,0,1,1,0,0,20000,16,0.0482,0.0,0.0,0,41,2,41,1.0,5,0.020833333333333332,5,0.020833333333333332,0,0.0,0,0,1,lineitem_orders,join,,sf1,real
iceberg,nf_training,nf_083_sf1_real,shipdate,date,9,0.12525,0.0,0.0,0.0,1.0,0.0,0,0,0,1,1,0,0,20000,16,0.0482,0.0,0.0,0,41,2,41,1.0,5,0.020833333333333332,5,0.020833333333333332,0,0.0,0,0,1,lineitem_orders,join,,sf1,real
iceberg,nf_training,nf_083_sf1_real,shipmode,varchar,10,0.00035,0.0,0.0,4.29065,1.0,0.0,0,0,0,1,1,0,0,20000,16,0.0482,0.0,0.0,0,41,2,41,1.0,5,0.020833333333333332,5,0.020833333333333332,0,0.0,0,0,1,lineitem_orders,join,,sf1,real
iceberg,nf_training,nf_083_sf1_real,orders_custkey,bigint,11,0.24355,0.0,0.0,0.0,1.0,0.0,0,0,0,1,1,0,1,20000,16,0.0482,0.0,0.0,0,41,2,41,1.0,5,0.020833333333333332,5,0.020833333333333332,0,0.0,0,0,1,lineitem_orders,join,,sf1,real
iceberg,nf_training,nf_083_sf1_real,orders_orderstatus,varchar,12,0.00015,0.0,0.0,1.0,1.0,0.0,0,0,0,1,1,0,1,20000,16,0.0482,0.0,0.0,0,41,2,41,1.0,5,0.020833333333333332,5,0.020833333333333332,0,0.0,0,0,1,lineitem_orders,join,,sf1,real
iceberg,nf_training,nf_083_sf1_real,orders_orderdate,date,13,0.10555,0.0,0.0,0.0,1.0,0.0,0,0,0,1,1,0,1,20000,16,0.0482,0.0,0.0,0,41,2,41,1.0,5,0.020833333333333332,5,0.020833333333333332,0,0.0,0,0,1,lineitem_orders,join,,sf1,real
iceberg,nf_training,nf_083_sf1_real,orders_orderpriority,varchar,14,0.00025,0.0,0.0,8.47515,1.0,0.0,0,0,0,1,1,0,1,20000,16,0.0482,0.0,0.0,0,41,2,41,1.0,5,0.020833333333333332,5,0.020833333333333332,0,0.0,0,0,1,lineitem_orders,join,,sf1,real
iceberg,nf_training,nf_083_sf1_real,orders_clerk,varchar,15,0.0497,0.0,0.0,15.0,1.0,0.0,0,0,0,1,1,0,1,20000,16,0.0482,0.0,0.0,0,41,2,41,1.0,5,0.020833333333333332,5,0.020833333333333332,0,0.0,0,0,1,lineitem_orders,join,,sf1,real
iceberg,nf_training,nf_083_sf1_real,note_text,varchar,16,0.9896,0.0,0.0482,24.00503492697088,1.1023,0.0038661035684929563,1,0,0,1,1,0,0,20000,16,0.0482,0.0,0.0,0,41,2,41,1.0,5,0.020833333333333332,5,0.020833333333333332,0,0.0,0,0,1,lineitem_orders,join,,sf1,real
iceberg,nf_training,nf_084_sf1_real,orderkey,bigint,1,0.24935,0.0,0.0,0.0,1.0,0.0,0,0,0,1,1,8,0,20000,18,0.0,0.0,0.0,0,42,2,42,0.8333333333333334,11,0.03594771241830065,11,0.03594771241830065,0,0.0,1,0,1,lineitem_orders_customer,join,,sf1,real
iceberg,nf_training,nf_084_sf1_real,linenumber,integer,2,0.00035,0.0,0.0,0.0,1.0,0.0,0,0,0,1,1,0,0,20000,18,0.0,0.0,0.0,0,42,2,42,0.8333333333333334,11,0.03594771241830065,11,0.03594771241830065,0,0.0,1,0,1,lineitem_orders_customer,join,,sf1,real
iceberg,nf_training,nf_084_sf1_real,partkey,bigint,3,0.95115,0.0,0.0,0.0,1.0,0.0,0,0,0,1,1,0,0,20000,18,0.0,0.0,0.0,0,42,2,42,0.8333333333333334,11,0.03594771241830065,11,0.03594771241830065,0,0.0,1,0,1,lineitem_orders_customer,join,,sf1,real
iceberg,nf_training,nf_084_sf1_real,suppkey,bigint,4,0.4303,0.0,0.0,0.0,1.0,0.0,0,0,0,1,1,0,0,20000,18,0.0,0.0,0.0,0,42,2,42,0.8333333333333334,11,0.03594771241830065,11,0.03594771241830065,0,0.0,1,0,1,lineitem_orders_customer,join,,sf1,real
iceberg,nf_training,nf_084_sf1_real,quantity,double,5,0.0025,0.0,0.0,0.0,1.0,0.0,0,0,0,1,1,0,0,20000,18,0.0,0.0,0.0,0,42,2,42,0.8333333333333334,11,0.03594771241830065,11,0.03594771241830065,0,0.0,1,0,1,lineitem_orders_customer,join,,sf1,real
iceberg,nf_training,nf_084_sf1_real,extendedprice,double,6,0.9876,0.0,0.0,0.0,1.0,0.0,0,0,0,1,1,0,0,20000,18,0.0,0.0,0.0,0,42,2,42,0.8333333333333334,11,0.03594771241830065,11,0.03594771241830065,0,0.0,1,0,1,lineitem_orders_customer,join,,sf1,real
iceberg,nf_training,nf_084_sf1_real,discount,double,7,0.00055,0.0,0.0,0.0,1.0,0.0,0,0,0,1,1,0,0,20000,18,0.0,0.0,0.0,0,42,2,42,0.8333333333333334,11,0.03594771241830065,11,0.03594771241830065,0,0.0,1,0,1,lineitem_orders_customer,join,,sf1,real
iceberg,nf_training,nf_084_sf1_real,returnflag,varchar,8,0.00015,0.0,0.0,1.0,1.0,0.0,0,0,0,0,0,0,0,20000,18,0.0,0.0,0.0,0,42,2,42,0.8333333333333334,11,0.03594771241830065,11,0.03594771241830065,0,0.0,1,0,1,lineitem_orders_customer,join,,sf1,real
iceberg,nf_training,nf_084_sf1_real,shipdate,date,9,0.12525,0.0,0.0,0.0,1.0,0.0,0,0,0,1,1,0,0,20000,18,0.0,0.0,0.0,0,42,2,42,0.8333333333333334,11,0.03594771241830065,11,0.03594771241830065,0,0.0,1,0,1,lineitem_orders_customer,join,,sf1,real
iceberg,nf_training,nf_084_sf1_real,shipmode,varchar,10,0.00035,0.0,0.0,4.29065,1.0,0.0,0,0,0,0,0,0,0,20000,18,0.0,0.0,0.0,0,42,2,42,0.8333333333333334,11,0.03594771241830065,11,0.03594771241830065,0,0.0,1,0,1,lineitem_orders_customer,join,,sf1,real
iceberg,nf_training,nf_084_sf1_real,orders_custkey,bigint,11,0.24355,0.0,0.0,0.0,1.0,0.0,0,0,0,1,1,3,1,20000,18,0.0,0.0,0.0,0,42,2,42,0.8333333333333334,11,0.03594771241830065,11,0.03594771241830065,0,0.0,1,0,1,lineitem_orders_customer,join,,sf1,real
iceberg,nf_training,nf_084_sf1_real,orders_orderstatus,varchar,12,0.00015,0.0,0.0,1.0,1.0,0.0,0,0,0,0,0,0,1,20000,18,0.0,0.0,0.0,0,42,2,42,0.8333333333333334,11,0.03594771241830065,11,0.03594771241830065,0,0.0,1,0,1,lineitem_orders_customer,join,,sf1,real
iceberg,nf_training,nf_084_sf1_real,orders_orderdate,date,13,0.10555,0.0,0.0,0.0,1.0,0.0,0,0,0,1,1,0,1,20000,18,0.0,0.0,0.0,0,42,2,42,0.8333333333333334,11,0.03594771241830065,11,0.03594771241830065,0,0.0,1,0,1,lineitem_orders_customer,join,,sf1,real
iceberg,nf_training,nf_084_sf1_real,orders_orderpriority,varchar,14,0.00025,0.0,0.0,8.47515,1.0,0.0,0,0,0,1,1,0,1,20000,18,0.0,0.0,0.0,0,42,2,42,0.8333333333333334,11,0.03594771241830065,11,0.03594771241830065,0,0.0,1,0,1,lineitem_orders_customer,join,,sf1,real
iceberg,nf_training,nf_084_sf1_real,orders_clerk,varchar,15,0.0497,0.0,0.0,15.0,1.0,0.0,0,0,0,1,1,0,1,20000,18,0.0,0.0,0.0,0,42,2,42,0.8333333333333334,11,0.03594771241830065,11,0.03594771241830065,0,0.0,1,0,1,lineitem_orders_customer,join,,sf1,real
iceberg,nf_training,nf_084_sf1_real,customer_nationkey,bigint,16,0.00125,0.0,0.0,0.0,1.0,0.0,0,0,0,1,1,0,2,20000,18,0.0,0.0,0.0,0,42,2,42,0.8333333333333334,11,0.03594771241830065,11,0.03594771241830065,0,0.0,1,0,1,lineitem_orders_customer,join,,sf1,real
iceberg,nf_training,nf_084_sf1_real,customer_acctbal,double,17,0.24285,0.0,0.0,0.0,1.0,0.0,0,0,0,1,1,0,2,20000,18,0.0,0.0,0.0,0,42,2,42,0.8333333333333334,11,0.03594771241830065,11,0.03594771241830065,0,0.0,1,0,1,lineitem_orders_customer,join,,sf1,real
iceberg,nf_training,nf_084_sf1_real,customer_mktsegment,varchar,18,0.00025,0.0,0.0,9.01935,1.0,0.0,0,0,0,1,1,0,2,20000,18,0.0,0.0,0.0,0,42,2,42,0.8333333333333334,11,0.03594771241830065,11,0.03594771241830065,0,0.0,1,0,1,lineitem_orders_customer,join,,sf1,real
iceberg,nf_training,nf_085_sf1_real,partkey,bigint,1,0.25,0.0,0.0,0.0,1.0,0.0,0,0,0,1,1,0,0,20000,7,0.00305,0.0,0.0,0,13,2,13,1.0,2,0.047619047619047616,2,0.047619047619047616,0,0.0,0,0,1,partsupp_supplier,join,,sf1,real
iceberg,nf_training,nf_085_sf1_real,suppkey,bigint,2,0.5,0.0,0.0,0.0,1.0,0.0,0,0,0,1,1,2,0,20000,7,0.00305,0.0,0.0,0,13,2,13,1.0,2,0.047619047619047616,2,0.047619047619047616,0,0.0,0,0,1,partsupp_supplier,join,,sf1,real
iceberg,nf_training,nf_085_sf1_real,availqty,integer,3,0.4343,0.0,0.0,0.0,1.0,0.0,0,0,0,1,1,0,0,20000,7,0.00305,0.0,0.0,0,13,2,13,1.0,2,0.047619047619047616,2,0.047619047619047616,0,0.0,0,0,1,partsupp_supplier,join,,sf1,real
iceberg,nf_training,nf_085_sf1_real,supplycost,double,4,0.9062,0.0,0.0,0.0,1.0,0.0,0,0,0,1,1,0,0,20000,7,0.00305,0.0,0.0,0,13,2,13,1.0,2,0.047619047619047616,2,0.047619047619047616,0,0.0,0,0,1,partsupp_supplier,join,,sf1,real
iceberg,nf_training,nf_085_sf1_real,supplier_nationkey,bigint,5,0.00125,0.0,0.0,0.0,1.0,0.0,0,0,0,1,1,0,1,20000,7,0.00305,0.0,0.0,0,13,2,13,1.0,2,0.047619047619047616,2,0.047619047619047616,0,0.0,0,0,1,partsupp_supplier,join,,sf1,real
iceberg,nf_training,nf_085_sf1_real,supplier_acctbal,double,6,0.49775,0.0,0.0,0.0,1.0,0.0,0,0,0,1,1,0,1,20000,7,0.00305,0.0,0.0,0,13,2,13,1.0,2,0.047619047619047616,2,0.047619047619047616,0,0.0,0,0,1,partsupp_supplier,join,,sf1,real
iceberg,nf_training,nf_085_sf1_real,note_text,varchar,7,0.9999,0.0,0.00305,83.33608676673046,1.48905,0.00394104032827363,1,0,0,1,1,0,0,20000,7,0.00305,0.0,0.0,0,13,2,13,1.0,2,0.047619047619047616,2,0.047619047619047616,0,0.0,0,0,1,partsupp_supplier,join,,sf1,real
iceberg,nf_training,nf_086_sf1_real,partkey,bigint,1,0.25,0.0,0.0,0.0,1.0,0.0,0,0,0,1,1,6,0,20000,10,0.0,0.0,0.0,0,11,2,11,1.0,7,0.07777777777777778,7,0.07777777777777778,0,0.0,0,0,1,partsupp_part,join,,sf1,real
iceberg,nf_training,nf_086_sf1_real,suppkey,bigint,2,0.5,0.0,0.0,0.0,1.0,0.0,0,0,0,1,1,0,0,20000,10,0.0,0.0,0.0,0,11,2,11,1.0,7,0.07777777777777778,7,0.07777777777777778,0,0.0,0,0,1,partsupp_part,join,,sf1,real
iceberg,nf_training,nf_086_sf1_real,availqty,integer,3,0.4343,0.0,0.0,0.0,1.0,0.0,0,0,0,1,1,0,0,20000,10,0.0,0.0,0.0,0,11,2,11,1.0,7,0.07777777777777778,7,0.07777777777777778,0,0.0,0,0,1,partsupp_part,join,,sf1,real
iceberg,nf_training,nf_086_sf1_real,supplycost,double,4,0.9062,0.0,0.0,0.0,1.0,0.0,0,0,0,1,1,0,0,20000,10,0.0,0.0,0.0,0,11,2,11,1.0,7,0.07777777777777778,7,0.07777777777777778,0,0.0,0,0,1,partsupp_part,join,,sf1,real
iceberg,nf_training,nf_086_sf1_real,part_mfgr,varchar,5,0.00025,0.0,0.0,14.0,1.0,0.0,0,0,0,1,1,0,2,20000,10,0.0,0.0,0.0,0,11,2,11,1.0,7,0.07777777777777778,7,0.07777777777777778,0,0.0,0,0,1,partsupp_part,join,,sf1,real
iceberg,nf_training,nf_086_sf1_real,part_brand,varchar,6,0.00125,0.0,0.0,8.0,1.0,0.0,0,0,0,1,1,1,1,20000,10,0.0,0.0,0.0,0,11,2,11,1.0,7,0.07777777777777778,7,0.07777777777777778,0,0.0,0,0,1,partsupp_part,join,,sf1,real
iceberg,nf_training,nf_086_sf1_real,part_type,varchar,7,0.0075,0.0,0.0,20.556,1.0,0.0,0,0,0,1,1,0,1,20000,10,0.0,0.0,0.0,0,11,2,11,1.0,7,0.07777777777777778,7,0.07777777777777778,0,0.0,0,0,1,partsupp_part,join,,sf1,real
iceberg,nf_training,nf_086_sf1_real,part_size,integer,8,0.0025,0.0,0.0,0.0,1.0,0.0,0,0,0,1,1,0,1,20000,10,0.0,0.0,0.0,0,11,2,11,1.0,7,0.07777777777777778,7,0.07777777777777778,0,0.0,0,0,1,partsupp_part,join,,sf1,real
iceberg,nf_training,nf_086_sf1_real,part_container,varchar,9,0.002,0.0,0.0,7.5688,1.0,0.0,0,0,0,1,1,0,1,20000,10,0.0,0.0,0.0,0,11,2,11,1.0,7,0.07777777777777778,7,0.07777777777777778,0,0.0,0,0,1,partsupp_part,join,,sf1,real
iceberg,nf_training,nf_086_sf1_real,part_retailprice,double,10,0.06995,0.0,0.0,0.0,1.0,0.0,0,0,0,1,1,0,1,20000,10,0.0,0.0,0.0,0,11,2,11,1.0,7,0.07777777777777778,7,0.07777777777777778,0,0.0,0,0,1,partsupp_part,join,,sf1,real
iceberg,nf_training,nf_087_sf1_real,partkey,bigint,1,0.25,0.0,0.0,0.0,1.0,0.0,0,0,0,1,1,6,0,20000,12,0.0,0.0,0.0,0,26,2,26,1.0,9,0.06818181818181818,9,0.06818181818181818,0,0.0,0,0,1,partsupp_part_supplier,join,,sf1,real
iceberg,nf_training,nf_087_sf1_real,suppkey,bigint,2,0.5,0.0,0.0,0.0,1.0,0.0,0,0,0,1,1,2,0,20000,12,0.0,0.0,0.0,0,26,2,26,1.0,9,0.06818181818181818,9,0.06818181818181818,0,0.0,0,0,1,partsupp_part_supplier,join,,sf1,real
iceberg,nf_training,nf_087_sf1_real,availqty,integer,3,0.4343,0.0,0.0,0.0,1.0,0.0,0,0,0,1,1,0,0,20000,12,0.0,0.0,0.0,0,26,2,26,1.0,9,0.06818181818181818,9,0.06818181818181818,0,0.0,0,0,1,partsupp_part_supplier,join,,sf1,real
iceberg,nf_training,nf_087_sf1_real,supplycost,double,4,0.9062,0.0,0.0,0.0,1.0,0.0,0,0,0,1,1,0,0,20000,12,0.0,0.0,0.0,0,26,2,26,1.0,9,0.06818181818181818,9,0.06818181818181818,0,0.0,0,0,1,partsupp_part_supplier,join,,sf1,real
iceberg,nf_training,nf_087_sf1_real,part_mfgr,varchar,5,0.00025,0.0,0.0,14.0,1.0,0.0,0,0,0,1,1,0,2,20000,12,0.0,0.0,0.0,0,26,2,26,1.0,9,0.06818181818181818,9,0.06818181818181818,0,0.0,0,0,1,partsupp_part_supplier,join,,sf1,real
iceberg,nf_training,nf_087_sf1_real,part_brand,varchar,6,0.00125,0.0,0.0,8.0,1.0,0.0,0,0,0,1,1,1,1,20000,12,0.0,0.0,0.0,0,26,2,26,1.0,9,0.06818181818181818,9,0.06818181818181818,0,0.0,0,0,1,partsupp_part_supplier,join,,sf1,real
iceberg,nf_training,nf_087_sf1_real,part_type,varchar,7,0.0075,0.0,0.0,20.556,1.0,0.0,0,0,0,1,1,0,1,20000,12,0.0,0.0,0.0,0,26,2,26,1.0,9,0.06818181818181818,9,0.06818181818181818,0,0.0,0,0,1,partsupp_part_supplier,join,,sf1,real
iceberg,nf_training,nf_087_sf1_real,part_size,integer,8,0.0025,0.0,0.0,0.0,1.0,0.0,0,0,0,1,1,0,1,20000,12,0.0,0.0,0.0,0,26,2,26,1.0,9,0.06818181818181818,9,0.06818181818181818,0,0.0,0,0,1,partsupp_part_supplier,join,,sf1,real
iceberg,nf_training,nf_087_sf1_real,part_container,varchar,9,0.002,0.0,0.0,7.5688,1.0,0.0,0,0,0,1,1,0,1,20000,12,0.0,0.0,0.0,0,26,2,26,1.0,9,0.06818181818181818,9,0.06818181818181818,0,0.0,0,0,1,partsupp_part_supplier,join,,sf1,real
iceberg,nf_training,nf_087_sf1_real,part_retailprice,double,10,0.06995,0.0,0.0,0.0,1.0,0.0,0,0,0,1,1,0,1,20000,12,0.0,0.0,0.0,0,26,2,26,1.0,9,0.06818181818181818,9,0.06818181818181818,0,0.0,0,0,1,partsupp_part_supplier,join,,sf1,real
iceberg,nf_training,nf_087_sf1_real,supplier_nationkey,bigint,11,0.00125,0.0,0.0,0.0,1.0,0.0,0,0,0,1,1,0,1,20000,12,0.0,0.0,0.0,0,26,2,26,1.0,9,0.06818181818181818,9,0.06818181818181818,0,0.0,0,0,1,partsupp_part_supplier,join,,sf1,real
iceberg,nf_training,nf_087_sf1_real,supplier_acctbal,double,12,0.49775,0.0,0.0,0.0,1.0,0.0,0,0,0,1,1,0,1,20000,12,0.0,0.0,0.0,0,26,2,26,1.0,9,0.06818181818181818,9,0.06818181818181818,0,0.0,0,0,1,partsupp_part_supplier,join,,sf1,real
iceberg,nf_training,nf_088_sf1_real,orderkey,bigint,1,1.0,0.0,0.0,0.0,1.0,0.0,0,0,0,1,1,0,0,17173,8,1.0,0.125,0.0,0,7,1,5,0.875,0,0.0,0,0.0,0,0.0,0,0,0,orders_partkey_list,injection,orders_partkey_list_sf1_real,sf1,real
iceberg,nf_training,nf_088_sf1_real,custkey,bigint,2,0.9138764339369941,0.0,0.0,0.0,1.0,0.0,0,0,0,1,1,0,0,17173,8,1.0,0.125,0.0,0,7,1,5,0.875,0,0.0,0,0.0,0,0.0,0,0,0,orders_partkey_list,injection,orders_partkey_list_sf1_real,sf1,real
iceberg,nf_training,nf_088_sf1_real,orderstatus,varchar,3,0.000174692831770803,0.0,0.0,1.0,1.0,0.0,0,0,0,0,0,0,0,17173,8,1.0,0.125,0.0,0,7,1,5,0.875,0,0.0,0,0.0,0,0.0,0,0,0,orders_partkey_list,injection,orders_partkey_list_sf1_real,sf1,real
iceberg,nf_training,nf_088_sf1_real,orderdate,date,4,0.1400454201362604,0.0,0.0,0.0,1.0,0.0,0,0,0,1,1,0,0,17173,8,1.0,0.125,0.0,0,7,1,5,0.875,0,0.0,0,0.0,0,0.0,0,0,0,orders_partkey_list,injection,orders_partkey_list_sf1_real,sf1,real
iceberg,nf_training,nf_088_sf1_real,orderpriority,varchar,5,0.000291154719618005,0.0,0.0,8.412740930530484,1.0,0.0,0,0,0,1,1,0,0,17173,8,1.0,0.125,0.0,0,7,1,5,0.875,0,0.0,0,0.0,0,0.0,0,0,0,orders_partkey_list,injection,orders_partkey_list_sf1_real,sf1,real
iceberg,nf_training,nf_088_sf1_real,clerk,varchar,6,0.058230943923601,0.0,0.0,15.0,1.0,0.0,0,0,0,1,1,0,0,17173,8,1.0,0.125,0.0,0,7,1,5,0.875,0,0.0,0,0.0,0,0.0,0,0,0,orders_partkey_list,injection,orders_partkey_list_sf1_real,sf1,real
iceberg,nf_training,nf_088_sf1_real,note_text,varchar,7,0.999417690560764,0.0,0.03319163803645257,40.95948931991161,1.1858731730041343,0.0038266957585057666,1,0,0,1,1,0,0,17173,8,1.0,0.125,0.0,0,7,1,5,0.875,0,0.0,0,0.0,0,0.0,0,0,0,orders_partkey_list,injection,orders_partkey_list_sf1_real,sf1,real
iceberg,nf_training,nf_088_sf1_real,lineitem_partkey_list,varchar,8,1.0,0.0,1.0,6.226015440121039,4.503057124555989,0.12494807503780138,0,1,0,1,1,0,0,17173,8,1.0,0.125,0.0,0,7,1,5,0.875,0,0.0,0,0.0,0,0.0,0,0,0,orders_partkey_list,injection,orders_partkey_list_sf1_real,sf1,real
iceberg,nf_training,nf_089_sf1_real,orderkey,bigint,1,1.0,0.0,0.0,0.0,1.0,0.0,0,0,0,1,1,0,0,17173,8,0.03319163803645257,0.0,0.0,0,7,1,6,0.875,0,0.0,0,0.0,0,0.0,0,0,3,orders_partkey_list_control,control,orders_partkey_list_sf1_real,sf1,real
iceberg,nf_training,nf_089_sf1_real,custkey,bigint,2,0.9138764339369941,0.0,0.0,0.0,1.0,0.0,0,0,0,1,1,0,0,17173,8,0.03319163803645257,0.0,0.0,0,7,1,6,0.875,0,0.0,0,0.0,0,0.0,0,0,3,orders_partkey_list_control,control,orders_partkey_list_sf1_real,sf1,real
iceberg,nf_training,nf_089_sf1_real,orderstatus,varchar,3,0.000174692831770803,0.0,0.0,1.0,1.0,0.0,0,0,0,0,0,0,0,17173,8,0.03319163803645257,0.0,0.0,0,7,1,6,0.875,0,0.0,0,0.0,0,0.0,0,0,3,orders_partkey_list_control,control,orders_partkey_list_sf1_real,sf1,real
iceberg,nf_training,nf_089_sf1_real,orderdate,date,4,0.1400454201362604,0.0,0.0,0.0,1.0,0.0,0,0,0,1,1,0,0,17173,8,0.03319163803645257,0.0,0.0,0,7,1,6,0.875,0,0.0,0,0.0,0,0.0,0,0,3,orders_partkey_list_control,control,orders_partkey_list_sf1_real,sf1,real
iceberg,nf_training,nf_089_sf1_real,orderpriority,varchar,5,0.000291154719618005,0.0,0.0,8.412740930530484,1.0,0.0,0,0,0,1,1,0,0,17173,8,0.03319163803645257,0.0,0.0,0,7,1,6,0.875,0,0.0,0,0.0,0,0.0,0,0,3,orders_partkey_list_control,control,orders_partkey_list_sf1_real,sf1,real
iceberg,nf_training,nf_089_sf1_real,clerk,varchar,6,0.058230943923601,0.0,0.0,15.0,1.0,0.0,0,0,0,1,1,0,0,17173,8,0.03319163803645257,0.0,0.0,0,7,1,6,0.875,0,0.0,0,0.0,0,0.0,0,0,3,orders_partkey_list_control,control,orders_partkey_list_sf1_real,sf1,real
iceberg,nf_training,nf_089_sf1_real,note_text,varchar,7,0.999417690560764,0.0,0.03319163803645257,40.95948931991161,1.1858731730041343,0.0038266957585057666,1,0,0,1,1,0,0,17173,8,0.03319163803645257,0.0,0.0,0,7,1,6,0.875,0,0.0,0,0.0,0,0.0,0,0,3,orders_partkey_list_control,control,orders_partkey_list_sf1_real,sf1,real
iceberg,nf_training,nf_089_sf1_real,child_count,varchar,8,0.000349385663541606,0.0,0.0,1.0,1.0,0.0,0,0,0,1,1,0,0,17173,8,0.03319163803645257,0.0,0.0,0,7,1,6,0.875,0,0.0,0,0.0,0,0.0,0,0,3,orders_partkey_list_control,control,orders_partkey_list_sf1_real,sf1,real
iceberg,nf_training,nf_090_sf1_real,custkey,bigint,1,1.0,0.0,0.0,0.0,1.0,0.0,0,0,0,1,1,0,0,13329,5,1.0,0.2,0.0,0,3,1,1,1.0,0,0.0,0,0.0,0,0.0,0,0,0,customer_orderkey_list,injection,customer_orderkey_list_sf1_real,sf1,real
iceberg,nf_training,nf_090_sf1_real,nationkey,bigint,2,0.0018756095731112612,0.0,0.0,0.0,1.0,0.0,0,0,0,1,1,0,0,13329,5,1.0,0.2,0.0,0,3,1,1,1.0,0,0.0,0,0.0,0,0.0,0,0,0,customer_orderkey_list,injection,customer_orderkey_list_sf1_real,sf1,real
iceberg,nf_training,nf_090_sf1_real,acctbal,double,3,0.9936229274514217,0.0,0.0,0.0,1.0,0.0,0,0,0,1,1,0,0,13329,5,1.0,0.2,0.0,0,3,1,1,1.0,0,0.0,0,0.0,0,0.0,0,0,0,customer_orderkey_list,injection,customer_orderkey_list_sf1_real,sf1,real
iceberg,nf_training,nf_090_sf1_real,mktsegment,varchar,4,0.00037512191462225225,0.0,0.0,8.9932478055368,1.0,0.0,0,0,0,1,1,0,0,13329,5,1.0,0.2,0.0,0,3,1,1,1.0,0,0.0,0,0.0,0,0.0,0,0,0,customer_orderkey_list,injection,customer_orderkey_list_sf1_real,sf1,real
iceberg,nf_training,nf_090_sf1_real,orders_orderkey_list,varchar,5,1.0,0.0,1.0,7.748167751424527,14.996698927151325,0.12045669229314,0,1,0,1,1,0,0,13329,5,1.0,0.2,0.0,0,3,1,1,1.0,0,0.0,0,0.0,0,0.0,0,0,0,customer_orderkey_list,injection,customer_orderkey_list_sf1_real,sf1,real
iceberg,nf_training,nf_091_sf1_real,custkey,bigint,1,1.0,0.0,0.0,0.0,1.0,0.0,0,0,0,1,1,0,0,13329,5,0.0,0.0,0.0,0,3,1,2,1.0,0,0.0,0,0.0,0,0.0,0,0,3,customer_orderkey_list_control,control,customer_orderkey_list_sf1_real,sf1,real
iceberg,nf_training,nf_091_sf1_real,nationkey,bigint,2,0.0018756095731112612,0.0,0.0,0.0,1.0,0.0,0,0,0,1,1,0,0,13329,5,0.0,0.0,0.0,0,3,1,2,1.0,0,0.0,0,0.0,0,0.0,0,0,3,customer_orderkey_list_control,control,customer_orderkey_list_sf1_real,sf1,real
iceberg,nf_training,nf_091_sf1_real,acctbal,double,3,0.9936229274514217,0.0,0.0,0.0,1.0,0.0,0,0,0,1,1,0,0,13329,5,0.0,0.0,0.0,0,3,1,2,1.0,0,0.0,0,0.0,0,0.0,0,0,3,customer_orderkey_list_control,control,customer_orderkey_list_sf1_real,sf1,real
iceberg,nf_training,nf_091_sf1_real,mktsegment,varchar,4,0.00037512191462225225,0.0,0.0,8.9932478055368,1.0,0.0,0,0,0,1,1,0,0,13329,5,0.0,0.0,0.0,0,3,1,2,1.0,0,0.0,0,0.0,0,0.0,0,0,3,customer_orderkey_list_control,control,customer_orderkey_list_sf1_real,sf1,real
iceberg,nf_training,nf_091_sf1_real,child_count,varchar,5,0.002850926551129117,0.0,0.0,1.762847925575812,1.0,0.0,0,0,0,1,1,0,0,13329,5,0.0,0.0,0.0,0,3,1,2,1.0,0,0.0,0,0.0,0,0.0,0,0,3,customer_orderkey_list_control,control,customer_orderkey_list_sf1_real,sf1,real
iceberg,nf_training,nf_092_sf1_real,suppkey,bigint,1,1.0,0.0,0.0,0.0,1.0,0.0,0,0,0,1,1,0,0,10000,4,1.0,0.25,0.0,0,2,1,0,0.5,0,0.0,0,0.0,0,0.0,0,0,0,supplier_partkey_list,injection,supplier_partkey_list_sf1_real,sf1,real
iceberg,nf_training,nf_092_sf1_real,nationkey,bigint,2,0.0025,0.0,0.0,0.0,1.0,0.0,0,0,0,0,0,0,0,10000,4,1.0,0.25,0.0,0,2,1,0,0.5,0,0.0,0,0.0,0,0.0,0,0,0,supplier_partkey_list,injection,supplier_partkey_list_sf1_real,sf1,real
iceberg,nf_training,nf_092_sf1_real,acctbal,double,3,0.9955,0.0,0.0,0.0,1.0,0.0,0,0,0,0,0,0,0,10000,4,1.0,0.25,0.0,0,2,1,0,0.5,0,0.0,0,0.0,0,0.0,0,0,0,supplier_partkey_list,injection,supplier_partkey_list_sf1_real,sf1,real
iceberg,nf_training,nf_092_sf1_real,partsupp_partkey_list,varchar,4,1.0,0.0,1.0,6.4319749999999996,80.0,0.15352982559789177,0,1,0,1,1,0,0,10000,4,1.0,0.25,0.0,0,2,1,0,0.5,0,0.0,0,0.0,0,0.0,0,0,0,supplier_partkey_list,injection,supplier_partkey_list_sf1_real,sf1,real
iceberg,nf_training,nf_093_sf1_real,suppkey,bigint,1,1.0,0.0,0.0,0.0,1.0,0.0,0,0,0,1,1,0,0,10000,4,0.0,0.0,0.0,0,1,1,0,0.25,2,0.16666666666666666,0,0.0,2,0.16666666666666666,0,2,3,supplier_partkey_list_control,control,supplier_partkey_list_sf1_real,sf1,real
iceberg,nf_training,nf_093_sf1_real,nationkey,bigint,2,0.0025,0.0,0.0,0.0,1.0,0.0,0,0,0,0,0,1,0,10000,4,0.0,0.0,0.0,0,1,1,0,0.25,2,0.16666666666666666,0,0.0,2,0.16666666666666666,0,2,3,supplier_partkey_list_control,control,supplier_partkey_list_sf1_real,sf1,real
iceberg,nf_training,nf_093_sf1_real,acctbal,double,3,0.9955,0.0,0.0,0.0,1.0,0.0,0,0,0,0,0,1,0,10000,4,0.0,0.0,0.0,0,1,1,0,0.25,2,0.16666666666666666,0,0.0,2,0.16666666666666666,0,2,3,supplier_partkey_list_control,control,supplier_partkey_list_sf1_real,sf1,real
iceberg,nf_training,nf_093_sf1_real,child_count,varchar,4,0.0001,0.0,0.0,2.0,1.0,0.0,0,0,0,0,0,0,2,10000,4,0.0,0.0,0.0,0,1,1,0,0.25,2,0.16666666666666666,0,0.0,2,0.16666666666666666,0,2,3,supplier_partkey_list_control,control,supplier_partkey_list_sf1_real,sf1,real
iceberg,nf_training,nf_094_sf1_real,partkey,bigint,1,1.0,0.0,0.0,0.0,1.0,0.0,0,0,0,1,1,0,0,20000,7,1.0,0.14285714285714285,0.0,0,2,1,1,0.42857142857142855,0,0.0,0,0.0,0,0.0,0,0,0,part_suppkey_list,injection,part_suppkey_list_sf1_real,sf1,real
iceberg,nf_training,nf_094_sf1_real,brand,varchar,2,0.00125,0.0,0.0,8.0,1.0,0.0,0,0,0,0,0,0,0,20000,7,1.0,0.14285714285714285,0.0,0,2,1,1,0.42857142857142855,0,0.0,0,0.0,0,0.0,0,0,0,part_suppkey_list,injection,part_suppkey_list_sf1_real,sf1,real
iceberg,nf_training,nf_094_sf1_real,type,varchar,3,0.0075,0.0,0.0,20.58315,1.0,0.0,0,0,0,0,0,0,0,20000,7,1.0,0.14285714285714285,0.0,0,2,1,1,0.42857142857142855,0,0.0,0,0.0,0,0.0,0,0,0,part_suppkey_list,injection,part_suppkey_list_sf1_real,sf1,real
iceberg,nf_training,nf_094_sf1_real,size,integer,4,0.0025,0.0,0.0,0.0,1.0,0.0,0,0,0,0,0,0,0,20000,7,1.0,0.14285714285714285,0.0,0,2,1,1,0.42857142857142855,0,0.0,0,0.0,0,0.0,0,0,0,part_suppkey_list,injection,part_suppkey_list_sf1_real,sf1,real
iceberg,nf_training,nf_094_sf1_real,container,varchar,5,0.002,0.0,0.0,7.57,1.0,0.0,0,0,0,0,0,0,0,20000,7,1.0,0.14285714285714285,0.0,0,2,1,1,0.42857142857142855,0,0.0,0,0.0,0,0.0,0,0,0,part_suppkey_list,injection,part_suppkey_list_sf1_real,sf1,real
iceberg,nf_training,nf_094_sf1_real,retailprice,double,6,0.14495,0.0,0.0,0.0,1.0,0.0,0,0,0,1,1,0,0,20000,7,1.0,0.14285714285714285,0.0,0,2,1,1,0.42857142857142855,0,0.0,0,0.0,0,0.0,0,0,0,part_suppkey_list,injection,part_suppkey_list_sf1_real,sf1,real
iceberg,nf_training,nf_094_sf1_real,partsupp_suppkey_list,varchar,7,0.625,0.0,1.0,4.6394,4.0,0.16165883519420615,0,1,0,1,1,0,0,20000,7,1.0,0.14285714285714285,0.0,0,2,1,1,0.42857142857142855,0,0.0,0,0.0,0,0.0,0,0,0,part_suppkey_list,injection,part_suppkey_list_sf1_real,sf1,real
iceberg,nf_training,nf_095_sf1_real,partkey,bigint,1,1.0,0.0,0.0,0.0,1.0,0.0,0,0,0,1,1,0,0,20000,7,0.0,0.0,0.0,0,1,1,0,0.14285714285714285,5,0.11904761904761904,0,0.0,5,0.11904761904761904,0,5,3,part_suppkey_list_control,control,part_suppkey_list_sf1_real,sf1,real
iceberg,nf_training,nf_095_sf1_real,brand,varchar,2,0.00125,0.0,0.0,8.0,1.0,0.0,0,0,0,0,0,1,0,20000,7,0.0,0.0,0.0,0,1,1,0,0.14285714285714285,5,0.11904761904761904,0,0.0,5,0.11904761904761904,0,5,3,part_suppkey_list_control,control,part_suppkey_list_sf1_real,sf1,real
iceberg,nf_training,nf_095_sf1_real,type,varchar,3,0.0075,0.0,0.0,20.58315,1.0,0.0,0,0,0,0,0,1,0,20000,7,0.0,0.0,0.0,0,1,1,0,0.14285714285714285,5,0.11904761904761904,0,0.0,5,0.11904761904761904,0,5,3,part_suppkey_list_control,control,part_suppkey_list_sf1_real,sf1,real
iceberg,nf_training,nf_095_sf1_real,size,integer,4,0.0025,0.0,0.0,0.0,1.0,0.0,0,0,0,0,0,1,0,20000,7,0.0,0.0,0.0,0,1,1,0,0.14285714285714285,5,0.11904761904761904,0,0.0,5,0.11904761904761904,0,5,3,part_suppkey_list_control,control,part_suppkey_list_sf1_real,sf1,real
iceberg,nf_training,nf_095_sf1_real,container,varchar,5,0.002,0.0,0.0,7.57,1.0,0.0,0,0,0,0,0,1,0,20000,7,0.0,0.0,0.0,0,1,1,0,0.14285714285714285,5,0.11904761904761904,0,0.0,5,0.11904761904761904,0,5,3,part_suppkey_list_control,control,part_suppkey_list_sf1_real,sf1,real
iceberg,nf_training,nf_095_sf1_real,retailprice,double,6,0.14495,0.0,0.0,0.0,1.0,0.0,0,0,0,0,0,1,0,20000,7,0.0,0.0,0.0,0,1,1,0,0.14285714285714285,5,0.11904761904761904,0,0.0,5,0.11904761904761904,0,5,3,part_suppkey_list_control,control,part_suppkey_list_sf1_real,sf1,real
iceberg,nf_training,nf_095_sf1_real,child_count,varchar,7,5e-05,0.0,0.0,1.0,1.0,0.0,0,0,0,0,0,0,5,20000,7,0.0,0.0,0.0,0,1,1,0,0.14285714285714285,5,0.11904761904761904,0,0.0,5,0.11904761904761904,0,5,3,part_suppkey_list_control,control,part_suppkey_list_sf1_real,sf1,real
iceberg,nf_training,nf_096_sf1_real,orderkey,bigint,1,1.0,0.0,0.0,0.0,1.0,0.0,0,0,0,1,1,0,0,17173,11,1.0,0.09090909090909091,0.0,0,16,1,14,1.0,3,0.02727272727272727,3,0.02727272727272727,0,0.0,0,0,0,orders_customer_partkey_list,injection,orders_customer_partkey_list_sf1_real,sf1,real
iceberg,nf_training,nf_096_sf1_real,custkey,bigint,2,0.9138764339369941,0.0,0.0,0.0,1.0,0.0,0,0,0,1,1,3,0,17173,11,1.0,0.09090909090909091,0.0,0,16,1,14,1.0,3,0.02727272727272727,3,0.02727272727272727,0,0.0,0,0,0,orders_customer_partkey_list,injection,orders_customer_partkey_list_sf1_real,sf1,real
iceberg,nf_training,nf_096_sf1_real,orderstatus,varchar,3,0.000174692831770803,0.0,0.0,1.0,1.0,0.0,0,0,0,1,1,0,0,17173,11,1.0,0.09090909090909091,0.0,0,16,1,14,1.0,3,0.02727272727272727,3,0.02727272727272727,0,0.0,0,0,0,orders_customer_partkey_list,injection,orders_customer_partkey_list_sf1_real,sf1,real
iceberg,nf_training,nf_096_sf1_real,orderdate,date,4,0.1400454201362604,0.0,0.0,0.0,1.0,0.0,0,0,0,1,1,0,0,17173,11,1.0,0.09090909090909091,0.0,0,16,1,14,1.0,3,0.02727272727272727,3,0.02727272727272727,0,0.0,0,0,0,orders_customer_partkey_list,injection,orders_customer_partkey_list_sf1_real,sf1,real
iceberg,nf_training,nf_096_sf1_real,orderpriority,varchar,5,0.000291154719618005,0.0,0.0,8.412740930530484,1.0,0.0,0,0,0,1,1,0,0,17173,11,1.0,0.09090909090909091,0.0,0,16,1,14,1.0,3,0.02727272727272727,3,0.02727272727272727,0,0.0,0,0,0,orders_customer_partkey_list,injection,orders_customer_partkey_list_sf1_real,sf1,real
iceberg,nf_training,nf_096_sf1_real,clerk,varchar,6,0.058230943923601,0.0,0.0,15.0,1.0,0.0,0,0,0,1,1,0,0,17173,11,1.0,0.09090909090909091,0.0,0,16,1,14,1.0,3,0.02727272727272727,3,0.02727272727272727,0,0.0,0,0,0,orders_customer_partkey_list,injection,orders_customer_partkey_list_sf1_real,sf1,real
iceberg,nf_training,nf_096_sf1_real,customer_nationkey,bigint,7,0.001455773598090025,0.0,0.0,0.0,1.0,0.0,0,0,0,1,1,0,1,17173,11,1.0,0.09090909090909091,0.0,0,16,1,14,1.0,3,0.02727272727272727,3,0.02727272727272727,0,0.0,0,0,0,orders_customer_partkey_list,injection,orders_customer_partkey_list_sf1_real,sf1,real
iceberg,nf_training,nf_096_sf1_real,customer_acctbal,double,8,0.9070634134979328,0.0,0.0,0.0,1.0,0.0,0,0,0,1,1,0,1,17173,11,1.0,0.09090909090909091,0.0,0,16,1,14,1.0,3,0.02727272727272727,3,0.02727272727272727,0,0.0,0,0,0,orders_customer_partkey_list,injection,orders_customer_partkey_list_sf1_real,sf1,real
iceberg,nf_training,nf_096_sf1_real,customer_mktsegment,varchar,9,0.000291154719618005,0.0,0.0,9.000407616607465,1.0,0.0,0,0,0,1,1,0,1,17173,11,1.0,0.09090909090909091,0.0,0,16,1,14,1.0,3,0.02727272727272727,3,0.02727272727272727,0,0.0,0,0,0,orders_customer_partkey_list,injection,orders_customer_partkey_list_sf1_real,sf1,real
iceberg,nf_training,nf_096_sf1_real,note_text,varchar,10,0.999417690560764,0.0,0.03319163803645257,40.95948931991161,1.1858731730041343,0.0038266957585057666,1,0,0,1,1,0,0,17173,11,1.0,0.09090909090909091,0.0,0,16,1,14,1.0,3,0.02727272727272727,3,0.02727272727272727,0,0.0,0,0,0,orders_customer_partkey_list,injection,orders_customer_partkey_list_sf1_real,sf1,real
iceberg,nf_training,nf_096_sf1_real,lineitem_partkey_list,varchar,11,1.0,0.0,1.0,6.226015440121039,4.503057124555989,0.12494807503780138,0,1,0,1,1,0,0,17173,11,1.0,0.09090909090909091,0.0,0,16,1,14,1.0,3,0.02727272727272727,3,0.02727272727272727,0,0.0,0,0,0,orders_customer_partkey_list,injection,orders_customer_partkey_list_sf1_real,sf1,real
iceberg,nf_training,nf_097_sf1_real,orderkey,bigint,1,1.0,0.0,0.0,0.0,1.0,0.0,0,0,0,1,1,0,0,17173,11,0.03319163803645257,0.0,0.0,0,17,1,16,1.0,3,0.02727272727272727,3,0.02727272727272727,0,0.0,0,0,2,orders_customer_partkey_list_control,control,orders_customer_partkey_list_sf1_real,sf1,real
iceberg,nf_training,nf_097_sf1_real,custkey,bigint,2,0.9138764339369941,0.0,0.0,0.0,1.0,0.0,0,0,0,1,1,3,0,17173,11,0.03319163803645257,0.0,0.0,0,17,1,16,1.0,3,0.02727272727272727,3,0.02727272727272727,0,0.0,0,0,2,orders_customer_partkey_list_control,control,orders_customer_partkey_list_sf1_real,sf1,real
iceberg,nf_training,nf_097_sf1_real,orderstatus,varchar,3,0.000174692831770803,0.0,0.0,1.0,1.0,0.0,0,0,0,1,1,0,0,17173,11,0.03319163803645257,0.0,0.0,0,17,1,16,1.0,3,0.02727272727272727,3,0.02727272727272727,0,0.0,0,0,2,orders_customer_partkey_list_control,control,orders_customer_partkey_list_sf1_real,sf1,real
iceberg,nf_training,nf_097_sf1_real,orderdate,date,4,0.1400454201362604,0.0,0.0,0.0,1.0,0.0,0,0,0,1,1,0,0,17173,11,0.03319163803645257,0.0,0.0,0,17,1,16,1.0,3,0.02727272727272727,3,0.02727272727272727,0,0.0,0,0,2,orders_customer_partkey_list_control,control,orders_customer_partkey_list_sf1_real,sf1,real
iceberg,nf_training,nf_097_sf1_real,orderpriority,varchar,5,0.000291154719618005,0.0,0.0,8.412740930530484,1.0,0.0,0,0,0,1,1,0,0,17173,11,0.03319163803645257,0.0,0.0,0,17,1,16,1.0,3,0.02727272727272727,3,0.02727272727272727,0,0.0,0,0,2,orders_customer_partkey_list_control,control,orders_customer_partkey_list_sf1_real,sf1,real
iceberg,nf_training,nf_097_sf1_real,clerk,varchar,6,0.058230943923601,0.0,0.0,15.0,1.0,0.0,0,0,0,1,1,0,0,17173,11,0.03319163803645257,0.0,0.0,0,17,1,16,1.0,3,0.02727272727272727,3,0.02727272727272727,0,0.0,0,0,2,orders_customer_partkey_list_control,control,orders_customer_partkey_list_sf1_real,sf1,real
iceberg,nf_training,nf_097_sf1_real,customer_nationkey,bigint,7,0.001455773598090025,0.0,0.0,0.0,1.0,0.0,0,0,0,1,1,0,1,17173,11,0.03319163803645257,0.0,0.0,0,17,1,16,1.0,3,0.02727272727272727,3,0.02727272727272727,0,0.0,0,0,2,orders_customer_partkey_list_control,control,orders_customer_partkey_list_sf1_real,sf1,real
iceberg,nf_training,nf_097_sf1_real,customer_acctbal,double,8,0.9070634134979328,0.0,0.0,0.0,1.0,0.0,0,0,0,1,1,0,1,17173,11,0.03319163803645257,0.0,0.0,0,17,1,16,1.0,3,0.02727272727272727,3,0.02727272727272727,0,0.0,0,0,2,orders_customer_partkey_list_control,control,orders_customer_partkey_list_sf1_real,sf1,real
iceberg,nf_training,nf_097_sf1_real,customer_mktsegment,varchar,9,0.000291154719618005,0.0,0.0,9.000407616607465,1.0,0.0,0,0,0,1,1,0,1,17173,11,0.03319163803645257,0.0,0.0,0,17,1,16,1.0,3,0.02727272727272727,3,0.02727272727272727,0,0.0,0,0,2,orders_customer_partkey_list_control,control,orders_customer_partkey_list_sf1_real,sf1,real
iceberg,nf_training,nf_097_sf1_real,note_text,varchar,10,0.999417690560764,0.0,0.03319163803645257,40.95948931991161,1.1858731730041343,0.0038266957585057666,1,0,0,1,1,0,0,17173,11,0.03319163803645257,0.0,0.0,0,17,1,16,1.0,3,0.02727272727272727,3,0.02727272727272727,0,0.0,0,0,2,orders_customer_partkey_list_control,control,orders_customer_partkey_list_sf1_real,sf1,real
iceberg,nf_training,nf_097_sf1_real,child_count,varchar,11,0.000349385663541606,0.0,0.0,1.0,1.0,0.0,0,0,0,1,1,0,0,17173,11,0.03319163803645257,0.0,0.0,0,17,1,16,1.0,3,0.02727272727272727,3,0.02727272727272727,0,0.0,0,0,2,orders_customer_partkey_list_control,control,orders_customer_partkey_list_sf1_real,sf1,real
iceberg,nf_training,nf_098_sf1_real,custkey,bigint,1,1.0,0.0,0.0,0.0,1.0,0.0,0,0,0,1,1,0,0,13329,7,0.0,0.0,0.42857142857142855,0,6,1,3,1.0,0,0.0,0,0.0,0,0.0,0,0,0,customer_order_columns,injection,customer_order_columns_sf1_real,sf1,real
iceberg,nf_training,nf_098_sf1_real,nationkey,bigint,2,0.0018756095731112612,0.0,0.0,0.0,1.0,0.0,0,0,0,1,1,0,0,13329,7,0.0,0.0,0.42857142857142855,0,6,1,3,1.0,0,0.0,0,0.0,0,0.0,0,0,0,customer_order_columns,injection,customer_order_columns_sf1_real,sf1,real
iceberg,nf_training,nf_098_sf1_real,acctbal,double,3,0.9936229274514217,0.0,0.0,0.0,1.0,0.0,0,0,0,1,1,0,0,13329,7,0.0,0.0,0.42857142857142855,0,6,1,3,1.0,0,0.0,0,0.0,0,0.0,0,0,0,customer_order_columns,injection,customer_order_columns_sf1_real,sf1,real
iceberg,nf_training,nf_098_sf1_real,mktsegment,varchar,4,0.00037512191462225225,0.0,0.0,8.9932478055368,1.0,0.0,0,0,0,1,1,0,0,13329,7,0.0,0.0,0.42857142857142855,0,6,1,3,1.0,0,0.0,0,0.0,0,0.0,0,0,0,customer_order_columns,injection,customer_order_columns_sf1_real,sf1,real
iceberg,nf_training,nf_098_sf1_real,orderkey_1,bigint,5,1.0,0.0,0.0,0.0,1.0,0.0,0,0,1,1,1,0,0,13329,7,0.0,0.0,0.42857142857142855,0,6,1,3,1.0,0,0.0,0,0.0,0,0.0,0,0,0,customer_order_columns,injection,customer_order_columns_sf1_real,sf1,real
iceberg,nf_training,nf_098_sf1_real,orderkey_2,bigint,6,1.0,0.0,0.0,0.0,1.0,0.0,0,0,1,1,1,0,0,13329,7,0.0,0.0,0.42857142857142855,0,6,1,3,1.0,0,0.0,0,0.0,0,0.0,0,0,0,customer_order_columns,injection,customer_order_columns_sf1_real,sf1,real
iceberg,nf_training,nf_098_sf1_real,orderkey_3,bigint,7,0.9990246830219821,0.0010503413609422863,0.0,0.0,1.0,0.0,0,0,1,1,1,0,0,13329,7,0.0,0.0,0.42857142857142855,0,6,1,3,1.0,0,0.0,0,0.0,0,0.0,0,0,0,customer_order_columns,injection,customer_order_columns_sf1_real,sf1,real
iceberg,nf_training,nf_099_sf1_real,custkey,bigint,1,1.0,0.0,0.0,0.0,1.0,0.0,0,0,0,1,1,0,0,13329,7,0.0,0.0,0.0,0,4,1,1,0.8571428571428571,1,0.023809523809523808,1,0.023809523809523808,0,0.0,1,0,3,customer_order_columns_control,control,customer_order_columns_sf1_real,sf1,real
iceberg,nf_training,nf_099_sf1_real,nationkey,bigint,2,0.0018756095731112612,0.0,0.0,0.0,1.0,0.0,0,0,0,1,1,0,0,13329,7,0.0,0.0,0.0,0,4,1,1,0.8571428571428571,1,0.023809523809523808,1,0.023809523809523808,0,0.0,1,0,3,customer_order_columns_control,control,customer_order_columns_sf1_real,sf1,real
iceberg,nf_training,nf_099_sf1_real,acctbal,double,3,0.9936229274514217,0.0,0.0,0.0,1.0,0.0,0,0,0,1,1,1,0,13329,7,0.0,0.0,0.0,0,4,1,1,0.8571428571428571,1,0.023809523809523808,1,0.023809523809523808,0,0.0,1,0,3,customer_order_columns_control,control,customer_order_columns_sf1_real,sf1,real
iceberg,nf_training,nf_099_sf1_real,mktsegment,varchar,4,0.00037512191462225225,0.0,0.0,8.9932478055368,1.0,0.0,0,0,0,1,1,0,0,13329,7,0.0,0.0,0.0,0,4,1,1,0.8571428571428571,1,0.023809523809523808,1,0.023809523809523808,0,0.0,1,0,3,customer_order_columns_control,control,customer_order_columns_sf1_real,sf1,real
iceberg,nf_training,nf_099_sf1_real,first_orderkey,bigint,5,1.0,0.0,0.0,0.0,1.0,0.0,0,0,0,1,1,0,0,13329,7,0.0,0.0,0.0,0,4,1,1,0.8571428571428571,1,0.023809523809523808,1,0.023809523809523808,0,0.0,1,0,3,customer_order_columns_control,control,customer_order_columns_sf1_real,sf1,real
iceberg,nf_training,nf_099_sf1_real,child_count,bigint,6,0.00015004876584890088,0.0,0.0,0.0,1.0,0.0,0,0,0,0,0,0,1,13329,7,0.0,0.0,0.0,0,4,1,1,0.8571428571428571,1,0.023809523809523808,1,0.023809523809523808,0,0.0,1,0,3,customer_order_columns_control,control,customer_order_columns_sf1_real,sf1,real
iceberg,nf_training,nf_099_sf1_real,last_orderkey,bigint,7,1.0,0.0,0.0,0.0,1.0,0.0,0,0,0,1,1,0,0,13329,7,0.0,0.0,0.0,0,4,1,1,0.8571428571428571,1,0.023809523809523808,1,0.023809523809523808,0,0.0,1,0,3,customer_order_columns_control,control,customer_order_columns_sf1_real,sf1,real
iceberg,nf_training,nf_100_sf1_obf,xa,bigint,1,1.0,0.0,0.0,0.0,1.0,0.0,0,0,0,1,1,0,0,20000,7,0.0332,0.0,0.0,0,6,1,5,0.8571428571428571,0,0.0,0,0.0,0,0.0,0,0,3,orders_core,join,,sf1,obfuscated
iceberg,nf_training,nf_100_sf1_obf,xb,bigint,2,0.901,0.0,0.0,0.0,1.0,0.0,0,0,0,1,1,0,0,20000,7,0.0332,0.0,0.0,0,6,1,5,0.8571428571428571,0,0.0,0,0.0,0,0.0,0,0,3,orders_core,join,,sf1,obfuscated
iceberg,nf_training,nf_100_sf1_obf,xc,varchar,3,0.00015,0.0,0.0,1.0,1.0,0.0,0,0,0,0,0,0,0,20000,7,0.0332,0.0,0.0,0,6,1,5,0.8571428571428571,0,0.0,0,0.0,0,0.0,0,0,3,orders_core,join,,sf1,obfuscated
iceberg,nf_training,nf_100_sf1_obf,xd,date,4,0.1203,0.0,0.0,0.0,1.0,0.0,0,0,0,1,1,0,0,20000,7,0.0332,0.0,0.0,0,6,1,5,0.8571428571428571,0,0.0,0,0.0,0,0.0,0,0,3,orders_core,join,,sf1,obfuscated
iceberg,nf_training,nf_100_sf1_obf,xe,varchar,5,0.00025,0.0,0.0,8.41105,1.0,0.0,0,0,0,1,1,0,0,20000,7,0.0332,0.0,0.0,0,6,1,5,0.8571428571428571,0,0.0,0,0.0,0,0.0,0,0,3,orders_core,join,,sf1,obfuscated
iceberg,nf_training,nf_100_sf1_obf,xf,varchar,6,0.05,0.0,0.0,15.0,1.0,0.0,0,0,0,1,1,0,0,20000,7,0.0332,0.0,0.0,0,6,1,5,0.8571428571428571,0,0.0,0,0.0,0,0.0,0,0,3,orders_core,join,,sf1,obfuscated
iceberg,nf_training,nf_100_sf1_obf,xg,varchar,7,0.99935,0.0,0.0332,40.88792014152135,1.1871,0.003854707801405289,0,0,0,1,1,0,0,20000,7,0.0332,0.0,0.0,0,6,1,5,0.8571428571428571,0,0.0,0,0.0,0,0.0,0,0,3,orders_core,join,,sf1,obfuscated
iceberg,nf_training,nf_101_sf1_obf,xa,bigint,1,1.0,0.0,0.0,0.0,1.0,0.0,0,0,0,1,1,0,0,20000,4,0.0,0.0,0.0,0,1,1,0,0.25,0,0.0,0,0.0,0,0.0,0,0,3,customer_core,join,,sf1,obfuscated
iceberg,nf_training,nf_101_sf1_obf,xb,bigint,2,0.00125,0.0,0.0,0.0,1.0,0.0,0,0,0,0,0,0,0,20000,4,0.0,0.0,0.0,0,1,1,0,0.25,0,0.0,0,0.0,0,0.0,0,0,3,customer_core,join,,sf1,obfuscated
iceberg,nf_training,nf_101_sf1_obf,xc,double,3,0.99095,0.0,0.0,0.0,1.0,0.0,0,0,0,0,0,0,0,20000,4,0.0,0.0,0.0,0,1,1,0,0.25,0,0.0,0,0.0,0,0.0,0,0,3,customer_core,join,,sf1,obfuscated
iceberg,nf_training,nf_101_sf1_obf,xd,varchar,4,0.00025,0.0,0.0,8.99375,1.0,0.0,0,0,0,0,0,0,0,20000,4,0.0,0.0,0.0,0,1,1,0,0.25,0,0.0,0,0.0,0,0.0,0,0,3,customer_core,join,,sf1,obfuscated
iceberg,nf_training,nf_102_sf1_obf,xa,bigint,1,1.0,0.0,0.0,0.0,1.0,0.0,0,0,0,1,1,0,0,10000,3,0.0,0.0,0.0,0,1,1,0,0.3333333333333333,0,0.0,0,0.0,0,0.0,0,0,3,supplier_core,join,,sf1,obfuscated
iceberg,nf_training,nf_102_sf1_obf,xb,bigint,2,0.0025,0.0,0.0,0.0,1.0,0.0,0,0,0,0,0,0,0,10000,3,0.0,0.0,0.0,0,1,1,0,0.3333333333333333,0,0.0,0,0.0,0,0.0,0,0,3,supplier_core,join,,sf1,obfuscated
iceberg,nf_training,nf_102_sf1_obf,xc,double,3,0.9955,0.0,0.0,0.0,1.0,0.0,0,0,0,0,0,0,0,10000,3,0.0,0.0,0.0,0,1,1,0,0.3333333333333333,0,0.0,0,0.0,0,0.0,0,0,3,supplier_core,join,,sf1,obfuscated
iceberg,nf_training,nf_103_sf1_obf,xa,bigint,1,1.0,0.0,0.0,0.0,1.0,0.0,0,0,0,1,1,0,0,20000,6,0.0,0.0,0.0,0,1,1,0,0.16666666666666666,0,0.0,0,0.0,0,0.0,0,0,3,part_core,join,,sf1,obfuscated
iceberg,nf_training,nf_103_sf1_obf,xb,varchar,2,0.00125,0.0,0.0,8.0,1.0,0.0,0,0,0,0,0,0,0,20000,6,0.0,0.0,0.0,0,1,1,0,0.16666666666666666,0,0.0,0,0.0,0,0.0,0,0,3,part_core,join,,sf1,obfuscated
iceberg,nf_training,nf_103_sf1_obf,xc,varchar,3,0.0075,0.0,0.0,20.58315,1.0,0.0,0,0,0,0,0,0,0,20000,6,0.0,0.0,0.0,0,1,1,0,0.16666666666666666,0,0.0,0,0.0,0,0.0,0,0,3,part_core,join,,sf1,obfuscated
iceberg,nf_training,nf_103_sf1_obf,xd,integer,4,0.0025,0.0,0.0,0.0,1.0,0.0,0,0,0,0,0,0,0,20000,6,0.0,0.0,0.0,0,1,1,0,0.16666666666666666,0,0.0,0,0.0,0,0.0,0,0,3,part_core,join,,sf1,obfuscated
iceberg,nf_training,nf_103_sf1_obf,xe,varchar,5,0.002,0.0,0.0,7.57,1.0,0.0,0,0,0,0,0,0,0,20000,6,0.0,0.0,0.0,0,1,1,0,0.16666666666666666,0,0.0,0,0.0,0,0.0,0,0,3,part_core,join,,sf1,obfuscated
iceberg,nf_training,nf_103_sf1_obf,xf,double,6,0.14495,0.0,0.0,0.0,1.0,0.0,0,0,0,0,0,0,0,20000,6,0.0,0.0,0.0,0,1,1,0,0.16666666666666666,0,0.0,0,0.0,0,0.0,0,0,3,part_core,join,,sf1,obfuscated
iceberg,nf_training,nf_104_sf1_obf,xa,bigint,1,1.0,0.0,0.0,0.0,1.0,0.0,0,0,0,1,1,0,0,25,3,0.0,0.0,0.0,0,2,1,0,0.6666666666666666,0,0.0,0,0.0,0,0.0,0,0,3,nation_core,join,,sf1,obfuscated
iceberg,nf_training,nf_104_sf1_obf,xb,varchar,2,1.0,0.0,0.0,7.08,1.0,0.0,0,0,0,1,1,0,0,25,3,0.0,0.0,0.0,0,2,1,0,0.6666666666666666,0,0.0,0,0.0,0,0.0,0,0,3,nation_core,join,,sf1,obfuscated
iceberg,nf_training,nf_104_sf1_obf,xc,bigint,3,0.2,0.0,0.0,0.0,1.0,0.0,0,0,0,0,0,0,0,25,3,0.0,0.0,0.0,0,2,1,0,0.6666666666666666,0,0.0,0,0.0,0,0.0,0,0,3,nation_core,join,,sf1,obfuscated
iceberg,nf_training,nf_105_sf1_obf,xa,bigint,1,0.24935,0.0,0.0,0.0,1.0,0.0,0,0,0,1,1,0,0,20000,11,0.0482,0.0,0.0,0,18,2,18,1.0,0,0.0,0,0.0,0,0.0,0,0,3,lineitem_core,join,,sf1,obfuscated
iceberg,nf_training,nf_105_sf1_obf,xb,integer,2,0.00035,0.0,0.0,0.0,1.0,0.0,0,0,0,1,1,0,0,20000,11,0.0482,0.0,0.0,0,18,2,18,1.0,0,0.0,0,0.0,0,0.0,0,0,3,lineitem_core,join,,sf1,obfuscated
iceberg,nf_training,nf_105_sf1_obf,xc,bigint,3,0.95115,0.0,0.0,0.0,1.0,0.0,0,0,0,1,1,0,0,20000,11,0.0482,0.0,0.0,0,18,2,18,1.0,0,0.0,0,0.0,0,0.0,0,0,3,lineitem_core,join,,sf1,obfuscated
iceberg,nf_training,nf_105_sf1_obf,xd,bigint,4,0.4303,0.0,0.0,0.0,1.0,0.0,0,0,0,1,1,0,0,20000,11,0.0482,0.0,0.0,0,18,2,18,1.0,0,0.0,0,0.0,0,0.0,0,0,3,lineitem_core,join,,sf1,obfuscated
iceberg,nf_training,nf_105_sf1_obf,xe,double,5,0.0025,0.0,0.0,0.0,1.0,0.0,0,0,0,1,1,0,0,20000,11,0.0482,0.0,0.0,0,18,2,18,1.0,0,0.0,0,0.0,0,0.0,0,0,3,lineitem_core,join,,sf1,obfuscated
iceberg,nf_training,nf_105_sf1_obf,xf,double,6,0.9876,0.0,0.0,0.0,1.0,0.0,0,0,0,1,1,0,0,20000,11,0.0482,0.0,0.0,0,18,2,18,1.0,0,0.0,0,0.0,0,0.0,0,0,3,lineitem_core,join,,sf1,obfuscated
iceberg,nf_training,nf_105_sf1_obf,xg,double,7,0.00055,0.0,0.0,0.0,1.0,0.0,0,0,0,1,1,0,0,20000,11,0.0482,0.0,0.0,0,18,2,18,1.0,0,0.0,0,0.0,0,0.0,0,0,3,lineitem_core,join,,sf1,obfuscated
iceberg,nf_training,nf_105_sf1_obf,xh,varchar,8,0.00015,0.0,0.0,1.0,1.0,0.0,0,0,0,1,1,0,0,20000,11,0.0482,0.0,0.0,0,18,2,18,1.0,0,0.0,0,0.0,0,0.0,0,0,3,lineitem_core,join,,sf1,obfuscated
iceberg,nf_training,nf_105_sf1_obf,xi,date,9,0.12525,0.0,0.0,0.0,1.0,0.0,0,0,0,1,1,0,0,20000,11,0.0482,0.0,0.0,0,18,2,18,1.0,0,0.0,0,0.0,0,0.0,0,0,3,lineitem_core,join,,sf1,obfuscated
iceberg,nf_training,nf_105_sf1_obf,xj,varchar,10,0.00035,0.0,0.0,4.29065,1.0,0.0,0,0,0,1,1,0,0,20000,11,0.0482,0.0,0.0,0,18,2,18,1.0,0,0.0,0,0.0,0,0.0,0,0,3,lineitem_core,join,,sf1,obfuscated
iceberg,nf_training,nf_105_sf1_obf,xk,varchar,11,0.9896,0.0,0.0482,24.00503492697088,1.1023,0.0038661035684929563,0,0,0,1,1,0,0,20000,11,0.0482,0.0,0.0,0,18,2,18,1.0,0,0.0,0,0.0,0,0.0,0,0,3,lineitem_core,join,,sf1,obfuscated
iceberg,nf_training,nf_106_sf1_obf,xa,bigint,1,0.25,0.0,0.0,0.0,1.0,0.0,0,0,0,1,1,0,0,20000,4,0.0,0.0,0.0,0,3,2,3,1.0,0,0.0,0,0.0,0,0.0,0,0,3,partsupp_core,join,,sf1,obfuscated
iceberg,nf_training,nf_106_sf1_obf,xb,bigint,2,0.5,0.0,0.0,0.0,1.0,0.0,0,0,0,1,1,0,0,20000,4,0.0,0.0,0.0,0,3,2,3,1.0,0,0.0,0,0.0,0,0.0,0,0,3,partsupp_core,join,,sf1,obfuscated
iceberg,nf_training,nf_106_sf1_obf,xc,integer,3,0.4343,0.0,0.0,0.0,1.0,0.0,0,0,0,1,1,0,0,20000,4,0.0,0.0,0.0,0,3,2,3,1.0,0,0.0,0,0.0,0,0.0,0,0,3,partsupp_core,join,,sf1,obfuscated
iceberg,nf_training,nf_106_sf1_obf,xd,double,4,0.9062,0.0,0.0,0.0,1.0,0.0,0,0,0,1,1,0,0,20000,4,0.0,0.0,0.0,0,3,2,3,1.0,0,0.0,0,0.0,0,0.0,0,0,3,partsupp_core,join,,sf1,obfuscated
iceberg,nf_training,nf_107_sf1_obf,xa,bigint,1,1.0,0.0,0.0,0.0,1.0,0.0,0,0,0,1,1,0,0,20000,10,0.0332,0.0,0.0,0,15,1,14,1.0,3,0.03333333333333333,3,0.03333333333333333,0,0.0,0,0,2,orders_customer,join,,sf1,obfuscated
iceberg,nf_training,nf_107_sf1_obf,xb,bigint,2,0.901,0.0,0.0,0.0,1.0,0.0,0,0,0,1,1,3,0,20000,10,0.0332,0.0,0.0,0,15,1,14,1.0,3,0.03333333333333333,3,0.03333333333333333,0,0.0,0,0,2,orders_customer,join,,sf1,obfuscated
iceberg,nf_training,nf_107_sf1_obf,xc,varchar,3,0.00015,0.0,0.0,1.0,1.0,0.0,0,0,0,1,1,0,0,20000,10,0.0332,0.0,0.0,0,15,1,14,1.0,3,0.03333333333333333,3,0.03333333333333333,0,0.0,0,0,2,orders_customer,join,,sf1,obfuscated
iceberg,nf_training,nf_107_sf1_obf,xd,date,4,0.1203,0.0,0.0,0.0,1.0,0.0,0,0,0,1,1,0,0,20000,10,0.0332,0.0,0.0,0,15,1,14,1.0,3,0.03333333333333333,3,0.03333333333333333,0,0.0,0,0,2,orders_customer,join,,sf1,obfuscated
iceberg,nf_training,nf_107_sf1_obf,xe,varchar,5,0.00025,0.0,0.0,8.41105,1.0,0.0,0,0,0,1,1,0,0,20000,10,0.0332,0.0,0.0,0,15,1,14,1.0,3,0.03333333333333333,3,0.03333333333333333,0,0.0,0,0,2,orders_customer,join,,sf1,obfuscated
iceberg,nf_training,nf_107_sf1_obf,xf,varchar,6,0.05,0.0,0.0,15.0,1.0,0.0,0,0,0,1,1,0,0,20000,10,0.0332,0.0,0.0,0,15,1,14,1.0,3,0.03333333333333333,3,0.03333333333333333,0,0.0,0,0,2,orders_customer,join,,sf1,obfuscated
iceberg,nf_training,nf_107_sf1_obf,xg,bigint,7,0.00125,0.0,0.0,0.0,1.0,0.0,0,0,0,1,1,0,1,20000,10,0.0332,0.0,0.0,0,15,1,14,1.0,3,0.03333333333333333,3,0.03333333333333333,0,0.0,0,0,2,orders_customer,join,,sf1,obfuscated
iceberg,nf_training,nf_107_sf1_obf,xh,double,8,0.8933,0.0,0.0,0.0,1.0,0.0,0,0,0,1,1,0,1,20000,10,0.0332,0.0,0.0,0,15,1,14,1.0,3,0.03333333333333333,3,0.03333333333333333,0,0.0,0,0,2,orders_customer,join,,sf1,obfuscated
iceberg,nf_training,nf_107_sf1_obf,xi,varchar,9,0.00025,0.0,0.0,8.99655,1.0,0.0,0,0,0,1,1,0,1,20000,10,0.0332,0.0,0.0,0,15,1,14,1.0,3,0.03333333333333333,3,0.03333333333333333,0,0.0,0,0,2,orders_customer,join,,sf1,obfuscated
iceberg,nf_training,nf_107_sf1_obf,xj,varchar,10,0.99935,0.0,0.0332,40.88792014152135,1.1871,0.003854707801405289,0,0,0,1,1,0,0,20000,10,0.0332,0.0,0.0,0,15,1,14,1.0,3,0.03333333333333333,3,0.03333333333333333,0,0.0,0,0,2,orders_customer,join,,sf1,obfuscated
iceberg,nf_training,nf_108_sf1_obf,xa,bigint,1,1.0,0.0,0.0,0.0,1.0,0.0,0,0,0,1,1,0,0,20000,11,0.0,0.0,0.0,0,10,1,9,0.9090909090909091,9,0.08181818181818182,9,0.08181818181818182,0,0.0,0,0,2,orders_customer_nation,join,,sf1,obfuscated
iceberg,nf_training,nf_108_sf1_obf,xb,bigint,2,0.901,0.0,0.0,0.0,1.0,0.0,0,0,0,1,1,5,0,20000,11,0.0,0.0,0.0,0,10,1,9,0.9090909090909091,9,0.08181818181818182,9,0.08181818181818182,0,0.0,0,0,2,orders_customer_nation,join,,sf1,obfuscated
iceberg,nf_training,nf_108_sf1_obf,xc,varchar,3,0.00015,0.0,0.0,1.0,1.0,0.0,0,0,0,0,0,0,0,20000,11,0.0,0.0,0.0,0,10,1,9,0.9090909090909091,9,0.08181818181818182,9,0.08181818181818182,0,0.0,0,0,2,orders_customer_nation,join,,sf1,obfuscated
iceberg,nf_training,nf_108_sf1_obf,xd,date,4,0.1203,0.0,0.0,0.0,1.0,0.0,0,0,0,1,1,0,0,20000,11,0.0,0.0,0.0,0,10,1,9,0.9090909090909091,9,0.08181818181818182,9,0.08181818181818182,0,0.0,0,0,2,orders_customer_nation,join,,sf1,obfuscated
iceberg,nf_training,nf_108_sf1_obf,xe,varchar,5,0.00025,0.0,0.0,8.41105,1.0,0.0,0,0,0,1,1,0,0,20000,11,0.0,0.0,0.0,0,10,1,9,0.9090909090909091,9,0.08181818181818182,9,0.08181818181818182,0,0.0,0,0,2,orders_customer_nation,join,,sf1,obfuscated
iceberg,nf_training,nf_108_sf1_obf,xf,varchar,6,0.05,0.0,0.0,15.0,1.0,0.0,0,0,0,1,1,0,0,20000,11,0.0,0.0,0.0,0,10,1,9,0.9090909090909091,9,0.08181818181818182,9,0.08181818181818182,0,0.0,0,0,2,orders_customer_nation,join,,sf1,obfuscated
iceberg,nf_training,nf_108_sf1_obf,xg,bigint,7,0.00125,0.0,0.0,0.0,1.0,0.0,0,0,0,1,1,2,2,20000,11,0.0,0.0,0.0,0,10,1,9,0.9090909090909091,9,0.08181818181818182,9,0.08181818181818182,0,0.0,0,0,2,orders_customer_nation,join,,sf1,obfuscated
iceberg,nf_training,nf_108_sf1_obf,xh,double,8,0.8933,0.0,0.0,0.0,1.0,0.0,0,0,0,1,1,0,1,20000,11,0.0,0.0,0.0,0,10,1,9,0.9090909090909091,9,0.08181818181818182,9,0.08181818181818182,0,0.0,0,0,2,orders_customer_nation,join,,sf1,obfuscated
iceberg,nf_training,nf_108_sf1_obf,xi,varchar,9,0.00025,0.0,0.0,8.99655,1.0,0.0,0,0,0,1,1,0,1,20000,11,0.0,0.0,0.0,0,10,1,9,0.9090909090909091,9,0.08181818181818182,9,0.08181818181818182,0,0.0,0,0,2,orders_customer_nation,join,,sf1,obfuscated
iceberg,nf_training,nf_108_sf1_obf,xj,varchar,10,0.00125,0.0,0.0,7.10165,1.0,0.0,0,0,0,1,1,2,2,20000,11,0.0,0.0,0.0,0,10,1,9,0.9090909090909091,9,0.08181818181818182,9,0.08181818181818182,0,0.0,0,0,2,orders_customer_nation,join,,sf1,obfuscated
iceberg,nf_training,nf_108_sf1_obf,xk,bigint,11,0.00025,0.0,0.0,0.0,1.0,0.0,0,0,0,1,1,0,3,20000,11,0.0,0.0,0.0,0,10,1,9,0.9090909090909091,9,0.08181818181818182,9,0.08181818181818182,0,0.0,0,0,2,orders_customer_nation,join,,sf1,obfuscated
iceberg,nf_training,nf_109_sf1_obf,xa,bigint,1,1.0,0.0,0.0,0.0,1.0,0.0,0,0,0,1,1,0,0,20000,12,0.0,0.0,0.0,0,11,1,10,0.9166666666666666,14,0.10606060606060606,14,0.10606060606060606,0,0.0,0,0,2,orders_customer_nation_region,join,,sf1,obfuscated
iceberg,nf_training,nf_109_sf1_obf,xb,bigint,2,0.901,0.0,0.0,0.0,1.0,0.0,0,0,0,1,1,6,0,20000,12,0.0,0.0,0.0,0,11,1,10,0.9166666666666666,14,0.10606060606060606,14,0.10606060606060606,0,0.0,0,0,2,orders_customer_nation_region,join,,sf1,obfuscated
iceberg,nf_training,nf_109_sf1_obf,xc,varchar,3,0.00015,0.0,0.0,1.0,1.0,0.0,0,0,0,0,0,0,0,20000,12,0.0,0.0,0.0,0,11,1,10,0.9166666666666666,14,0.10606060606060606,14,0.10606060606060606,0,0.0,0,0,2,orders_customer_nation_region,join,,sf1,obfuscated
iceberg,nf_training,nf_109_sf1_obf,xd,date,4,0.1203,0.0,0.0,0.0,1.0,0.0,0,0,0,1,1,0,0,20000,12,0.0,0.0,0.0,0,11,1,10,0.9166666666666666,14,0.10606060606060606,14,0.10606060606060606,0,0.0,0,0,2,orders_customer_nation_region,join,,sf1,obfuscated
iceberg,nf_training,nf_109_sf1_obf,xe,varchar,5,0.00025,0.0,0.0,8.41105,1.0,0.0,0,0,0,1,1,0,0,20000,12,0.0,0.0,0.0,0,11,1,10,0.9166666666666666,14,0.10606060606060606,14,0.10606060606060606,0,0.0,0,0,2,orders_customer_nation_region,join,,sf1,obfuscated
iceberg,nf_training,nf_109_sf1_obf,xf,varchar,6,0.05,0.0,0.0,15.0,1.0,0.0,0,0,0,1,1,0,0,20000,12,0.0,0.0,0.0,0,11,1,10,0.9166666666666666,14,0.10606060606060606,14,0.10606060606060606,0,0.0,0,0,2,orders_customer_nation_region,join,,sf1,obfuscated
iceberg,nf_training,nf_109_sf1_obf,xg,bigint,7,0.00125,0.0,0.0,0.0,1.0,0.0,0,0,0,1,1,3,2,20000,12,0.0,0.0,0.0,0,11,1,10,0.9166666666666666,14,0.10606060606060606,14,0.10606060606060606,0,0.0,0,0,2,orders_customer_nation_region,join,,sf1,obfuscated
iceberg,nf_training,nf_109_sf1_obf,xh,double,8,0.8933,0.0,0.0,0.0,1.0,0.0,0,0,0,1,1,0,1,20000,12,0.0,0.0,0.0,0,11,1,10,0.9166666666666666,14,0.10606060606060606,14,0.10606060606060606,0,0.0,0,0,2,orders_customer_nation_region,join,,sf1,obfuscated
iceberg,nf_training,nf_109_sf1_obf,xi,varchar,9,0.00025,0.0,0.0,8.99655,1.0,0.0,0,0,0,1,1,0,1,20000,12,0.0,0.0,0.0,0,11,1,10,0.9166666666666666,14,0.10606060606060606,14,0.10606060606060606,0,0.0,0,0,2,orders_customer_nation_region,join,,sf1,obfuscated
iceberg,nf_training,nf_109_sf1_obf,xj,varchar,10,0.00125,0.0,0.0,7.10165,1.0,0.0,0,0,0,1,1,3,2,20000,12,0.0,0.0,0.0,0,11,1,10,0.9166666666666666,14,0.10606060606060606,14,0.10606060606060606,0,0.0,0,0,2,orders_customer_nation_region,join,,sf1,obfuscated
iceberg,nf_training,nf_109_sf1_obf,xk,bigint,11,0.00025,0.0,0.0,0.0,1.0,0.0,0,0,0,1,1,1,4,20000,12,0.0,0.0,0.0,0,11,1,10,0.9166666666666666,14,0.10606060606060606,14,0.10606060606060606,0,0.0,0,0,2,orders_customer_nation_region,join,,sf1,obfuscated
iceberg,nf_training,nf_109_sf1_obf,xl,varchar,12,0.00025,0.0,0.0,6.7891,1.0,0.0,0,0,0,1,1,1,4,20000,12,0.0,0.0,0.0,0,11,1,10,0.9166666666666666,14,0.10606060606060606,14,0.10606060606060606,0,0.0,0,0,2,orders_customer_nation_region,join,,sf1,obfuscated
iceberg,nf_training,nf_110_sf1_obf,xa,bigint,1,1.0,0.0,0.0,0.0,1.0,0.0,0,0,0,1,1,0,0,20000,6,0.0,0.0,0.0,0,1,1,0,0.16666666666666666,4,0.13333333333333333,0,0.0,4,0.13333333333333333,0,4,2,customer_nation,join,,sf1,obfuscated
iceberg,nf_training,nf_110_sf1_obf,xb,bigint,2,0.00125,0.0,0.0,0.0,1.0,0.0,0,0,0,0,0,2,1,20000,6,0.0,0.0,0.0,0,1,1,0,0.16666666666666666,4,0.13333333333333333,0,0.0,4,0.13333333333333333,0,4,2,customer_nation,join,,sf1,obfuscated
iceberg,nf_training,nf_110_sf1_obf,xc,double,3,0.99095,0.0,0.0,0.0,1.0,0.0,0,0,0,0,0,0,0,20000,6,0.0,0.0,0.0,0,1,1,0,0.16666666666666666,4,0.13333333333333333,0,0.0,4,0.13333333333333333,0,4,2,customer_nation,join,,sf1,obfuscated
iceberg,nf_training,nf_110_sf1_obf,xd,varchar,4,0.00025,0.0,0.0,8.99375,1.0,0.0,0,0,0,0,0,0,0,20000,6,0.0,0.0,0.0,0,1,1,0,0.16666666666666666,4,0.13333333333333333,0,0.0,4,0.13333333333333333,0,4,2,customer_nation,join,,sf1,obfuscated
iceberg,nf_training,nf_110_sf1_obf,xe,varchar,5,0.00125,0.0,0.0,7.0848,1.0,0.0,0,0,0,0,0,2,1,20000,6,0.0,0.0,0.0,0,1,1,0,0.16666666666666666,4,0.13333333333333333,0,0.0,4,0.13333333333333333,0,4,2,customer_nation,join,,sf1,obfuscated
iceberg,nf_training,nf_110_sf1_obf,xf,bigint,6,0.00025,0.0,0.0,0.0,1.0,0.0,0,0,0,0,0,0,2,20000,6,0.0,0.0,0.0,0,1,1,0,0.16666666666666666,4,0.13333333333333333,0,0.0,4,0.13333333333333333,0,4,2,customer_nation,join,,sf1,obfuscated
iceberg,nf_training,nf_111_sf1_obf,xa,bigint,1,1.0,0.0,0.0,0.0,1.0,0.0,0,0,0,1,1,0,0,10000,5,0.0,0.0,0.0,0,1,1,0,0.2,4,0.2,0,0.0,4,0.2,0,4,2,supplier_nation,join,,sf1,obfuscated
iceberg,nf_training,nf_111_sf1_obf,xb,bigint,2,0.0025,0.0,0.0,0.0,1.0,0.0,0,0,0,0,0,2,1,10000,5,0.0,0.0,0.0,0,1,1,0,0.2,4,0.2,0,0.0,4,0.2,0,4,2,supplier_nation,join,,sf1,obfuscated
iceberg,nf_training,nf_111_sf1_obf,xc,double,3,0.9955,0.0,0.0,0.0,1.0,0.0,0,0,0,0,0,0,0,10000,5,0.0,0.0,0.0,0,1,1,0,0.2,4,0.2,0,0.0,4,0.2,0,4,2,supplier_nation,join,,sf1,obfuscated
iceberg,nf_training,nf_111_sf1_obf,xd,varchar,4,0.0025,0.0,0.0,7.0667,1.0,0.0,0,0,0,0,0,2,1,10000,5,0.0,0.0,0.0,0,1,1,0,0.2,4,0.2,0,0.0,4,0.2,0,4,2,supplier_nation,join,,sf1,obfuscated
iceberg,nf_training,nf_111_sf1_obf,xe,bigint,5,0.0005,0.0,0.0,0.0,1.0,0.0,0,0,0,0,0,0,2,10000,5,0.0,0.0,0.0,0,1,1,0,0.2,4,0.2,0,0.0,4,0.2,0,4,2,supplier_nation,join,,sf1,obfuscated
iceberg,nf_training,nf_112_sf1_obf,xa,bigint,1,1.0,0.0,0.0,0.0,1.0,0.0,0,0,0,1,1,0,0,20000,7,0.0,0.0,0.0,0,1,1,0,0.14285714285714285,1,0.023809523809523808,0,0.0,1,0.023809523809523808,0,1,2,part_with_mfgr,join,,sf1,obfuscated
iceberg,nf_training,nf_112_sf1_obf,xb,varchar,2,0.00025,0.0,0.0,14.0,1.0,0.0,0,0,0,0,0,0,1,20000,7,0.0,0.0,0.0,0,1,1,0,0.14285714285714285,1,0.023809523809523808,0,0.0,1,0.023809523809523808,0,1,2,part_with_mfgr,join,,sf1,obfuscated
iceberg,nf_training,nf_112_sf1_obf,xc,varchar,3,0.00125,0.0,0.0,8.0,1.0,0.0,0,0,0,0,0,1,0,20000,7,0.0,0.0,0.0,0,1,1,0,0.14285714285714285,1,0.023809523809523808,0,0.0,1,0.023809523809523808,0,1,2,part_with_mfgr,join,,sf1,obfuscated
iceberg,nf_training,nf_112_sf1_obf,xd,varchar,4,0.0075,0.0,0.0,20.58315,1.0,0.0,0,0,0,0,0,0,0,20000,7,0.0,0.0,0.0,0,1,1,0,0.14285714285714285,1,0.023809523809523808,0,0.0,1,0.023809523809523808,0,1,2,part_with_mfgr,join,,sf1,obfuscated
iceberg,nf_training,nf_112_sf1_obf,xe,integer,5,0.0025,0.0,0.0,0.0,1.0,0.0,0,0,0,0,0,0,0,20000,7,0.0,0.0,0.0,0,1,1,0,0.14285714285714285,1,0.023809523809523808,0,0.0,1,0.023809523809523808,0,1,2,part_with_mfgr,join,,sf1,obfuscated
iceberg,nf_training,nf_112_sf1_obf,xf,varchar,6,0.002,0.0,0.0,7.57,1.0,0.0,0,0,0,0,0,0,0,20000,7,0.0,0.0,0.0,0,1,1,0,0.14285714285714285,1,0.023809523809523808,0,0.0,1,0.023809523809523808,0,1,2,part_with_mfgr,join,,sf1,obfuscated
iceberg,nf_training,nf_112_sf1_obf,xg,double,7,0.14495,0.0,0.0,0.0,1.0,0.0,0,0,0,0,0,0,0,20000,7,0.0,0.0,0.0,0,1,1,0,0.14285714285714285,1,0.023809523809523808,0,0.0,1,0.023809523809523808,0,1,2,part_with_mfgr,join,,sf1,obfuscated
iceberg,nf_training,nf_113_sf1_obf,xa,bigint,1,0.24935,0.0,0.0,0.0,1.0,0.0,0,0,0,1,1,0,0,20000,12,0.0482,0.0,0.0,0,19,2,19,1.0,1,0.007575757575757576,1,0.007575757575757576,0,0.0,0,0,2,lineitem_with_status,join,,sf1,obfuscated
iceberg,nf_training,nf_113_sf1_obf,xb,integer,2,0.00035,0.0,0.0,0.0,1.0,0.0,0,0,0,1,1,0,0,20000,12,0.0482,0.0,0.0,0,19,2,19,1.0,1,0.007575757575757576,1,0.007575757575757576,0,0.0,0,0,2,lineitem_with_status,join,,sf1,obfuscated
iceberg,nf_training,nf_113_sf1_obf,xc,bigint,3,0.95115,0.0,0.0,0.0,1.0,0.0,0,0,0,1,1,0,0,20000,12,0.0482,0.0,0.0,0,19,2,19,1.0,1,0.007575757575757576,1,0.007575757575757576,0,0.0,0,0,2,lineitem_with_status,join,,sf1,obfuscated
iceberg,nf_training,nf_113_sf1_obf,xd,bigint,4,0.4303,0.0,0.0,0.0,1.0,0.0,0,0,0,1,1,0,0,20000,12,0.0482,0.0,0.0,0,19,2,19,1.0,1,0.007575757575757576,1,0.007575757575757576,0,0.0,0,0,2,lineitem_with_status,join,,sf1,obfuscated
iceberg,nf_training,nf_113_sf1_obf,xe,double,5,0.0025,0.0,0.0,0.0,1.0,0.0,0,0,0,1,1,0,0,20000,12,0.0482,0.0,0.0,0,19,2,19,1.0,1,0.007575757575757576,1,0.007575757575757576,0,0.0,0,0,2,lineitem_with_status,join,,sf1,obfuscated
iceberg,nf_training,nf_113_sf1_obf,xf,double,6,0.9876,0.0,0.0,0.0,1.0,0.0,0,0,0,1,1,0,0,20000,12,0.0482,0.0,0.0,0,19,2,19,1.0,1,0.007575757575757576,1,0.007575757575757576,0,0.0,0,0,2,lineitem_with_status,join,,sf1,obfuscated
iceberg,nf_training,nf_113_sf1_obf,xg,double,7,0.00055,0.0,0.0,0.0,1.0,0.0,0,0,0,1,1,0,0,20000,12,0.0482,0.0,0.0,0,19,2,19,1.0,1,0.007575757575757576,1,0.007575757575757576,0,0.0,0,0,2,lineitem_with_status,join,,sf1,obfuscated
iceberg,nf_training,nf_113_sf1_obf,xh,varchar,8,0.00015,0.0,0.0,1.0,1.0,0.0,0,0,0,1,1,0,0,20000,12,0.0482,0.0,0.0,0,19,2,19,1.0,1,0.007575757575757576,1,0.007575757575757576,0,0.0,0,0,2,lineitem_with_status,join,,sf1,obfuscated
iceberg,nf_training,nf_113_sf1_obf,xi,varchar,9,0.0001,0.0,0.0,1.0,1.0,0.0,0,0,0,1,1,0,1,20000,12,0.0482,0.0,0.0,0,19,2,19,1.0,1,0.007575757575757576,1,0.007575757575757576,0,0.0,0,0,2,lineitem_with_status,join,,sf1,obfuscated
iceberg,nf_training,nf_113_sf1_obf,xj,date,10,0.12525,0.0,0.0,0.0,1.0,0.0,0,0,0,1,1,1,0,20000,12,0.0482,0.0,0.0,0,19,2,19,1.0,1,0.007575757575757576,1,0.007575757575757576,0,0.0,0,0,2,lineitem_with_status,join,,sf1,obfuscated
iceberg,nf_training,nf_113_sf1_obf,xk,varchar,11,0.00035,0.0,0.0,4.29065,1.0,0.0,0,0,0,1,1,0,0,20000,12,0.0482,0.0,0.0,0,19,2,19,1.0,1,0.007575757575757576,1,0.007575757575757576,0,0.0,0,0,2,lineitem_with_status,join,,sf1,obfuscated
iceberg,nf_training,nf_113_sf1_obf,xl,varchar,12,0.9896,0.0,0.0482,24.00503492697088,1.1023,0.0038661035684929563,0,0,0,1,1,0,0,20000,12,0.0482,0.0,0.0,0,19,2,19,1.0,1,0.007575757575757576,1,0.007575757575757576,0,0.0,0,0,2,lineitem_with_status,join,,sf1,obfuscated
iceberg,nf_training,nf_114_sf1_obf,xa,bigint,1,0.24935,0.0,0.0,0.0,1.0,0.0,0,0,0,1,1,0,0,20000,16,0.0,0.0,0.0,0,33,2,33,0.9375,7,0.029166666666666667,7,0.029166666666666667,0,0.0,0,0,2,lineitem_part,join,,sf1,obfuscated
iceberg,nf_training,nf_114_sf1_obf,xb,integer,2,0.00035,0.0,0.0,0.0,1.0,0.0,0,0,0,1,1,0,0,20000,16,0.0,0.0,0.0,0,33,2,33,0.9375,7,0.029166666666666667,7,0.029166666666666667,0,0.0,0,0,2,lineitem_part,join,,sf1,obfuscated
iceberg,nf_training,nf_114_sf1_obf,xc,bigint,3,0.95115,0.0,0.0,0.0,1.0,0.0,0,0,0,1,1,6,0,20000,16,0.0,0.0,0.0,0,33,2,33,0.9375,7,0.029166666666666667,7,0.029166666666666667,0,0.0,0,0,2,lineitem_part,join,,sf1,obfuscated
iceberg,nf_training,nf_114_sf1_obf,xd,bigint,4,0.4303,0.0,0.0,0.0,1.0,0.0,0,0,0,1,1,0,0,20000,16,0.0,0.0,0.0,0,33,2,33,0.9375,7,0.029166666666666667,7,0.029166666666666667,0,0.0,0,0,2,lineitem_part,join,,sf1,obfuscated
iceberg,nf_training,nf_114_sf1_obf,xe,double,5,0.0025,0.0,0.0,0.0,1.0,0.0,0,0,0,1,1,0,0,20000,16,0.0,0.0,0.0,0,33,2,33,0.9375,7,0.029166666666666667,7,0.029166666666666667,0,0.0,0,0,2,lineitem_part,join,,sf1,obfuscated
iceberg,nf_training,nf_114_sf1_obf,xf,double,6,0.9876,0.0,0.0,0.0,1.0,0.0,0,0,0,1,1,0,0,20000,16,0.0,0.0,0.0,0,33,2,33,0.9375,7,0.029166666666666667,7,0.029166666666666667,0,0.0,0,0,2,lineitem_part,join,,sf1,obfuscated
iceberg,nf_training,nf_114_sf1_obf,xg,double,7,0.00055,0.0,0.0,0.0,1.0,0.0,0,0,0,1,1,0,0,20000,16,0.0,0.0,0.0,0,33,2,33,0.9375,7,0.029166666666666667,7,0.029166666666666667,0,0.0,0,0,2,lineitem_part,join,,sf1,obfuscated
iceberg,nf_training,nf_114_sf1_obf,xh,varchar,8,0.00015,0.0,0.0,1.0,1.0,0.0,0,0,0,0,0,0,0,20000,16,0.0,0.0,0.0,0,33,2,33,0.9375,7,0.029166666666666667,7,0.029166666666666667,0,0.0,0,0,2,lineitem_part,join,,sf1,obfuscated
iceberg,nf_training,nf_114_sf1_obf,xi,date,9,0.12525,0.0,0.0,0.0,1.0,0.0,0,0,0,1,1,0,0,20000,16,0.0,0.0,0.0,0,33,2,33,0.9375,7,0.029166666666666667,7,0.029166666666666667,0,0.0,0,0,2,lineitem_part,join,,sf1,obfuscated
iceberg,nf_training,nf_114_sf1_obf,xj,varchar,10,0.00035,0.0,0.0,4.29065,1.0,0.0,0,0,0,1,1,0,0,20000,16,0.0,0.0,0.0,0,33,2,33,0.9375,7,0.029166666666666667,7,0.029166666666666667,0,0.0,0,0,2,lineitem_part,join,,sf1,obfuscated
iceberg,nf_training,nf_114_sf1_obf,xk,varchar,11,0.00025,0.0,0.0,14.0,1.0,0.0,0,0,0,1,1,0,2,20000,16,0.0,0.0,0.0,0,33,2,33,0.9375,7,0.029166666666666667,7,0.029166666666666667,0,0.0,0,0,2,lineitem_part,join,,sf1,obfuscated
iceberg,nf_training,nf_114_sf1_obf,xl,varchar,12,0.00125,0.0,0.0,8.0,1.0,0.0,0,0,0,1,1,1,1,20000,16,0.0,0.0,0.0,0,33,2,33,0.9375,7,0.029166666666666667,7,0.029166666666666667,0,0.0,0,0,2,lineitem_part,join,,sf1,obfuscated
iceberg,nf_training,nf_114_sf1_obf,xm,varchar,13,0.0075,0.0,0.0,20.61935,1.0,0.0,0,0,0,1,1,0,1,20000,16,0.0,0.0,0.0,0,33,2,33,0.9375,7,0.029166666666666667,7,0.029166666666666667,0,0.0,0,0,2,lineitem_part,join,,sf1,obfuscated
iceberg,nf_training,nf_114_sf1_obf,xn,integer,14,0.0025,0.0,0.0,0.0,1.0,0.0,0,0,0,1,1,0,1,20000,16,0.0,0.0,0.0,0,33,2,33,0.9375,7,0.029166666666666667,7,0.029166666666666667,0,0.0,0,0,2,lineitem_part,join,,sf1,obfuscated
iceberg,nf_training,nf_114_sf1_obf,xo,varchar,15,0.002,0.0,0.0,7.5745,1.0,0.0,0,0,0,1,1,0,1,20000,16,0.0,0.0,0.0,0,33,2,33,0.9375,7,0.029166666666666667,7,0.029166666666666667,0,0.0,0,0,2,lineitem_part,join,,sf1,obfuscated
iceberg,nf_training,nf_114_sf1_obf,xp,double,16,0.63935,0.0,0.0,0.0,1.0,0.0,0,0,0,1,1,0,1,20000,16,0.0,0.0,0.0,0,33,2,33,0.9375,7,0.029166666666666667,7,0.029166666666666667,0,0.0,0,0,2,lineitem_part,join,,sf1,obfuscated
iceberg,nf_training,nf_115_sf1_obf,xa,bigint,1,0.24935,0.0,0.0,0.0,1.0,0.0,0,0,0,1,1,0,0,20000,14,0.0,0.0,0.0,0,13,2,13,0.6428571428571429,8,0.04395604395604396,4,0.02197802197802198,4,0.02197802197802198,3,4,2,lineitem_supplier_nation,join,,sf1,obfuscated
iceberg,nf_training,nf_115_sf1_obf,xb,integer,2,0.00035,0.0,0.0,0.0,1.0,0.0,0,0,0,1,1,0,0,20000,14,0.0,0.0,0.0,0,13,2,13,0.6428571428571429,8,0.04395604395604396,4,0.02197802197802198,4,0.02197802197802198,3,4,2,lineitem_supplier_nation,join,,sf1,obfuscated
iceberg,nf_training,nf_115_sf1_obf,xc,bigint,3,0.95115,0.0,0.0,0.0,1.0,0.0,0,0,0,1,1,0,0,20000,14,0.0,0.0,0.0,0,13,2,13,0.6428571428571429,8,0.04395604395604396,4,0.02197802197802198,4,0.02197802197802198,3,4,2,lineitem_supplier_nation,join,,sf1,obfuscated
iceberg,nf_training,nf_115_sf1_obf,xd,bigint,4,0.4303,0.0,0.0,0.0,1.0,0.0,0,0,0,1,1,4,0,20000,14,0.0,0.0,0.0,0,13,2,13,0.6428571428571429,8,0.04395604395604396,4,0.02197802197802198,4,0.02197802197802198,3,4,2,lineitem_supplier_nation,join,,sf1,obfuscated
iceberg,nf_training,nf_115_sf1_obf,xe,double,5,0.0025,0.0,0.0,0.0,1.0,0.0,0,0,0,1,1,0,0,20000,14,0.0,0.0,0.0,0,13,2,13,0.6428571428571429,8,0.04395604395604396,4,0.02197802197802198,4,0.02197802197802198,3,4,2,lineitem_supplier_nation,join,,sf1,obfuscated
iceberg,nf_training,nf_115_sf1_obf,xf,double,6,0.9876,0.0,0.0,0.0,1.0,0.0,0,0,0,1,1,0,0,20000,14,0.0,0.0,0.0,0,13,2,13,0.6428571428571429,8,0.04395604395604396,4,0.02197802197802198,4,0.02197802197802198,3,4,2,lineitem_supplier_nation,join,,sf1,obfuscated
iceberg,nf_training,nf_115_sf1_obf,xg,double,7,0.00055,0.0,0.0,0.0,1.0,0.0,0,0,0,1,1,0,0,20000,14,0.0,0.0,0.0,0,13,2,13,0.6428571428571429,8,0.04395604395604396,4,0.02197802197802198,4,0.02197802197802198,3,4,2,lineitem_supplier_nation,join,,sf1,obfuscated
iceberg,nf_training,nf_115_sf1_obf,xh,varchar,8,0.00015,0.0,0.0,1.0,1.0,0.0,0,0,0,0,0,0,0,20000,14,0.0,0.0,0.0,0,13,2,13,0.6428571428571429,8,0.04395604395604396,4,0.02197802197802198,4,0.02197802197802198,3,4,2,lineitem_supplier_nation,join,,sf1,obfuscated
iceberg,nf_training,nf_115_sf1_obf,xi,date,9,0.12525,0.0,0.0,0.0,1.0,0.0,0,0,0,1,1,0,0,20000,14,0.0,0.0,0.0,0,13,2,13,0.6428571428571429,8,0.04395604395604396,4,0.02197802197802198,4,0.02197802197802198,3,4,2,lineitem_supplier_nation,join,,sf1,obfuscated
iceberg,nf_training,nf_115_sf1_obf,xj,varchar,10,0.00035,0.0,0.0,4.29065,1.0,0.0,0,0,0,0,0,0,0,20000,14,0.0,0.0,0.0,0,13,2,13,0.6428571428571429,8,0.04395604395604396,4,0.02197802197802198,4,0.02197802197802198,3,4,2,lineitem_supplier_nation,join,,sf1,obfuscated
iceberg,nf_training,nf_115_sf1_obf,xk,bigint,11,0.00125,0.0,0.0,0.0,1.0,0.0,0,0,0,0,0,2,2,20000,14,0.0,0.0,0.0,0,13,2,13,0.6428571428571429,8,0.04395604395604396,4,0.02197802197802198,4,0.02197802197802198,3,4,2,lineitem_supplier_nation,join,,sf1,obfuscated
iceberg,nf_training,nf_115_sf1_obf,xl,double,12,0.4287,0.0,0.0,0.0,1.0,0.0,0,0,0,1,1,0,1,20000,14,0.0,0.0,0.0,0,13,2,13,0.6428571428571429,8,0.04395604395604396,4,0.02197802197802198,4,0.02197802197802198,3,4,2,lineitem_supplier_nation,join,,sf1,obfuscated
iceberg,nf_training,nf_115_sf1_obf,xm,varchar,13,0.00125,0.0,0.0,7.08805,1.0,0.0,0,0,0,0,0,2,2,20000,14,0.0,0.0,0.0,0,13,2,13,0.6428571428571429,8,0.04395604395604396,4,0.02197802197802198,4,0.02197802197802198,3,4,2,lineitem_supplier_nation,join,,sf1,obfuscated
iceberg,nf_training,nf_115_sf1_obf,xn,bigint,14,0.00025,0.0,0.0,0.0,1.0,0.0,0,0,0,0,0,0,3,20000,14,0.0,0.0,0.0,0,13,2,13,0.6428571428571429,8,0.04395604395604396,4,0.02197802197802198,4,0.02197802197802198,3,4,2,lineitem_supplier_nation,join,,sf1,obfuscated
iceberg,nf_training,nf_116_sf1_obf,xa,bigint,1,0.24935,0.0,0.0,0.0,1.0,0.0,0,0,0,1,1,5,0,20000,16,0.0482,0.0,0.0,0,41,2,41,1.0,5,0.020833333333333332,5,0.020833333333333332,0,0.0,0,0,1,lineitem_orders,join,,sf1,obfuscated
iceberg,nf_training,nf_116_sf1_obf,xb,integer,2,0.00035,0.0,0.0,0.0,1.0,0.0,0,0,0,1,1,0,0,20000,16,0.0482,0.0,0.0,0,41,2,41,1.0,5,0.020833333333333332,5,0.020833333333333332,0,0.0,0,0,1,lineitem_orders,join,,sf1,obfuscated
iceberg,nf_training,nf_116_sf1_obf,xc,bigint,3,0.95115,0.0,0.0,0.0,1.0,0.0,0,0,0,1,1,0,0,20000,16,0.0482,0.0,0.0,0,41,2,41,1.0,5,0.020833333333333332,5,0.020833333333333332,0,0.0,0,0,1,lineitem_orders,join,,sf1,obfuscated
iceberg,nf_training,nf_116_sf1_obf,xd,bigint,4,0.4303,0.0,0.0,0.0,1.0,0.0,0,0,0,1,1,0,0,20000,16,0.0482,0.0,0.0,0,41,2,41,1.0,5,0.020833333333333332,5,0.020833333333333332,0,0.0,0,0,1,lineitem_orders,join,,sf1,obfuscated
iceberg,nf_training,nf_116_sf1_obf,xe,double,5,0.0025,0.0,0.0,0.0,1.0,0.0,0,0,0,1,1,0,0,20000,16,0.0482,0.0,0.0,0,41,2,41,1.0,5,0.020833333333333332,5,0.020833333333333332,0,0.0,0,0,1,lineitem_orders,join,,sf1,obfuscated
iceberg,nf_training,nf_116_sf1_obf,xf,double,6,0.9876,0.0,0.0,0.0,1.0,0.0,0,0,0,1,1,0,0,20000,16,0.0482,0.0,0.0,0,41,2,41,1.0,5,0.020833333333333332,5,0.020833333333333332,0,0.0,0,0,1,lineitem_orders,join,,sf1,obfuscated
iceberg,nf_training,nf_116_sf1_obf,xg,double,7,0.00055,0.0,0.0,0.0,1.0,0.0,0,0,0,1,1,0,0,20000,16,0.0482,0.0,0.0,0,41,2,41,1.0,5,0.020833333333333332,5,0.020833333333333332,0,0.0,0,0,1,lineitem_orders,join,,sf1,obfuscated
iceberg,nf_training,nf_116_sf1_obf,xh,varchar,8,0.00015,0.0,0.0,1.0,1.0,0.0,0,0,0,1,1,0,0,20000,16,0.0482,0.0,0.0,0,41,2,41,1.0,5,0.020833333333333332,5,0.020833333333333332,0,0.0,0,0,1,lineitem_orders,join,,sf1,obfuscated
iceberg,nf_training,nf_116_sf1_obf,xi,date,9,0.12525,0.0,0.0,0.0,1.0,0.0,0,0,0,1,1,0,0,20000,16,0.0482,0.0,0.0,0,41,2,41,1.0,5,0.020833333333333332,5,0.020833333333333332,0,0.0,0,0,1,lineitem_orders,join,,sf1,obfuscated
iceberg,nf_training,nf_116_sf1_obf,xj,varchar,10,0.00035,0.0,0.0,4.29065,1.0,0.0,0,0,0,1,1,0,0,20000,16,0.0482,0.0,0.0,0,41,2,41,1.0,5,0.020833333333333332,5,0.020833333333333332,0,0.0,0,0,1,lineitem_orders,join,,sf1,obfuscated
iceberg,nf_training,nf_116_sf1_obf,xk,bigint,11,0.24355,0.0,0.0,0.0,1.0,0.0,0,0,0,1,1,0,1,20000,16,0.0482,0.0,0.0,0,41,2,41,1.0,5,0.020833333333333332,5,0.020833333333333332,0,0.0,0,0,1,lineitem_orders,join,,sf1,obfuscated
iceberg,nf_training,nf_116_sf1_obf,xl,varchar,12,0.00015,0.0,0.0,1.0,1.0,0.0,0,0,0,1,1,0,1,20000,16,0.0482,0.0,0.0,0,41,2,41,1.0,5,0.020833333333333332,5,0.020833333333333332,0,0.0,0,0,1,lineitem_orders,join,,sf1,obfuscated
iceberg,nf_training,nf_116_sf1_obf,xm,date,13,0.10555,0.0,0.0,0.0,1.0,0.0,0,0,0,1,1,0,1,20000,16,0.0482,0.0,0.0,0,41,2,41,1.0,5,0.020833333333333332,5,0.020833333333333332,0,0.0,0,0,1,lineitem_orders,join,,sf1,obfuscated
iceberg,nf_training,nf_116_sf1_obf,xn,varchar,14,0.00025,0.0,0.0,8.47515,1.0,0.0,0,0,0,1,1,0,1,20000,16,0.0482,0.0,0.0,0,41,2,41,1.0,5,0.020833333333333332,5,0.020833333333333332,0,0.0,0,0,1,lineitem_orders,join,,sf1,obfuscated
iceberg,nf_training,nf_116_sf1_obf,xo,varchar,15,0.0497,0.0,0.0,15.0,1.0,0.0,0,0,0,1,1,0,1,20000,16,0.0482,0.0,0.0,0,41,2,41,1.0,5,0.020833333333333332,5,0.020833333333333332,0,0.0,0,0,1,lineitem_orders,join,,sf1,obfuscated
iceberg,nf_training,nf_116_sf1_obf,xp,varchar,16,0.9896,0.0,0.0482,24.00503492697088,1.1023,0.0038661035684929563,0,0,0,1,1,0,0,20000,16,0.0482,0.0,0.0,0,41,2,41,1.0,5,0.020833333333333332,5,0.020833333333333332,0,0.0,0,0,1,lineitem_orders,join,,sf1,obfuscated
iceberg,nf_training,nf_117_sf1_obf,xa,bigint,1,0.24935,0.0,0.0,0.0,1.0,0.0,0,0,0,1,1,8,0,20000,18,0.0,0.0,0.0,0,42,2,42,0.8333333333333334,11,0.03594771241830065,11,0.03594771241830065,0,0.0,1,0,1,lineitem_orders_customer,join,,sf1,obfuscated
iceberg,nf_training,nf_117_sf1_obf,xb,integer,2,0.00035,0.0,0.0,0.0,1.0,0.0,0,0,0,1,1,0,0,20000,18,0.0,0.0,0.0,0,42,2,42,0.8333333333333334,11,0.03594771241830065,11,0.03594771241830065,0,0.0,1,0,1,lineitem_orders_customer,join,,sf1,obfuscated
iceberg,nf_training,nf_117_sf1_obf,xc,bigint,3,0.95115,0.0,0.0,0.0,1.0,0.0,0,0,0,1,1,0,0,20000,18,0.0,0.0,0.0,0,42,2,42,0.8333333333333334,11,0.03594771241830065,11,0.03594771241830065,0,0.0,1,0,1,lineitem_orders_customer,join,,sf1,obfuscated
iceberg,nf_training,nf_117_sf1_obf,xd,bigint,4,0.4303,0.0,0.0,0.0,1.0,0.0,0,0,0,1,1,0,0,20000,18,0.0,0.0,0.0,0,42,2,42,0.8333333333333334,11,0.03594771241830065,11,0.03594771241830065,0,0.0,1,0,1,lineitem_orders_customer,join,,sf1,obfuscated
iceberg,nf_training,nf_117_sf1_obf,xe,double,5,0.0025,0.0,0.0,0.0,1.0,0.0,0,0,0,1,1,0,0,20000,18,0.0,0.0,0.0,0,42,2,42,0.8333333333333334,11,0.03594771241830065,11,0.03594771241830065,0,0.0,1,0,1,lineitem_orders_customer,join,,sf1,obfuscated
iceberg,nf_training,nf_117_sf1_obf,xf,double,6,0.9876,0.0,0.0,0.0,1.0,0.0,0,0,0,1,1,0,0,20000,18,0.0,0.0,0.0,0,42,2,42,0.8333333333333334,11,0.03594771241830065,11,0.03594771241830065,0,0.0,1,0,1,lineitem_orders_customer,join,,sf1,obfuscated
iceberg,nf_training,nf_117_sf1_obf,xg,double,7,0.00055,0.0,0.0,0.0,1.0,0.0,0,0,0,1,1,0,0,20000,18,0.0,0.0,0.0,0,42,2,42,0.8333333333333334,11,0.03594771241830065,11,0.03594771241830065,0,0.0,1,0,1,lineitem_orders_customer,join,,sf1,obfuscated
iceberg,nf_training,nf_117_sf1_obf,xh,varchar,8,0.00015,0.0,0.0,1.0,1.0,0.0,0,0,0,0,0,0,0,20000,18,0.0,0.0,0.0,0,42,2,42,0.8333333333333334,11,0.03594771241830065,11,0.03594771241830065,0,0.0,1,0,1,lineitem_orders_customer,join,,sf1,obfuscated
iceberg,nf_training,nf_117_sf1_obf,xi,date,9,0.12525,0.0,0.0,0.0,1.0,0.0,0,0,0,1,1,0,0,20000,18,0.0,0.0,0.0,0,42,2,42,0.8333333333333334,11,0.03594771241830065,11,0.03594771241830065,0,0.0,1,0,1,lineitem_orders_customer,join,,sf1,obfuscated
iceberg,nf_training,nf_117_sf1_obf,xj,varchar,10,0.00035,0.0,0.0,4.29065,1.0,0.0,0,0,0,0,0,0,0,20000,18,0.0,0.0,0.0,0,42,2,42,0.8333333333333334,11,0.03594771241830065,11,0.03594771241830065,0,0.0,1,0,1,lineitem_orders_customer,join,,sf1,obfuscated
iceberg,nf_training,nf_117_sf1_obf,xk,bigint,11,0.24355,0.0,0.0,0.0,1.0,0.0,0,0,0,1,1,3,1,20000,18,0.0,0.0,0.0,0,42,2,42,0.8333333333333334,11,0.03594771241830065,11,0.03594771241830065,0,0.0,1,0,1,lineitem_orders_customer,join,,sf1,obfuscated
iceberg,nf_training,nf_117_sf1_obf,xl,varchar,12,0.00015,0.0,0.0,1.0,1.0,0.0,0,0,0,0,0,0,1,20000,18,0.0,0.0,0.0,0,42,2,42,0.8333333333333334,11,0.03594771241830065,11,0.03594771241830065,0,0.0,1,0,1,lineitem_orders_customer,join,,sf1,obfuscated
iceberg,nf_training,nf_117_sf1_obf,xm,date,13,0.10555,0.0,0.0,0.0,1.0,0.0,0,0,0,1,1,0,1,20000,18,0.0,0.0,0.0,0,42,2,42,0.8333333333333334,11,0.03594771241830065,11,0.03594771241830065,0,0.0,1,0,1,lineitem_orders_customer,join,,sf1,obfuscated
iceberg,nf_training,nf_117_sf1_obf,xn,varchar,14,0.00025,0.0,0.0,8.47515,1.0,0.0,0,0,0,1,1,0,1,20000,18,0.0,0.0,0.0,0,42,2,42,0.8333333333333334,11,0.03594771241830065,11,0.03594771241830065,0,0.0,1,0,1,lineitem_orders_customer,join,,sf1,obfuscated
iceberg,nf_training,nf_117_sf1_obf,xo,varchar,15,0.0497,0.0,0.0,15.0,1.0,0.0,0,0,0,1,1,0,1,20000,18,0.0,0.0,0.0,0,42,2,42,0.8333333333333334,11,0.03594771241830065,11,0.03594771241830065,0,0.0,1,0,1,lineitem_orders_customer,join,,sf1,obfuscated
iceberg,nf_training,nf_117_sf1_obf,xp,bigint,16,0.00125,0.0,0.0,0.0,1.0,0.0,0,0,0,1,1,0,2,20000,18,0.0,0.0,0.0,0,42,2,42,0.8333333333333334,11,0.03594771241830065,11,0.03594771241830065,0,0.0,1,0,1,lineitem_orders_customer,join,,sf1,obfuscated
iceberg,nf_training,nf_117_sf1_obf,xq,double,17,0.24285,0.0,0.0,0.0,1.0,0.0,0,0,0,1,1,0,2,20000,18,0.0,0.0,0.0,0,42,2,42,0.8333333333333334,11,0.03594771241830065,11,0.03594771241830065,0,0.0,1,0,1,lineitem_orders_customer,join,,sf1,obfuscated
iceberg,nf_training,nf_117_sf1_obf,xr,varchar,18,0.00025,0.0,0.0,9.01935,1.0,0.0,0,0,0,1,1,0,2,20000,18,0.0,0.0,0.0,0,42,2,42,0.8333333333333334,11,0.03594771241830065,11,0.03594771241830065,0,0.0,1,0,1,lineitem_orders_customer,join,,sf1,obfuscated
iceberg,nf_training,nf_118_sf1_obf,xa,bigint,1,0.25,0.0,0.0,0.0,1.0,0.0,0,0,0,1,1,0,0,20000,7,0.00305,0.0,0.0,0,13,2,13,1.0,2,0.047619047619047616,2,0.047619047619047616,0,0.0,0,0,1,partsupp_supplier,join,,sf1,obfuscated
iceberg,nf_training,nf_118_sf1_obf,xb,bigint,2,0.5,0.0,0.0,0.0,1.0,0.0,0,0,0,1,1,2,0,20000,7,0.00305,0.0,0.0,0,13,2,13,1.0,2,0.047619047619047616,2,0.047619047619047616,0,0.0,0,0,1,partsupp_supplier,join,,sf1,obfuscated
iceberg,nf_training,nf_118_sf1_obf,xc,integer,3,0.4343,0.0,0.0,0.0,1.0,0.0,0,0,0,1,1,0,0,20000,7,0.00305,0.0,0.0,0,13,2,13,1.0,2,0.047619047619047616,2,0.047619047619047616,0,0.0,0,0,1,partsupp_supplier,join,,sf1,obfuscated
iceberg,nf_training,nf_118_sf1_obf,xd,double,4,0.9062,0.0,0.0,0.0,1.0,0.0,0,0,0,1,1,0,0,20000,7,0.00305,0.0,0.0,0,13,2,13,1.0,2,0.047619047619047616,2,0.047619047619047616,0,0.0,0,0,1,partsupp_supplier,join,,sf1,obfuscated
iceberg,nf_training,nf_118_sf1_obf,xe,bigint,5,0.00125,0.0,0.0,0.0,1.0,0.0,0,0,0,1,1,0,1,20000,7,0.00305,0.0,0.0,0,13,2,13,1.0,2,0.047619047619047616,2,0.047619047619047616,0,0.0,0,0,1,partsupp_supplier,join,,sf1,obfuscated
iceberg,nf_training,nf_118_sf1_obf,xf,double,6,0.49775,0.0,0.0,0.0,1.0,0.0,0,0,0,1,1,0,1,20000,7,0.00305,0.0,0.0,0,13,2,13,1.0,2,0.047619047619047616,2,0.047619047619047616,0,0.0,0,0,1,partsupp_supplier,join,,sf1,obfuscated
iceberg,nf_training,nf_118_sf1_obf,xg,varchar,7,0.9999,0.0,0.00305,83.33608676673046,1.48905,0.00394104032827363,0,0,0,1,1,0,0,20000,7,0.00305,0.0,0.0,0,13,2,13,1.0,2,0.047619047619047616,2,0.047619047619047616,0,0.0,0,0,1,partsupp_supplier,join,,sf1,obfuscated
iceberg,nf_training,nf_119_sf1_obf,xa,bigint,1,0.25,0.0,0.0,0.0,1.0,0.0,0,0,0,1,1,6,0,20000,10,0.0,0.0,0.0,0,11,2,11,1.0,7,0.07777777777777778,7,0.07777777777777778,0,0.0,0,0,1,partsupp_part,join,,sf1,obfuscated
iceberg,nf_training,nf_119_sf1_obf,xb,bigint,2,0.5,0.0,0.0,0.0,1.0,0.0,0,0,0,1,1,0,0,20000,10,0.0,0.0,0.0,0,11,2,11,1.0,7,0.07777777777777778,7,0.07777777777777778,0,0.0,0,0,1,partsupp_part,join,,sf1,obfuscated
iceberg,nf_training,nf_119_sf1_obf,xc,integer,3,0.4343,0.0,0.0,0.0,1.0,0.0,0,0,0,1,1,0,0,20000,10,0.0,0.0,0.0,0,11,2,11,1.0,7,0.07777777777777778,7,0.07777777777777778,0,0.0,0,0,1,partsupp_part,join,,sf1,obfuscated
iceberg,nf_training,nf_119_sf1_obf,xd,double,4,0.9062,0.0,0.0,0.0,1.0,0.0,0,0,0,1,1,0,0,20000,10,0.0,0.0,0.0,0,11,2,11,1.0,7,0.07777777777777778,7,0.07777777777777778,0,0.0,0,0,1,partsupp_part,join,,sf1,obfuscated
iceberg,nf_training,nf_119_sf1_obf,xe,varchar,5,0.00025,0.0,0.0,14.0,1.0,0.0,0,0,0,1,1,0,2,20000,10,0.0,0.0,0.0,0,11,2,11,1.0,7,0.07777777777777778,7,0.07777777777777778,0,0.0,0,0,1,partsupp_part,join,,sf1,obfuscated
iceberg,nf_training,nf_119_sf1_obf,xf,varchar,6,0.00125,0.0,0.0,8.0,1.0,0.0,0,0,0,1,1,1,1,20000,10,0.0,0.0,0.0,0,11,2,11,1.0,7,0.07777777777777778,7,0.07777777777777778,0,0.0,0,0,1,partsupp_part,join,,sf1,obfuscated
iceberg,nf_training,nf_119_sf1_obf,xg,varchar,7,0.0075,0.0,0.0,20.556,1.0,0.0,0,0,0,1,1,0,1,20000,10,0.0,0.0,0.0,0,11,2,11,1.0,7,0.07777777777777778,7,0.07777777777777778,0,0.0,0,0,1,partsupp_part,join,,sf1,obfuscated
iceberg,nf_training,nf_119_sf1_obf,xh,integer,8,0.0025,0.0,0.0,0.0,1.0,0.0,0,0,0,1,1,0,1,20000,10,0.0,0.0,0.0,0,11,2,11,1.0,7,0.07777777777777778,7,0.07777777777777778,0,0.0,0,0,1,partsupp_part,join,,sf1,obfuscated
iceberg,nf_training,nf_119_sf1_obf,xi,varchar,9,0.002,0.0,0.0,7.5688,1.0,0.0,0,0,0,1,1,0,1,20000,10,0.0,0.0,0.0,0,11,2,11,1.0,7,0.07777777777777778,7,0.07777777777777778,0,0.0,0,0,1,partsupp_part,join,,sf1,obfuscated
iceberg,nf_training,nf_119_sf1_obf,xj,double,10,0.06995,0.0,0.0,0.0,1.0,0.0,0,0,0,1,1,0,1,20000,10,0.0,0.0,0.0,0,11,2,11,1.0,7,0.07777777777777778,7,0.07777777777777778,0,0.0,0,0,1,partsupp_part,join,,sf1,obfuscated
iceberg,nf_training,nf_120_sf1_obf,xa,bigint,1,0.25,0.0,0.0,0.0,1.0,0.0,0,0,0,1,1,6,0,20000,12,0.0,0.0,0.0,0,26,2,26,1.0,9,0.06818181818181818,9,0.06818181818181818,0,0.0,0,0,1,partsupp_part_supplier,join,,sf1,obfuscated
iceberg,nf_training,nf_120_sf1_obf,xb,bigint,2,0.5,0.0,0.0,0.0,1.0,0.0,0,0,0,1,1,2,0,20000,12,0.0,0.0,0.0,0,26,2,26,1.0,9,0.06818181818181818,9,0.06818181818181818,0,0.0,0,0,1,partsupp_part_supplier,join,,sf1,obfuscated
iceberg,nf_training,nf_120_sf1_obf,xc,integer,3,0.4343,0.0,0.0,0.0,1.0,0.0,0,0,0,1,1,0,0,20000,12,0.0,0.0,0.0,0,26,2,26,1.0,9,0.06818181818181818,9,0.06818181818181818,0,0.0,0,0,1,partsupp_part_supplier,join,,sf1,obfuscated
iceberg,nf_training,nf_120_sf1_obf,xd,double,4,0.9062,0.0,0.0,0.0,1.0,0.0,0,0,0,1,1,0,0,20000,12,0.0,0.0,0.0,0,26,2,26,1.0,9,0.06818181818181818,9,0.06818181818181818,0,0.0,0,0,1,partsupp_part_supplier,join,,sf1,obfuscated
iceberg,nf_training,nf_120_sf1_obf,xe,varchar,5,0.00025,0.0,0.0,14.0,1.0,0.0,0,0,0,1,1,0,2,20000,12,0.0,0.0,0.0,0,26,2,26,1.0,9,0.06818181818181818,9,0.06818181818181818,0,0.0,0,0,1,partsupp_part_supplier,join,,sf1,obfuscated
iceberg,nf_training,nf_120_sf1_obf,xf,varchar,6,0.00125,0.0,0.0,8.0,1.0,0.0,0,0,0,1,1,1,1,20000,12,0.0,0.0,0.0,0,26,2,26,1.0,9,0.06818181818181818,9,0.06818181818181818,0,0.0,0,0,1,partsupp_part_supplier,join,,sf1,obfuscated
iceberg,nf_training,nf_120_sf1_obf,xg,varchar,7,0.0075,0.0,0.0,20.556,1.0,0.0,0,0,0,1,1,0,1,20000,12,0.0,0.0,0.0,0,26,2,26,1.0,9,0.06818181818181818,9,0.06818181818181818,0,0.0,0,0,1,partsupp_part_supplier,join,,sf1,obfuscated
iceberg,nf_training,nf_120_sf1_obf,xh,integer,8,0.0025,0.0,0.0,0.0,1.0,0.0,0,0,0,1,1,0,1,20000,12,0.0,0.0,0.0,0,26,2,26,1.0,9,0.06818181818181818,9,0.06818181818181818,0,0.0,0,0,1,partsupp_part_supplier,join,,sf1,obfuscated
iceberg,nf_training,nf_120_sf1_obf,xi,varchar,9,0.002,0.0,0.0,7.5688,1.0,0.0,0,0,0,1,1,0,1,20000,12,0.0,0.0,0.0,0,26,2,26,1.0,9,0.06818181818181818,9,0.06818181818181818,0,0.0,0,0,1,partsupp_part_supplier,join,,sf1,obfuscated
iceberg,nf_training,nf_120_sf1_obf,xj,double,10,0.06995,0.0,0.0,0.0,1.0,0.0,0,0,0,1,1,0,1,20000,12,0.0,0.0,0.0,0,26,2,26,1.0,9,0.06818181818181818,9,0.06818181818181818,0,0.0,0,0,1,partsupp_part_supplier,join,,sf1,obfuscated
iceberg,nf_training,nf_120_sf1_obf,xk,bigint,11,0.00125,0.0,0.0,0.0,1.0,0.0,0,0,0,1,1,0,1,20000,12,0.0,0.0,0.0,0,26,2,26,1.0,9,0.06818181818181818,9,0.06818181818181818,0,0.0,0,0,1,partsupp_part_supplier,join,,sf1,obfuscated
iceberg,nf_training,nf_120_sf1_obf,xl,double,12,0.49775,0.0,0.0,0.0,1.0,0.0,0,0,0,1,1,0,1,20000,12,0.0,0.0,0.0,0,26,2,26,1.0,9,0.06818181818181818,9,0.06818181818181818,0,0.0,0,0,1,partsupp_part_supplier,join,,sf1,obfuscated
iceberg,nf_training,nf_121_sf1_obf,xa,bigint,1,1.0,0.0,0.0,0.0,1.0,0.0,0,0,0,1,1,0,0,17173,8,1.0,0.125,0.0,0,7,1,5,0.875,0,0.0,0,0.0,0,0.0,0,0,0,orders_partkey_list,injection,orders_partkey_list_sf1_obfuscated,sf1,obfuscated
iceberg,nf_training,nf_121_sf1_obf,xb,bigint,2,0.9138764339369941,0.0,0.0,0.0,1.0,0.0,0,0,0,1,1,0,0,17173,8,1.0,0.125,0.0,0,7,1,5,0.875,0,0.0,0,0.0,0,0.0,0,0,0,orders_partkey_list,injection,orders_partkey_list_sf1_obfuscated,sf1,obfuscated
iceberg,nf_training,nf_121_sf1_obf,xc,varchar,3,0.000174692831770803,0.0,0.0,1.0,1.0,0.0,0,0,0,0,0,0,0,17173,8,1.0,0.125,0.0,0,7,1,5,0.875,0,0.0,0,0.0,0,0.0,0,0,0,orders_partkey_list,injection,orders_partkey_list_sf1_obfuscated,sf1,obfuscated
iceberg,nf_training,nf_121_sf1_obf,xd,date,4,0.1400454201362604,0.0,0.0,0.0,1.0,0.0,0,0,0,1,1,0,0,17173,8,1.0,0.125,0.0,0,7,1,5,0.875,0,0.0,0,0.0,0,0.0,0,0,0,orders_partkey_list,injection,orders_partkey_list_sf1_obfuscated,sf1,obfuscated
iceberg,nf_training,nf_121_sf1_obf,xe,varchar,5,0.000291154719618005,0.0,0.0,8.412740930530484,1.0,0.0,0,0,0,1,1,0,0,17173,8,1.0,0.125,0.0,0,7,1,5,0.875,0,0.0,0,0.0,0,0.0,0,0,0,orders_partkey_list,injection,orders_partkey_list_sf1_obfuscated,sf1,obfuscated
iceberg,nf_training,nf_121_sf1_obf,xf,varchar,6,0.058230943923601,0.0,0.0,15.0,1.0,0.0,0,0,0,1,1,0,0,17173,8,1.0,0.125,0.0,0,7,1,5,0.875,0,0.0,0,0.0,0,0.0,0,0,0,orders_partkey_list,injection,orders_partkey_list_sf1_obfuscated,sf1,obfuscated
iceberg,nf_training,nf_121_sf1_obf,xg,varchar,7,0.999417690560764,0.0,0.03319163803645257,40.95948931991161,1.1858731730041343,0.0038266957585057666,0,0,0,1,1,0,0,17173,8,1.0,0.125,0.0,0,7,1,5,0.875,0,0.0,0,0.0,0,0.0,0,0,0,orders_partkey_list,injection,orders_partkey_list_sf1_obfuscated,sf1,obfuscated
iceberg,nf_training,nf_121_sf1_obf,xh,varchar,8,1.0,0.0,1.0,6.226015440121039,4.503057124555989,0.12494807503780138,0,1,0,1,1,0,0,17173,8,1.0,0.125,0.0,0,7,1,5,0.875,0,0.0,0,0.0,0,0.0,0,0,0,orders_partkey_list,injection,orders_partkey_list_sf1_obfuscated,sf1,obfuscated
iceberg,nf_training,nf_122_sf1_obf,xa,bigint,1,1.0,0.0,0.0,0.0,1.0,0.0,0,0,0,1,1,0,0,17173,8,0.03319163803645257,0.0,0.0,0,7,1,6,0.875,0,0.0,0,0.0,0,0.0,0,0,3,orders_partkey_list_control,control,orders_partkey_list_sf1_obfuscated,sf1,obfuscated
iceberg,nf_training,nf_122_sf1_obf,xb,bigint,2,0.9138764339369941,0.0,0.0,0.0,1.0,0.0,0,0,0,1,1,0,0,17173,8,0.03319163803645257,0.0,0.0,0,7,1,6,0.875,0,0.0,0,0.0,0,0.0,0,0,3,orders_partkey_list_control,control,orders_partkey_list_sf1_obfuscated,sf1,obfuscated
iceberg,nf_training,nf_122_sf1_obf,xc,varchar,3,0.000174692831770803,0.0,0.0,1.0,1.0,0.0,0,0,0,0,0,0,0,17173,8,0.03319163803645257,0.0,0.0,0,7,1,6,0.875,0,0.0,0,0.0,0,0.0,0,0,3,orders_partkey_list_control,control,orders_partkey_list_sf1_obfuscated,sf1,obfuscated
iceberg,nf_training,nf_122_sf1_obf,xd,date,4,0.1400454201362604,0.0,0.0,0.0,1.0,0.0,0,0,0,1,1,0,0,17173,8,0.03319163803645257,0.0,0.0,0,7,1,6,0.875,0,0.0,0,0.0,0,0.0,0,0,3,orders_partkey_list_control,control,orders_partkey_list_sf1_obfuscated,sf1,obfuscated
iceberg,nf_training,nf_122_sf1_obf,xe,varchar,5,0.000291154719618005,0.0,0.0,8.412740930530484,1.0,0.0,0,0,0,1,1,0,0,17173,8,0.03319163803645257,0.0,0.0,0,7,1,6,0.875,0,0.0,0,0.0,0,0.0,0,0,3,orders_partkey_list_control,control,orders_partkey_list_sf1_obfuscated,sf1,obfuscated
iceberg,nf_training,nf_122_sf1_obf,xf,varchar,6,0.058230943923601,0.0,0.0,15.0,1.0,0.0,0,0,0,1,1,0,0,17173,8,0.03319163803645257,0.0,0.0,0,7,1,6,0.875,0,0.0,0,0.0,0,0.0,0,0,3,orders_partkey_list_control,control,orders_partkey_list_sf1_obfuscated,sf1,obfuscated
iceberg,nf_training,nf_122_sf1_obf,xg,varchar,7,0.999417690560764,0.0,0.03319163803645257,40.95948931991161,1.1858731730041343,0.0038266957585057666,0,0,0,1,1,0,0,17173,8,0.03319163803645257,0.0,0.0,0,7,1,6,0.875,0,0.0,0,0.0,0,0.0,0,0,3,orders_partkey_list_control,control,orders_partkey_list_sf1_obfuscated,sf1,obfuscated
iceberg,nf_training,nf_122_sf1_obf,xh,varchar,8,0.000349385663541606,0.0,0.0,1.0,1.0,0.0,0,0,0,1,1,0,0,17173,8,0.03319163803645257,0.0,0.0,0,7,1,6,0.875,0,0.0,0,0.0,0,0.0,0,0,3,orders_partkey_list_control,control,orders_partkey_list_sf1_obfuscated,sf1,obfuscated
iceberg,nf_training,nf_123_sf1_obf,xa,bigint,1,1.0,0.0,0.0,0.0,1.0,0.0,0,0,0,1,1,0,0,13329,5,1.0,0.2,0.0,0,3,1,1,1.0,0,0.0,0,0.0,0,0.0,0,0,0,customer_orderkey_list,injection,customer_orderkey_list_sf1_obfuscated,sf1,obfuscated
iceberg,nf_training,nf_123_sf1_obf,xb,bigint,2,0.0018756095731112612,0.0,0.0,0.0,1.0,0.0,0,0,0,1,1,0,0,13329,5,1.0,0.2,0.0,0,3,1,1,1.0,0,0.0,0,0.0,0,0.0,0,0,0,customer_orderkey_list,injection,customer_orderkey_list_sf1_obfuscated,sf1,obfuscated
iceberg,nf_training,nf_123_sf1_obf,xc,double,3,0.9936229274514217,0.0,0.0,0.0,1.0,0.0,0,0,0,1,1,0,0,13329,5,1.0,0.2,0.0,0,3,1,1,1.0,0,0.0,0,0.0,0,0.0,0,0,0,customer_orderkey_list,injection,customer_orderkey_list_sf1_obfuscated,sf1,obfuscated
iceberg,nf_training,nf_123_sf1_obf,xd,varchar,4,0.00037512191462225225,0.0,0.0,8.9932478055368,1.0,0.0,0,0,0,1,1,0,0,13329,5,1.0,0.2,0.0,0,3,1,1,1.0,0,0.0,0,0.0,0,0.0,0,0,0,customer_orderkey_list,injection,customer_orderkey_list_sf1_obfuscated,sf1,obfuscated
iceberg,nf_training,nf_123_sf1_obf,xe,varchar,5,1.0,0.0,1.0,7.748167751424527,14.996698927151325,0.12045669229314,0,1,0,1,1,0,0,13329,5,1.0,0.2,0.0,0,3,1,1,1.0,0,0.0,0,0.0,0,0.0,0,0,0,customer_orderkey_list,injection,customer_orderkey_list_sf1_obfuscated,sf1,obfuscated
iceberg,nf_training,nf_124_sf1_obf,xa,bigint,1,1.0,0.0,0.0,0.0,1.0,0.0,0,0,0,1,1,0,0,13329,5,0.0,0.0,0.0,0,3,1,2,1.0,0,0.0,0,0.0,0,0.0,0,0,3,customer_orderkey_list_control,control,customer_orderkey_list_sf1_obfuscated,sf1,obfuscated
iceberg,nf_training,nf_124_sf1_obf,xb,bigint,2,0.0018756095731112612,0.0,0.0,0.0,1.0,0.0,0,0,0,1,1,0,0,13329,5,0.0,0.0,0.0,0,3,1,2,1.0,0,0.0,0,0.0,0,0.0,0,0,3,customer_orderkey_list_control,control,customer_orderkey_list_sf1_obfuscated,sf1,obfuscated
iceberg,nf_training,nf_124_sf1_obf,xc,double,3,0.9936229274514217,0.0,0.0,0.0,1.0,0.0,0,0,0,1,1,0,0,13329,5,0.0,0.0,0.0,0,3,1,2,1.0,0,0.0,0,0.0,0,0.0,0,0,3,customer_orderkey_list_control,control,customer_orderkey_list_sf1_obfuscated,sf1,obfuscated
iceberg,nf_training,nf_124_sf1_obf,xd,varchar,4,0.00037512191462225225,0.0,0.0,8.9932478055368,1.0,0.0,0,0,0,1,1,0,0,13329,5,0.0,0.0,0.0,0,3,1,2,1.0,0,0.0,0,0.0,0,0.0,0,0,3,customer_orderkey_list_control,control,customer_orderkey_list_sf1_obfuscated,sf1,obfuscated
iceberg,nf_training,nf_124_sf1_obf,xe,varchar,5,0.002850926551129117,0.0,0.0,1.762847925575812,1.0,0.0,0,0,0,1,1,0,0,13329,5,0.0,0.0,0.0,0,3,1,2,1.0,0,0.0,0,0.0,0,0.0,0,0,3,customer_orderkey_list_control,control,customer_orderkey_list_sf1_obfuscated,sf1,obfuscated
iceberg,nf_training,nf_125_sf1_obf,xa,bigint,1,1.0,0.0,0.0,0.0,1.0,0.0,0,0,0,1,1,0,0,10000,4,1.0,0.25,0.0,0,2,1,0,0.5,0,0.0,0,0.0,0,0.0,0,0,0,supplier_partkey_list,injection,supplier_partkey_list_sf1_obfuscated,sf1,obfuscated
iceberg,nf_training,nf_125_sf1_obf,xb,bigint,2,0.0025,0.0,0.0,0.0,1.0,0.0,0,0,0,0,0,0,0,10000,4,1.0,0.25,0.0,0,2,1,0,0.5,0,0.0,0,0.0,0,0.0,0,0,0,supplier_partkey_list,injection,supplier_partkey_list_sf1_obfuscated,sf1,obfuscated
iceberg,nf_training,nf_125_sf1_obf,xc,double,3,0.9955,0.0,0.0,0.0,1.0,0.0,0,0,0,0,0,0,0,10000,4,1.0,0.25,0.0,0,2,1,0,0.5,0,0.0,0,0.0,0,0.0,0,0,0,supplier_partkey_list,injection,supplier_partkey_list_sf1_obfuscated,sf1,obfuscated
iceberg,nf_training,nf_125_sf1_obf,xd,varchar,4,1.0,0.0,1.0,6.4319749999999996,80.0,0.15352982559789177,0,1,0,1,1,0,0,10000,4,1.0,0.25,0.0,0,2,1,0,0.5,0,0.0,0,0.0,0,0.0,0,0,0,supplier_partkey_list,injection,supplier_partkey_list_sf1_obfuscated,sf1,obfuscated
iceberg,nf_training,nf_126_sf1_obf,xa,bigint,1,1.0,0.0,0.0,0.0,1.0,0.0,0,0,0,1,1,0,0,10000,4,0.0,0.0,0.0,0,1,1,0,0.25,2,0.16666666666666666,0,0.0,2,0.16666666666666666,0,2,3,supplier_partkey_list_control,control,supplier_partkey_list_sf1_obfuscated,sf1,obfuscated
iceberg,nf_training,nf_126_sf1_obf,xb,bigint,2,0.0025,0.0,0.0,0.0,1.0,0.0,0,0,0,0,0,1,0,10000,4,0.0,0.0,0.0,0,1,1,0,0.25,2,0.16666666666666666,0,0.0,2,0.16666666666666666,0,2,3,supplier_partkey_list_control,control,supplier_partkey_list_sf1_obfuscated,sf1,obfuscated
iceberg,nf_training,nf_126_sf1_obf,xc,double,3,0.9955,0.0,0.0,0.0,1.0,0.0,0,0,0,0,0,1,0,10000,4,0.0,0.0,0.0,0,1,1,0,0.25,2,0.16666666666666666,0,0.0,2,0.16666666666666666,0,2,3,supplier_partkey_list_control,control,supplier_partkey_list_sf1_obfuscated,sf1,obfuscated
iceberg,nf_training,nf_126_sf1_obf,xd,varchar,4,0.0001,0.0,0.0,2.0,1.0,0.0,0,0,0,0,0,0,2,10000,4,0.0,0.0,0.0,0,1,1,0,0.25,2,0.16666666666666666,0,0.0,2,0.16666666666666666,0,2,3,supplier_partkey_list_control,control,supplier_partkey_list_sf1_obfuscated,sf1,obfuscated
iceberg,nf_training,nf_127_sf1_obf,xa,bigint,1,1.0,0.0,0.0,0.0,1.0,0.0,0,0,0,1,1,0,0,20000,7,1.0,0.14285714285714285,0.0,0,2,1,1,0.42857142857142855,0,0.0,0,0.0,0,0.0,0,0,0,part_suppkey_list,injection,part_suppkey_list_sf1_obfuscated,sf1,obfuscated
iceberg,nf_training,nf_127_sf1_obf,xb,varchar,2,0.00125,0.0,0.0,8.0,1.0,0.0,0,0,0,0,0,0,0,20000,7,1.0,0.14285714285714285,0.0,0,2,1,1,0.42857142857142855,0,0.0,0,0.0,0,0.0,0,0,0,part_suppkey_list,injection,part_suppkey_list_sf1_obfuscated,sf1,obfuscated
iceberg,nf_training,nf_127_sf1_obf,xc,varchar,3,0.0075,0.0,0.0,20.58315,1.0,0.0,0,0,0,0,0,0,0,20000,7,1.0,0.14285714285714285,0.0,0,2,1,1,0.42857142857142855,0,0.0,0,0.0,0,0.0,0,0,0,part_suppkey_list,injection,part_suppkey_list_sf1_obfuscated,sf1,obfuscated
iceberg,nf_training,nf_127_sf1_obf,xd,integer,4,0.0025,0.0,0.0,0.0,1.0,0.0,0,0,0,0,0,0,0,20000,7,1.0,0.14285714285714285,0.0,0,2,1,1,0.42857142857142855,0,0.0,0,0.0,0,0.0,0,0,0,part_suppkey_list,injection,part_suppkey_list_sf1_obfuscated,sf1,obfuscated
iceberg,nf_training,nf_127_sf1_obf,xe,varchar,5,0.002,0.0,0.0,7.57,1.0,0.0,0,0,0,0,0,0,0,20000,7,1.0,0.14285714285714285,0.0,0,2,1,1,0.42857142857142855,0,0.0,0,0.0,0,0.0,0,0,0,part_suppkey_list,injection,part_suppkey_list_sf1_obfuscated,sf1,obfuscated
iceberg,nf_training,nf_127_sf1_obf,xf,double,6,0.14495,0.0,0.0,0.0,1.0,0.0,0,0,0,1,1,0,0,20000,7,1.0,0.14285714285714285,0.0,0,2,1,1,0.42857142857142855,0,0.0,0,0.0,0,0.0,0,0,0,part_suppkey_list,injection,part_suppkey_list_sf1_obfuscated,sf1,obfuscated
iceberg,nf_training,nf_127_sf1_obf,xg,varchar,7,0.625,0.0,1.0,4.6394,4.0,0.16165883519420615,0,1,0,1,1,0,0,20000,7,1.0,0.14285714285714285,0.0,0,2,1,1,0.42857142857142855,0,0.0,0,0.0,0,0.0,0,0,0,part_suppkey_list,injection,part_suppkey_list_sf1_obfuscated,sf1,obfuscated
iceberg,nf_training,nf_128_sf1_obf,xa,bigint,1,1.0,0.0,0.0,0.0,1.0,0.0,0,0,0,1,1,0,0,20000,7,0.0,0.0,0.0,0,1,1,0,0.14285714285714285,5,0.11904761904761904,0,0.0,5,0.11904761904761904,0,5,3,part_suppkey_list_control,control,part_suppkey_list_sf1_obfuscated,sf1,obfuscated
iceberg,nf_training,nf_128_sf1_obf,xb,varchar,2,0.00125,0.0,0.0,8.0,1.0,0.0,0,0,0,0,0,1,0,20000,7,0.0,0.0,0.0,0,1,1,0,0.14285714285714285,5,0.11904761904761904,0,0.0,5,0.11904761904761904,0,5,3,part_suppkey_list_control,control,part_suppkey_list_sf1_obfuscated,sf1,obfuscated
iceberg,nf_training,nf_128_sf1_obf,xc,varchar,3,0.0075,0.0,0.0,20.58315,1.0,0.0,0,0,0,0,0,1,0,20000,7,0.0,0.0,0.0,0,1,1,0,0.14285714285714285,5,0.11904761904761904,0,0.0,5,0.11904761904761904,0,5,3,part_suppkey_list_control,control,part_suppkey_list_sf1_obfuscated,sf1,obfuscated
iceberg,nf_training,nf_128_sf1_obf,xd,integer,4,0.0025,0.0,0.0,0.0,1.0,0.0,0,0,0,0,0,1,0,20000,7,0.0,0.0,0.0,0,1,1,0,0.14285714285714285,5,0.11904761904761904,0,0.0,5,0.11904761904761904,0,5,3,part_suppkey_list_control,control,part_suppkey_list_sf1_obfuscated,sf1,obfuscated
iceberg,nf_training,nf_128_sf1_obf,xe,varchar,5,0.002,0.0,0.0,7.57,1.0,0.0,0,0,0,0,0,1,0,20000,7,0.0,0.0,0.0,0,1,1,0,0.14285714285714285,5,0.11904761904761904,0,0.0,5,0.11904761904761904,0,5,3,part_suppkey_list_control,control,part_suppkey_list_sf1_obfuscated,sf1,obfuscated
iceberg,nf_training,nf_128_sf1_obf,xf,double,6,0.14495,0.0,0.0,0.0,1.0,0.0,0,0,0,0,0,1,0,20000,7,0.0,0.0,0.0,0,1,1,0,0.14285714285714285,5,0.11904761904761904,0,0.0,5,0.11904761904761904,0,5,3,part_suppkey_list_control,control,part_suppkey_list_sf1_obfuscated,sf1,obfuscated
iceberg,nf_training,nf_128_sf1_obf,xg,varchar,7,5e-05,0.0,0.0,1.0,1.0,0.0,0,0,0,0,0,0,5,20000,7,0.0,0.0,0.0,0,1,1,0,0.14285714285714285,5,0.11904761904761904,0,0.0,5,0.11904761904761904,0,5,3,part_suppkey_list_control,control,part_suppkey_list_sf1_obfuscated,sf1,obfuscated
iceberg,nf_training,nf_129_sf1_obf,xa,bigint,1,1.0,0.0,0.0,0.0,1.0,0.0,0,0,0,1,1,0,0,17173,11,1.0,0.09090909090909091,0.0,0,16,1,14,1.0,3,0.02727272727272727,3,0.02727272727272727,0,0.0,0,0,0,orders_customer_partkey_list,injection,orders_customer_partkey_list_sf1_obfuscated,sf1,obfuscated
iceberg,nf_training,nf_129_sf1_obf,xb,bigint,2,0.9138764339369941,0.0,0.0,0.0,1.0,0.0,0,0,0,1,1,3,0,17173,11,1.0,0.09090909090909091,0.0,0,16,1,14,1.0,3,0.02727272727272727,3,0.02727272727272727,0,0.0,0,0,0,orders_customer_partkey_list,injection,orders_customer_partkey_list_sf1_obfuscated,sf1,obfuscated
iceberg,nf_training,nf_129_sf1_obf,xc,varchar,3,0.000174692831770803,0.0,0.0,1.0,1.0,0.0,0,0,0,1,1,0,0,17173,11,1.0,0.09090909090909091,0.0,0,16,1,14,1.0,3,0.02727272727272727,3,0.02727272727272727,0,0.0,0,0,0,orders_customer_partkey_list,injection,orders_customer_partkey_list_sf1_obfuscated,sf1,obfuscated
iceberg,nf_training,nf_129_sf1_obf,xd,date,4,0.1400454201362604,0.0,0.0,0.0,1.0,0.0,0,0,0,1,1,0,0,17173,11,1.0,0.09090909090909091,0.0,0,16,1,14,1.0,3,0.02727272727272727,3,0.02727272727272727,0,0.0,0,0,0,orders_customer_partkey_list,injection,orders_customer_partkey_list_sf1_obfuscated,sf1,obfuscated
iceberg,nf_training,nf_129_sf1_obf,xe,varchar,5,0.000291154719618005,0.0,0.0,8.412740930530484,1.0,0.0,0,0,0,1,1,0,0,17173,11,1.0,0.09090909090909091,0.0,0,16,1,14,1.0,3,0.02727272727272727,3,0.02727272727272727,0,0.0,0,0,0,orders_customer_partkey_list,injection,orders_customer_partkey_list_sf1_obfuscated,sf1,obfuscated
iceberg,nf_training,nf_129_sf1_obf,xf,varchar,6,0.058230943923601,0.0,0.0,15.0,1.0,0.0,0,0,0,1,1,0,0,17173,11,1.0,0.09090909090909091,0.0,0,16,1,14,1.0,3,0.02727272727272727,3,0.02727272727272727,0,0.0,0,0,0,orders_customer_partkey_list,injection,orders_customer_partkey_list_sf1_obfuscated,sf1,obfuscated
iceberg,nf_training,nf_129_sf1_obf,xg,bigint,7,0.001455773598090025,0.0,0.0,0.0,1.0,0.0,0,0,0,1,1,0,1,17173,11,1.0,0.09090909090909091,0.0,0,16,1,14,1.0,3,0.02727272727272727,3,0.02727272727272727,0,0.0,0,0,0,orders_customer_partkey_list,injection,orders_customer_partkey_list_sf1_obfuscated,sf1,obfuscated
iceberg,nf_training,nf_129_sf1_obf,xh,double,8,0.9070634134979328,0.0,0.0,0.0,1.0,0.0,0,0,0,1,1,0,1,17173,11,1.0,0.09090909090909091,0.0,0,16,1,14,1.0,3,0.02727272727272727,3,0.02727272727272727,0,0.0,0,0,0,orders_customer_partkey_list,injection,orders_customer_partkey_list_sf1_obfuscated,sf1,obfuscated
iceberg,nf_training,nf_129_sf1_obf,xi,varchar,9,0.000291154719618005,0.0,0.0,9.000407616607465,1.0,0.0,0,0,0,1,1,0,1,17173,11,1.0,0.09090909090909091,0.0,0,16,1,14,1.0,3,0.02727272727272727,3,0.02727272727272727,0,0.0,0,0,0,orders_customer_partkey_list,injection,orders_customer_partkey_list_sf1_obfuscated,sf1,obfuscated
iceberg,nf_training,nf_129_sf1_obf,xj,varchar,10,0.999417690560764,0.0,0.03319163803645257,40.95948931991161,1.1858731730041343,0.0038266957585057666,0,0,0,1,1,0,0,17173,11,1.0,0.09090909090909091,0.0,0,16,1,14,1.0,3,0.02727272727272727,3,0.02727272727272727,0,0.0,0,0,0,orders_customer_partkey_list,injection,orders_customer_partkey_list_sf1_obfuscated,sf1,obfuscated
iceberg,nf_training,nf_129_sf1_obf,xk,varchar,11,1.0,0.0,1.0,6.226015440121039,4.503057124555989,0.12494807503780138,0,1,0,1,1,0,0,17173,11,1.0,0.09090909090909091,0.0,0,16,1,14,1.0,3,0.02727272727272727,3,0.02727272727272727,0,0.0,0,0,0,orders_customer_partkey_list,injection,orders_customer_partkey_list_sf1_obfuscated,sf1,obfuscated
iceberg,nf_training,nf_130_sf1_obf,xa,bigint,1,1.0,0.0,0.0,0.0,1.0,0.0,0,0,0,1,1,0,0,17173,11,0.03319163803645257,0.0,0.0,0,17,1,16,1.0,3,0.02727272727272727,3,0.02727272727272727,0,0.0,0,0,2,orders_customer_partkey_list_control,control,orders_customer_partkey_list_sf1_obfuscated,sf1,obfuscated
iceberg,nf_training,nf_130_sf1_obf,xb,bigint,2,0.9138764339369941,0.0,0.0,0.0,1.0,0.0,0,0,0,1,1,3,0,17173,11,0.03319163803645257,0.0,0.0,0,17,1,16,1.0,3,0.02727272727272727,3,0.02727272727272727,0,0.0,0,0,2,orders_customer_partkey_list_control,control,orders_customer_partkey_list_sf1_obfuscated,sf1,obfuscated
iceberg,nf_training,nf_130_sf1_obf,xc,varchar,3,0.000174692831770803,0.0,0.0,1.0,1.0,0.0,0,0,0,1,1,0,0,17173,11,0.03319163803645257,0.0,0.0,0,17,1,16,1.0,3,0.02727272727272727,3,0.02727272727272727,0,0.0,0,0,2,orders_customer_partkey_list_control,control,orders_customer_partkey_list_sf1_obfuscated,sf1,obfuscated
iceberg,nf_training,nf_130_sf1_obf,xd,date,4,0.1400454201362604,0.0,0.0,0.0,1.0,0.0,0,0,0,1,1,0,0,17173,11,0.03319163803645257,0.0,0.0,0,17,1,16,1.0,3,0.02727272727272727,3,0.02727272727272727,0,0.0,0,0,2,orders_customer_partkey_list_control,control,orders_customer_partkey_list_sf1_obfuscated,sf1,obfuscated
iceberg,nf_training,nf_130_sf1_obf,xe,varchar,5,0.000291154719618005,0.0,0.0,8.412740930530484,1.0,0.0,0,0,0,1,1,0,0,17173,11,0.03319163803645257,0.0,0.0,0,17,1,16,1.0,3,0.02727272727272727,3,0.02727272727272727,0,0.0,0,0,2,orders_customer_partkey_list_control,control,orders_customer_partkey_list_sf1_obfuscated,sf1,obfuscated
iceberg,nf_training,nf_130_sf1_obf,xf,varchar,6,0.058230943923601,0.0,0.0,15.0,1.0,0.0,0,0,0,1,1,0,0,17173,11,0.03319163803645257,0.0,0.0,0,17,1,16,1.0,3,0.02727272727272727,3,0.02727272727272727,0,0.0,0,0,2,orders_customer_partkey_list_control,control,orders_customer_partkey_list_sf1_obfuscated,sf1,obfuscated
iceberg,nf_training,nf_130_sf1_obf,xg,bigint,7,0.001455773598090025,0.0,0.0,0.0,1.0,0.0,0,0,0,1,1,0,1,17173,11,0.03319163803645257,0.0,0.0,0,17,1,16,1.0,3,0.02727272727272727,3,0.02727272727272727,0,0.0,0,0,2,orders_customer_partkey_list_control,control,orders_customer_partkey_list_sf1_obfuscated,sf1,obfuscated
iceberg,nf_training,nf_130_sf1_obf,xh,double,8,0.9070634134979328,0.0,0.0,0.0,1.0,0.0,0,0,0,1,1,0,1,17173,11,0.03319163803645257,0.0,0.0,0,17,1,16,1.0,3,0.02727272727272727,3,0.02727272727272727,0,0.0,0,0,2,orders_customer_partkey_list_control,control,orders_customer_partkey_list_sf1_obfuscated,sf1,obfuscated
iceberg,nf_training,nf_130_sf1_obf,xi,varchar,9,0.000291154719618005,0.0,0.0,9.000407616607465,1.0,0.0,0,0,0,1,1,0,1,17173,11,0.03319163803645257,0.0,0.0,0,17,1,16,1.0,3,0.02727272727272727,3,0.02727272727272727,0,0.0,0,0,2,orders_customer_partkey_list_control,control,orders_customer_partkey_list_sf1_obfuscated,sf1,obfuscated
iceberg,nf_training,nf_130_sf1_obf,xj,varchar,10,0.999417690560764,0.0,0.03319163803645257,40.95948931991161,1.1858731730041343,0.0038266957585057666,0,0,0,1,1,0,0,17173,11,0.03319163803645257,0.0,0.0,0,17,1,16,1.0,3,0.02727272727272727,3,0.02727272727272727,0,0.0,0,0,2,orders_customer_partkey_list_control,control,orders_customer_partkey_list_sf1_obfuscated,sf1,obfuscated
iceberg,nf_training,nf_130_sf1_obf,xk,varchar,11,0.000349385663541606,0.0,0.0,1.0,1.0,0.0,0,0,0,1,1,0,0,17173,11,0.03319163803645257,0.0,0.0,0,17,1,16,1.0,3,0.02727272727272727,3,0.02727272727272727,0,0.0,0,0,2,orders_customer_partkey_list_control,control,orders_customer_partkey_list_sf1_obfuscated,sf1,obfuscated
iceberg,nf_training,nf_131_sf1_obf,xa,bigint,1,1.0,0.0,0.0,0.0,1.0,0.0,0,0,0,1,1,0,0,13329,7,0.0,0.0,0.0,0,6,1,3,1.0,0,0.0,0,0.0,0,0.0,0,0,0,customer_order_columns,injection,customer_order_columns_sf1_obfuscated,sf1,obfuscated
iceberg,nf_training,nf_131_sf1_obf,xb,bigint,2,0.0018756095731112612,0.0,0.0,0.0,1.0,0.0,0,0,0,1,1,0,0,13329,7,0.0,0.0,0.0,0,6,1,3,1.0,0,0.0,0,0.0,0,0.0,0,0,0,customer_order_columns,injection,customer_order_columns_sf1_obfuscated,sf1,obfuscated
iceberg,nf_training,nf_131_sf1_obf,xc,double,3,0.9936229274514217,0.0,0.0,0.0,1.0,0.0,0,0,0,1,1,0,0,13329,7,0.0,0.0,0.0,0,6,1,3,1.0,0,0.0,0,0.0,0,0.0,0,0,0,customer_order_columns,injection,customer_order_columns_sf1_obfuscated,sf1,obfuscated
iceberg,nf_training,nf_131_sf1_obf,xd,varchar,4,0.00037512191462225225,0.0,0.0,8.9932478055368,1.0,0.0,0,0,0,1,1,0,0,13329,7,0.0,0.0,0.0,0,6,1,3,1.0,0,0.0,0,0.0,0,0.0,0,0,0,customer_order_columns,injection,customer_order_columns_sf1_obfuscated,sf1,obfuscated
iceberg,nf_training,nf_131_sf1_obf,xe,bigint,5,1.0,0.0,0.0,0.0,1.0,0.0,0,0,0,1,1,0,0,13329,7,0.0,0.0,0.0,0,6,1,3,1.0,0,0.0,0,0.0,0,0.0,0,0,0,customer_order_columns,injection,customer_order_columns_sf1_obfuscated,sf1,obfuscated
iceberg,nf_training,nf_131_sf1_obf,xf,bigint,6,1.0,0.0,0.0,0.0,1.0,0.0,0,0,0,1,1,0,0,13329,7,0.0,0.0,0.0,0,6,1,3,1.0,0,0.0,0,0.0,0,0.0,0,0,0,customer_order_columns,injection,customer_order_columns_sf1_obfuscated,sf1,obfuscated
iceberg,nf_training,nf_131_sf1_obf,xg,bigint,7,0.9990246830219821,0.0010503413609422863,0.0,0.0,1.0,0.0,0,0,0,1,1,0,0,13329,7,0.0,0.0,0.0,0,6,1,3,1.0,0,0.0,0,0.0,0,0.0,0,0,0,customer_order_columns,injection,customer_order_columns_sf1_obfuscated,sf1,obfuscated
iceberg,nf_training,nf_132_sf1_obf,xa,bigint,1,1.0,0.0,0.0,0.0,1.0,0.0,0,0,0,1,1,0,0,13329,7,0.0,0.0,0.0,0,4,1,1,0.8571428571428571,1,0.023809523809523808,1,0.023809523809523808,0,0.0,1,0,3,customer_order_columns_control,control,customer_order_columns_sf1_obfuscated,sf1,obfuscated
iceberg,nf_training,nf_132_sf1_obf,xb,bigint,2,0.0018756095731112612,0.0,0.0,0.0,1.0,0.0,0,0,0,1,1,0,0,13329,7,0.0,0.0,0.0,0,4,1,1,0.8571428571428571,1,0.023809523809523808,1,0.023809523809523808,0,0.0,1,0,3,customer_order_columns_control,control,customer_order_columns_sf1_obfuscated,sf1,obfuscated
iceberg,nf_training,nf_132_sf1_obf,xc,double,3,0.9936229274514217,0.0,0.0,0.0,1.0,0.0,0,0,0,1,1,1,0,13329,7,0.0,0.0,0.0,0,4,1,1,0.8571428571428571,1,0.023809523809523808,1,0.023809523809523808,0,0.0,1,0,3,customer_order_columns_control,control,customer_order_columns_sf1_obfuscated,sf1,obfuscated
iceberg,nf_training,nf_132_sf1_obf,xd,varchar,4,0.00037512191462225225,0.0,0.0,8.9932478055368,1.0,0.0,0,0,0,1,1,0,0,13329,7,0.0,0.0,0.0,0,4,1,1,0.8571428571428571,1,0.023809523809523808,1,0.023809523809523808,0,0.0,1,0,3,customer_order_columns_control,control,customer_order_columns_sf1_obfuscated,sf1,obfuscated
iceberg,nf_training,nf_132_sf1_obf,xe,bigint,5,1.0,0.0,0.0,0.0,1.0,0.0,0,0,0,1,1,0,0,13329,7,0.0,0.0,0.0,0,4,1,1,0.8571428571428571,1,0.023809523809523808,1,0.023809523809523808,0,0.0,1,0,3,customer_order_columns_control,control,customer_order_columns_sf1_obfuscated,sf1,obfuscated
iceberg,nf_training,nf_132_sf1_obf,xf,bigint,6,0.00015004876584890088,0.0,0.0,0.0,1.0,0.0,0,0,0,0,0,0,1,13329,7,0.0,0.0,0.0,0,4,1,1,0.8571428571428571,1,0.023809523809523808,1,0.023809523809523808,0,0.0,1,0,3,customer_order_columns_control,control,customer_order_columns_sf1_obfuscated,sf1,obfuscated
iceberg,nf_training,nf_132_sf1_obf,xg,bigint,7,1.0,0.0,0.0,0.0,1.0,0.0,0,0,0,1,1,0,0,13329,7,0.0,0.0,0.0,0,4,1,1,0.8571428571428571,1,0.023809523809523808,1,0.023809523809523808,0,0.0,1,0,3,customer_order_columns_control,control,customer_order_columns_sf1_obfuscated,sf1,obfuscated
