database,schema,table_name,column_name,column_type,number_unique_values,count,null_count,null_ratio,is_unique,ordinal_position,unique_ratio,is_non_null,is_first_column,relative_ordinal_position,is_first_unique_column,table_column_count,table_unique_column_count,table_row_count,other_unique_columns_in_table,table_has_unique_column,table_has_no_single_pk_candidate,table_near_unique_column_count,table_id_named_column_count,table_non_null_column_count,table_max_unique_ratio,table_integer_column_count,unique_ratio_rank,null_ratio_rank,is_least_null_in_table,unique_ratio_relative_to_max,other_near_unique_columns_in_table,name_ends_with_id,name_contains_key,name_contains_table_name,name_is_singular_table_id,name_length,pk_target,composite_pk_target,fk_target,composite_fk_target
datasets,datasets,diabetes,pregnancies,bigint,17,768,0,0.0,0,1,0.0221354166666666,1,1,0.1111111111111111,0,9,0,768,0,0,1,0,0,9,0.6731770833333334,7,8,1,1,0.0328820116054158,0,0,0,0,0,11,0,0,0,0
datasets,datasets,diabetes,glucose,bigint,136,768,0,0.0,0,2,0.1770833333333333,1,0,0.2222222222222222,0,9,0,768,0,0,1,0,0,9,0.6731770833333334,7,4,2,0,0.2630560928433268,0,0,0,0,0,7,0,1,0,0
datasets,datasets,diabetes,bloodpressure,bigint,47,768,0,0.0,0,3,0.0611979166666666,1,0,0.3333333333333333,0,9,0,768,0,0,1,0,0,9,0.6731770833333334,7,7,3,0,0.0909090909090909,0,0,0,0,0,13,0,1,0,0
datasets,datasets,diabetes,skinthickness,bigint,51,768,0,0.0,0,4,0.06640625,1,0,0.4444444444444444,0,9,0,768,0,0,1,0,0,9,0.6731770833333334,7,6,4,0,0.0986460348162475,0,0,0,0,0,13,0,0,0,0
datasets,datasets,diabetes,insulin,bigint,186,768,0,0.0,0,5,0.2421875,1,0,0.5555555555555556,0,9,0,768,0,0,1,0,0,9,0.6731770833333334,7,3,5,0,0.3597678916827853,0,0,0,0,0,7,0,1,0,0
datasets,datasets,diabetes,bmi,double,248,768,0,0.0,0,6,0.3229166666666667,1,0,0.6666666666666666,0,9,0,768,0,0,1,0,0,9,0.6731770833333334,7,2,6,0,0.4796905222437137,0,0,0,0,0,3,0,0,0,0
datasets,datasets,diabetes,diabetespedigreefunction,double,517,768,0,0.0,0,7,0.6731770833333334,1,0,0.7777777777777778,0,9,0,768,0,0,1,0,0,9,0.6731770833333334,7,1,7,0,1.0,0,0,0,1,0,24,0,0,0,0
datasets,datasets,diabetes,age,bigint,52,768,0,0.0,0,8,0.0677083333333333,1,0,0.8888888888888888,0,9,0,768,0,0,1,0,0,9,0.6731770833333334,7,5,8,0,0.1005802707930367,0,0,0,0,0,3,0,1,0,0
datasets,datasets,diabetes,outcome,bigint,2,768,0,0.0,0,9,0.0026041666666666,1,0,1.0,0,9,0,768,0,0,1,0,0,9,0.6731770833333334,7,9,9,0,0.0038684719535783,0,0,0,0,0,7,0,0,0,0
datasets,datasets,kaggle_survey,id,bigint,20036,20036,0,0.0,1,1,1.0,1,1,0.0526315789473684,1,19,1,20036,0,1,0,1,0,4,1.0,1,1,1,1,1.0,0,0,0,0,0,2,1,0,0,0
datasets,datasets,kaggle_survey,age_range,varchar,11,20036,0,0.0,0,2,0.0005490117787981,1,0,0.1052631578947368,0,19,1,20036,1,1,0,1,0,4,1.0,1,8,2,0,0.0005490117787981,1,0,0,0,0,9,0,0,0,0
datasets,datasets,kaggle_survey,gender,varchar,5,20036,0,0.0,0,3,0.0002495508085446,1,0,0.1578947368421052,0,19,1,20036,1,1,0,1,0,4,1.0,1,16,3,0,0.0002495508085446,1,0,0,0,0,6,0,0,0,0
datasets,datasets,kaggle_survey,county_residence,varchar,55,20036,0,0.0,0,4,0.0027450588939908,1,0,0.2105263157894736,0,19,1,20036,1,1,0,1,0,4,1.0,1,2,4,0,0.0027450588939908,1,0,0,0,0,16,0,0,0,0
datasets,datasets,kaggle_survey,highest_education,varchar,7,20036,467,0.0233080455180674,0,5,0.0003493711319624,0,0,0.2631578947368421,0,19,1,20036,1,1,0,1,0,4,1.0,1,10,5,0,0.0003493711319624,1,0,0,0,0,17,0,0,0,0
datasets,datasets,kaggle_survey,latest_job_role,varchar,13,20036,759,0.0378818127370732,0,6,0.000648832102216,0,0,0.3157894736842105,0,19,1,20036,1,1,0,1,0,4,1.0,1,6,6,0,0.000648832102216,1,0,0,0,0,15,0,0,0,0
datasets,datasets,kaggle_survey,years_of_programming,varchar,7,20036,916,0.0457177081253743,0,7,0.0003493711319624,0,0,0.3684210526315789,0,19,1,20036,1,1,0,1,0,4,1.0,1,11,7,0,0.0003493711319624,1,0,0,0,0,20,0,0,0,0
datasets,datasets,kaggle_survey,programming_language_recommended,varchar,13,20036,2215,0.1105510081852665,0,8,0.000648832102216,0,0,0.4210526315789473,0,19,1,20036,1,1,0,1,0,4,1.0,1,7,8,0,0.000648832102216,1,0,0,0,0,32,0,0,0,0
datasets,datasets,kaggle_survey,computing_platforms,varchar,5,20036,3007,0.1500798562587342,0,9,0.0002495508085446,0,0,0.4736842105263157,0,19,1,20036,1,1,0,1,0,4,1.0,1,17,9,0,0.0002495508085446,1,0,0,0,0,19,0,0,0,0
datasets,datasets,kaggle_survey,times_tpu_used,varchar,5,20036,3256,0.1625074865242563,0,10,0.0002495508085446,0,0,0.5263157894736842,0,19,1,20036,1,1,0,1,0,4,1.0,1,18,10,0,0.0002495508085446,1,0,0,0,0,14,0,0,0,0
datasets,datasets,kaggle_survey,years_of_experience,varchar,9,20036,3662,0.1827710121780794,0,11,0.0004491914553803,0,0,0.5789473684210527,0,19,1,20036,1,1,0,1,0,4,1.0,1,9,11,0,0.0004491914553803,1,0,0,0,0,19,0,0,0,0
datasets,datasets,kaggle_survey,size_of_company,varchar,5,20036,8633,0.4308744260331403,0,12,0.0002495508085446,0,0,0.631578947368421,0,19,1,20036,1,1,0,1,0,4,1.0,1,19,13,0,0.0002495508085446,1,0,0,0,0,15,0,0,0,0
datasets,datasets,kaggle_survey,number_of_data_scientists,varchar,7,20036,8754,0.4369135555999201,0,13,0.0003493711319624,0,0,0.6842105263157895,0,19,1,20036,1,1,0,1,0,4,1.0,1,12,14,0,0.0003493711319624,1,0,0,0,0,25,0,0,0,0
datasets,datasets,kaggle_survey,employer_incorporate_ml,varchar,6,20036,8906,0.4444999001796765,0,14,0.0002994609702535,0,0,0.7368421052631579,0,19,1,20036,1,1,0,1,0,4,1.0,1,13,15,0,0.0002994609702535,1,0,0,0,0,23,0,0,0,0
datasets,datasets,kaggle_survey,yearly_earnings,varchar,25,20036,9307,0.464513875024955,0,15,0.001247754042723,0,0,0.7894736842105263,0,19,1,20036,1,1,0,1,0,4,1.0,1,3,16,0,0.001247754042723,1,0,0,0,0,15,0,0,0,0
datasets,datasets,kaggle_survey,money_spend_on_cloud,varchar,6,20036,9466,0.472449590736674,0,16,0.0002994609702535,0,0,0.8421052631578947,0,19,1,20036,1,1,0,1,0,4,1.0,1,14,17,0,0.0002994609702535,1,0,0,0,0,20,0,0,0,0
datasets,datasets,kaggle_survey,most_used_data_products,varchar,17,20036,16523,0.8246656019165503,0,17,0.0008484727490517,0,0,0.8947368421052632,0,19,1,20036,1,1,0,1,0,4,1.0,1,4,18,0,0.0008484727490517,1,0,0,0,0,23,0,0,0,0
datasets,datasets,kaggle_survey,most_used_bi_tool,varchar,14,20036,18538,0.925234577760032,0,18,0.0006987422639249,0,0,0.9473684210526316,0,19,1,20036,1,1,0,1,0,4,1.0,1,5,19,0,0.0006987422639249,1,0,0,0,0,17,0,0,0,0
datasets,datasets,kaggle_survey,primary_tool_data_analysis,varchar,6,20036,6746,0.3366939508884009,0,19,0.0002994609702535,0,0,1.0,0,19,1,20036,1,1,0,1,0,4,1.0,1,15,12,0,0.0002994609702535,1,0,0,0,0,26,0,0,0,0
diabetes,diabetes,blood_metrics,insulin,bigint,220,1771,0,0.0,0,1,0.124223602484472,1,1,0.1666666666666666,0,6,1,1771,1,1,0,1,0,6,1.0,5,3,1,1,0.124223602484472,1,0,0,0,0,7,0,0,0,0
diabetes,diabetes,blood_metrics,glucose,bigint,200,1771,0,0.0,0,2,0.1129305477131564,1,0,0.3333333333333333,0,6,1,1771,1,1,0,1,0,6,1.0,5,4,2,0,0.1129305477131564,1,0,0,0,0,7,0,0,0,0
diabetes,diabetes,blood_metrics,bloodpressure,bigint,123,1771,0,0.0,0,3,0.0694522868435911,1,0,0.5,0,6,1,1771,1,1,0,1,0,6,1.0,5,5,3,0,0.0694522868435911,1,0,0,0,0,13,0,0,0,0
diabetes,diabetes,blood_metrics,patientid,bigint,1003,1771,0,0.0,0,4,0.5663466967814794,1,0,0.6666666666666666,0,6,1,1771,1,1,0,1,0,6,1.0,5,2,4,0,0.5663466967814794,1,0,0,0,0,9,0,0,1,0
diabetes,diabetes,blood_metrics,id,bigint,1771,1771,0,0.0,1,5,1.0,1,0,0.8333333333333334,1,6,1,1771,0,1,0,1,0,6,1.0,5,1,5,0,1.0,0,0,0,0,0,2,1,0,0,0
diabetes,diabetes,blood_metrics,measurement_date,date,2,1771,0,0.0,0,6,0.0011293054771315,1,0,1.0,0,6,1,1771,1,1,0,1,0,6,1.0,5,6,6,0,0.0011293054771315,1,0,0,0,0,16,0,0,0,0
diabetes,diabetes,patient,id,bigint,768,768,0,0.0,1,1,1.0,1,1,0.25,1,4,1,768,0,1,0,1,0,4,1.0,3,1,1,1,1.0,0,0,0,0,0,2,1,0,0,0
diabetes,diabetes,patient,age,bigint,52,768,0,0.0,0,2,0.0677083333333333,1,0,0.5,0,4,1,768,1,1,0,1,0,4,1.0,3,3,2,0,0.0677083333333333,1,0,0,0,0,3,0,0,0,0
diabetes,diabetes,patient,pregnancies,bigint,17,768,0,0.0,0,3,0.0221354166666666,1,0,0.75,0,4,1,768,1,1,0,1,0,4,1.0,3,4,3,0,0.0221354166666666,1,0,0,0,0,11,0,0,0,0
diabetes,diabetes,patient,bmi,double,248,768,0,0.0,0,4,0.3229166666666667,1,0,1.0,0,4,1,768,1,1,0,1,0,4,1.0,3,2,4,0,0.3229166666666667,1,0,0,0,0,3,0,0,0,0
diabetes,diabetes,pedigree_outcome,diabetespedigreefunction,double,517,768,0,0.0,0,1,0.6731770833333334,1,1,0.25,0,4,2,768,2,1,0,2,0,4,1.0,3,3,1,1,0.6731770833333334,2,0,0,0,0,24,0,0,0,0
diabetes,diabetes,pedigree_outcome,outcome,bigint,2,768,0,0.0,0,2,0.0026041666666666,1,0,0.5,0,4,2,768,2,1,0,2,0,4,1.0,3,4,2,0,0.0026041666666666,2,0,0,0,0,7,0,0,0,0
diabetes,diabetes,pedigree_outcome,patientid,bigint,768,768,0,0.0,1,3,1.0,1,0,0.75,1,4,2,768,1,1,0,2,0,4,1.0,3,1,3,0,1.0,1,0,0,0,0,9,0,0,1,0
diabetes,diabetes,pedigree_outcome,id,bigint,768,768,0,0.0,1,4,1.0,1,0,1.0,0,4,2,768,1,1,0,2,0,4,1.0,3,2,4,0,1.0,1,0,0,0,0,2,1,0,0,0
diabetes,diabetes,skin,skinthickness,bigint,51,768,0,0.0,0,1,0.06640625,1,1,0.3333333333333333,0,3,2,768,2,1,0,2,0,3,1.0,3,3,1,1,0.06640625,2,0,0,1,0,13,0,0,0,0
diabetes,diabetes,skin,patientid,bigint,768,768,0,0.0,1,2,1.0,1,0,0.6666666666666666,1,3,2,768,1,1,0,2,0,3,1.0,3,1,2,0,1.0,1,0,0,0,0,9,0,0,1,0
diabetes,diabetes,skin,id,bigint,768,768,0,0.0,1,3,1.0,1,0,1.0,0,3,2,768,1,1,0,2,0,3,1.0,3,2,3,0,1.0,1,0,0,0,0,2,1,0,0,0
formula_1_world_championship_dataset_2000_2026,formula_1_world_championship_dataset_2000_2026,f1_constructor_standings_2000_2026,season,bigint,5,52,0,0.0,0,1,0.0961538461538461,1,1,0.1428571428571428,0,7,0,52,0,0,1,0,1,7,0.8461538461538461,4,7,1,1,0.1136363636363636,0,0,0,0,0,6,0,1,1,0
formula_1_world_championship_dataset_2000_2026,formula_1_world_championship_dataset_2000_2026,f1_constructor_standings_2000_2026,constructor_id,varchar,25,52,0,0.0,0,2,0.4807692307692308,1,0,0.2857142857142857,0,7,0,52,0,0,1,0,1,7,0.8461538461538461,4,2,2,0,0.5681818181818182,0,1,0,0,0,14,0,1,0,0
formula_1_world_championship_dataset_2000_2026,formula_1_world_championship_dataset_2000_2026,f1_constructor_standings_2000_2026,constructor,varchar,25,52,0,0.0,0,3,0.4807692307692308,1,0,0.4285714285714285,0,7,0,52,0,0,1,0,1,7,0.8461538461538461,4,3,3,0,0.5681818181818182,0,0,0,0,0,11,0,0,0,0
formula_1_world_championship_dataset_2000_2026,formula_1_world_championship_dataset_2000_2026,f1_constructor_standings_2000_2026,nationality,varchar,12,52,0,0.0,0,4,0.2307692307692307,1,0,0.5714285714285714,0,7,0,52,0,0,1,0,1,7,0.8461538461538461,4,4,4,0,0.2727272727272727,0,0,0,0,0,11,0,0,0,0
formula_1_world_championship_dataset_2000_2026,formula_1_world_championship_dataset_2000_2026,f1_constructor_standings_2000_2026,position,bigint,11,52,0,0.0,0,5,0.2115384615384615,1,0,0.7142857142857143,0,7,0,52,0,0,1,0,1,7,0.8461538461538461,4,5,5,0,0.25,0,0,0,0,0,8,0,0,0,0
formula_1_world_championship_dataset_2000_2026,formula_1_world_championship_dataset_2000_2026,f1_constructor_standings_2000_2026,points,bigint,44,52,0,0.0,0,6,0.8461538461538461,1,0,0.8571428571428571,0,7,0,52,0,0,1,0,1,7,0.8461538461538461,4,1,6,0,1.0,0,0,0,0,0,6,0,0,0,0
formula_1_world_championship_dataset_2000_2026,formula_1_world_championship_dataset_2000_2026,f1_constructor_standings_2000_2026,wins,bigint,11,52,0,0.0,0,7,0.2115384615384615,1,0,1.0,0,7,0,52,0,0,1,0,1,7,0.8461538461538461,4,6,7,0,0.25,0,0,0,0,0,4,0,0,0,0
formula_1_world_championship_dataset_2000_2026,formula_1_world_championship_dataset_2000_2026,f1_driver_standings_2000_2026,season,bigint,15,370,0,0.0,0,1,0.0405405405405405,1,1,0.125,0,8,0,370,0,0,1,0,1,7,0.3243243243243243,3,7,1,1,0.125,0,0,0,0,0,6,0,1,1,0
formula_1_world_championship_dataset_2000_2026,formula_1_world_championship_dataset_2000_2026,f1_driver_standings_2000_2026,driver_id,varchar,113,370,0,0.0,0,2,0.3054054054054054,1,0,0.25,0,8,0,370,0,0,1,0,1,7,0.3243243243243243,3,2,2,0,0.9416666666666664,0,1,0,0,0,9,0,1,0,0
formula_1_world_championship_dataset_2000_2026,formula_1_world_championship_dataset_2000_2026,f1_driver_standings_2000_2026,driver_name,varchar,113,370,0,0.0,0,3,0.3054054054054054,1,0,0.375,0,8,0,370,0,0,1,0,1,7,0.3243243243243243,3,3,3,0,0.9416666666666664,0,0,0,0,0,11,0,0,0,0
formula_1_world_championship_dataset_2000_2026,formula_1_world_championship_dataset_2000_2026,f1_driver_standings_2000_2026,nationality,varchar,33,370,0,0.0,0,4,0.0891891891891892,1,0,0.5,0,8,0,370,0,0,1,0,1,7,0.3243243243243243,3,5,4,0,0.275,0,0,0,0,0,11,0,0,0,0
formula_1_world_championship_dataset_2000_2026,formula_1_world_championship_dataset_2000_2026,f1_driver_standings_2000_2026,constructor,varchar,35,370,0,0.0,0,5,0.0945945945945946,1,0,0.625,0,8,0,370,0,0,1,0,1,7,0.3243243243243243,3,4,5,0,0.2916666666666667,0,0,0,0,0,11,0,0,0,0
formula_1_world_championship_dataset_2000_2026,formula_1_world_championship_dataset_2000_2026,f1_driver_standings_2000_2026,position,bigint,28,370,19,0.0513513513513513,0,6,0.0756756756756756,0,0,0.75,0,8,0,370,0,0,1,0,1,7,0.3243243243243243,3,6,8,0,0.2333333333333333,0,0,0,0,0,8,0,0,0,0
formula_1_world_championship_dataset_2000_2026,formula_1_world_championship_dataset_2000_2026,f1_driver_standings_2000_2026,points,double,120,370,0,0.0,0,7,0.3243243243243243,1,0,0.875,0,8,0,370,0,0,1,0,1,7,0.3243243243243243,3,1,6,0,1.0,0,0,0,0,0,6,0,0,0,0
formula_1_world_championship_dataset_2000_2026,formula_1_world_championship_dataset_2000_2026,f1_driver_standings_2000_2026,wins,bigint,13,370,0,0.0,0,8,0.0351351351351351,1,0,1.0,0,8,0,370,0,0,1,0,1,7,0.3243243243243243,3,8,7,0,0.1083333333333333,0,0,0,0,0,4,0,0,0,0
formula_1_world_championship_dataset_2000_2026,formula_1_world_championship_dataset_2000_2026,f1_qualifying_2000_2026,season,bigint,27,2515,0,0.0,0,1,0.0107355864811133,1,1,0.0909090909090909,0,11,0,2515,0,0,1,0,1,8,0.9403578528827038,3,8,1,1,0.0114164904862579,0,0,0,0,0,6,0,1,1,0
formula_1_world_championship_dataset_2000_2026,formula_1_world_championship_dataset_2000_2026,f1_qualifying_2000_2026,round,bigint,8,2515,0,0.0,0,2,0.0031809145129224,1,0,0.1818181818181818,0,11,0,2515,0,0,1,0,1,8,0.9403578528827038,3,11,2,0,0.0033826638477801,0,0,0,0,0,5,0,1,1,0
formula_1_world_championship_dataset_2000_2026,formula_1_world_championship_dataset_2000_2026,f1_qualifying_2000_2026,race_name,varchar,23,2515,0,0.0,0,3,0.009145129224652,1,0,0.2727272727272727,0,11,0,2515,0,0,1,0,1,8,0.9403578528827038,3,10,3,0,0.0097251585623678,0,0,0,0,0,9,0,0,0,0
formula_1_world_championship_dataset_2000_2026,formula_1_world_championship_dataset_2000_2026,f1_qualifying_2000_2026,date,date,130,2515,0,0.0,0,4,0.05168986083499,1,0,0.3636363636363636,0,11,0,2515,0,0,1,0,1,8,0.9403578528827038,3,4,4,0,0.054968287526427,0,0,0,0,0,4,0,0,0,0
formula_1_world_championship_dataset_2000_2026,formula_1_world_championship_dataset_2000_2026,f1_qualifying_2000_2026,driver_id,varchar,118,2515,0,0.0,0,5,0.0469184890656063,1,0,0.4545454545454545,0,11,0,2515,0,0,1,0,1,8,0.9403578528827038,3,5,5,0,0.0498942917547568,0,1,0,0,0,9,0,1,1,0
formula_1_world_championship_dataset_2000_2026,formula_1_world_championship_dataset_2000_2026,f1_qualifying_2000_2026,driver_name,varchar,118,2515,0,0.0,0,6,0.0469184890656063,1,0,0.5454545454545454,0,11,0,2515,0,0,1,0,1,8,0.9403578528827038,3,6,6,0,0.0498942917547568,0,0,0,0,0,11,0,0,0,0
formula_1_world_championship_dataset_2000_2026,formula_1_world_championship_dataset_2000_2026,f1_qualifying_2000_2026,constructor,varchar,39,2515,0,0.0,0,7,0.015506958250497,1,0,0.6363636363636364,0,11,0,2515,0,0,1,0,1,8,0.9403578528827038,3,7,7,0,0.0164904862579281,0,0,0,0,0,11,0,0,0,0
formula_1_world_championship_dataset_2000_2026,formula_1_world_championship_dataset_2000_2026,f1_qualifying_2000_2026,position,bigint,24,2515,0,0.0,0,8,0.0095427435387673,1,0,0.7272727272727273,0,11,0,2515,0,0,1,0,1,8,0.9403578528827038,3,9,8,0,0.0101479915433403,0,0,0,0,0,8,0,0,0,0
formula_1_world_championship_dataset_2000_2026,formula_1_world_championship_dataset_2000_2026,f1_qualifying_2000_2026,q1_time,varchar,2365,2515,33,0.0131212723658051,0,9,0.9403578528827038,0,0,0.8181818181818182,0,11,0,2515,0,0,1,0,1,8,0.9403578528827038,3,1,9,0,1.0,0,0,0,0,0,7,0,0,0,0
formula_1_world_championship_dataset_2000_2026,formula_1_world_championship_dataset_2000_2026,f1_qualifying_2000_2026,q2_time,varchar,1576,2515,892,0.3546719681908549,0,10,0.6266401590457257,0,0,0.9090909090909092,0,11,0,2515,0,0,1,0,1,8,0.9403578528827038,3,2,10,0,0.666384778012685,0,0,0,0,0,7,0,0,0,0
formula_1_world_championship_dataset_2000_2026,formula_1_world_championship_dataset_2000_2026,f1_qualifying_2000_2026,q3_time,varchar,966,2515,1528,0.6075546719681909,0,11,0.3840954274353876,0,0,1.0,0,11,0,2515,0,0,1,0,1,8,0.9403578528827038,3,3,11,0,0.4084566596194502,0,0,0,0,0,7,0,0,0,0
formula_1_world_championship_dataset_2000_2026,formula_1_world_championship_dataset_2000_2026,f1_race_results_2000_2026,season,bigint,27,2666,0,0.0,0,1,0.0101275318829707,1,1,0.0555555555555555,0,18,0,2666,0,0,1,0,2,15,0.7839459864966242,6,11,1,1,0.0129186602870813,0,0,0,0,0,6,0,1,1,0
formula_1_world_championship_dataset_2000_2026,formula_1_world_championship_dataset_2000_2026,f1_race_results_2000_2026,round,bigint,6,2666,0,0.0,0,2,0.0022505626406601,1,0,0.1111111111111111,0,18,0,2666,0,0,1,0,2,15,0.7839459864966242,6,18,2,0,0.0028708133971291,0,0,0,0,0,5,0,1,1,0
formula_1_world_championship_dataset_2000_2026,formula_1_world_championship_dataset_2000_2026,f1_race_results_2000_2026,race_name,varchar,22,2666,0,0.0,0,3,0.0082520630157539,1,0,0.1666666666666666,0,18,0,2666,0,0,1,0,2,15,0.7839459864966242,6,16,3,0,0.0105263157894736,0,0,0,0,0,9,0,0,0,0
formula_1_world_championship_dataset_2000_2026,formula_1_world_championship_dataset_2000_2026,f1_race_results_2000_2026,date,date,136,2666,0,0.0,0,4,0.051012753188297,1,0,0.2222222222222222,0,18,0,2666,0,0,1,0,2,15,0.7839459864966242,6,3,4,0,0.0650717703349282,0,0,0,0,0,4,0,0,0,0
formula_1_world_championship_dataset_2000_2026,formula_1_world_championship_dataset_2000_2026,f1_race_results_2000_2026,driver_id,varchar,119,2666,0,0.0,0,5,0.0446361590397599,1,0,0.2777777777777778,0,18,0,2666,0,0,1,0,2,15,0.7839459864966242,6,4,5,0,0.0569377990430622,0,1,0,0,0,9,0,1,1,0
formula_1_world_championship_dataset_2000_2026,formula_1_world_championship_dataset_2000_2026,f1_race_results_2000_2026,driver_name,varchar,119,2666,0,0.0,0,6,0.0446361590397599,1,0,0.3333333333333333,0,18,0,2666,0,0,1,0,2,15,0.7839459864966242,6,5,6,0,0.0569377990430622,0,0,0,0,0,11,0,0,0,0
formula_1_world_championship_dataset_2000_2026,formula_1_world_championship_dataset_2000_2026,f1_race_results_2000_2026,nationality,varchar,33,2666,0,0.0,0,7,0.0123780945236309,1,0,0.3888888888888889,0,18,0,2666,0,0,1,0,2,15,0.7839459864966242,6,10,7,0,0.0157894736842105,0,0,0,0,0,11,0,0,0,0
formula_1_world_championship_dataset_2000_2026,formula_1_world_championship_dataset_2000_2026,f1_race_results_2000_2026,constructor,varchar,39,2666,0,0.0,0,8,0.014628657164291,1,0,0.4444444444444444,0,18,0,2666,0,0,1,0,2,15,0.7839459864966242,6,8,8,0,0.0186602870813397,0,0,0,0,0,11,0,0,0,0
formula_1_world_championship_dataset_2000_2026,formula_1_world_championship_dataset_2000_2026,f1_race_results_2000_2026,constructor_id,varchar,39,2666,0,0.0,0,9,0.014628657164291,1,0,0.5,0,18,0,2666,0,0,1,0,2,15,0.7839459864966242,6,9,9,0,0.0186602870813397,0,1,0,0,0,14,0,0,1,0
formula_1_world_championship_dataset_2000_2026,formula_1_world_championship_dataset_2000_2026,f1_race_results_2000_2026,grid,bigint,25,2666,0,0.0,0,10,0.009377344336084,1,0,0.5555555555555556,0,18,0,2666,0,0,1,0,2,15,0.7839459864966242,6,13,10,0,0.0119617224880382,0,0,0,0,0,4,0,0,0,0
formula_1_world_championship_dataset_2000_2026,formula_1_world_championship_dataset_2000_2026,f1_race_results_2000_2026,position,bigint,24,2666,0,0.0,0,11,0.0090022505626406,1,0,0.6111111111111112,0,18,0,2666,0,0,1,0,2,15,0.7839459864966242,6,14,11,0,0.0114832535885167,0,0,0,0,0,8,0,0,0,0
formula_1_world_championship_dataset_2000_2026,formula_1_world_championship_dataset_2000_2026,f1_race_results_2000_2026,position_text,varchar,26,2666,0,0.0,0,12,0.0097524381095273,1,0,0.6666666666666666,0,18,0,2666,0,0,1,0,2,15,0.7839459864966242,6,12,12,0,0.0124401913875598,0,0,0,0,0,13,0,0,0,0
formula_1_world_championship_dataset_2000_2026,formula_1_world_championship_dataset_2000_2026,f1_race_results_2000_2026,points,double,22,2666,0,0.0,0,13,0.0082520630157539,1,0,0.7222222222222222,0,18,0,2666,0,0,1,0,2,15,0.7839459864966242,6,17,13,0,0.0105263157894736,0,0,0,0,0,6,0,0,0,0
formula_1_world_championship_dataset_2000_2026,formula_1_world_championship_dataset_2000_2026,f1_race_results_2000_2026,laps,bigint,75,2666,0,0.0,0,14,0.028132033008252,1,0,0.7777777777777778,0,18,0,2666,0,0,1,0,2,15,0.7839459864966242,6,6,14,0,0.0358851674641148,0,0,0,0,0,4,0,0,0,0
formula_1_world_championship_dataset_2000_2026,formula_1_world_championship_dataset_2000_2026,f1_race_results_2000_2026,status,varchar,71,2666,0,0.0,0,15,0.0266316579144786,1,0,0.8333333333333334,0,18,0,2666,0,0,1,0,2,15,0.7839459864966242,6,7,15,0,0.0339712918660287,0,0,0,0,0,6,0,0,0,0
formula_1_world_championship_dataset_2000_2026,formula_1_world_championship_dataset_2000_2026,f1_race_results_2000_2026,fastest_lap_rank,bigint,24,2666,504,0.1890472618154538,0,16,0.0090022505626406,0,0,0.8888888888888888,0,18,0,2666,0,0,1,0,2,15,0.7839459864966242,6,15,16,0,0.0114832535885167,0,0,0,0,0,16,0,0,0,0
formula_1_world_championship_dataset_2000_2026,formula_1_world_championship_dataset_2000_2026,f1_race_results_2000_2026,fastest_lap_time,varchar,2090,2666,504,0.1890472618154538,0,17,0.7839459864966242,0,0,0.9444444444444444,0,18,0,2666,0,0,1,0,2,15,0.7839459864966242,6,1,17,0,1.0,0,0,0,0,0,16,0,0,0,0
formula_1_world_championship_dataset_2000_2026,formula_1_world_championship_dataset_2000_2026,f1_race_results_2000_2026,fastest_lap_speed,double,1945,2666,667,0.2501875468867217,0,18,0.7295573893473368,0,0,1.0,0,18,0,2666,0,0,1,0,2,15,0.7839459864966242,6,2,18,0,0.930622009569378,0,0,0,0,0,17,0,0,0,0
formula_1_world_championship_dataset_2000_2026,formula_1_world_championship_dataset_2000_2026,f1_races_2000_2026,season,bigint,27,525,0,0.0,0,1,0.0514285714285714,1,1,0.1111111111111111,0,9,2,525,2,1,0,2,1,9,1.0,2,8,1,1,0.0514285714285714,2,0,0,0,0,6,0,1,0,0
formula_1_world_championship_dataset_2000_2026,formula_1_world_championship_dataset_2000_2026,f1_races_2000_2026,round,bigint,24,525,0,0.0,0,2,0.0457142857142857,1,0,0.2222222222222222,0,9,2,525,2,1,0,2,1,9,1.0,2,9,2,0,0.0457142857142857,2,0,0,0,0,5,0,1,0,0
formula_1_world_championship_dataset_2000_2026,formula_1_world_championship_dataset_2000_2026,f1_races_2000_2026,race_name,varchar,42,525,0,0.0,0,3,0.08,1,0,0.3333333333333333,0,9,2,525,2,1,0,2,1,9,1.0,2,3,3,0,0.08,2,0,0,0,0,9,0,0,0,0
formula_1_world_championship_dataset_2000_2026,formula_1_world_championship_dataset_2000_2026,f1_races_2000_2026,circuit_id,varchar,39,525,0,0.0,0,4,0.0742857142857142,1,0,0.4444444444444444,0,9,2,525,2,1,0,2,1,9,1.0,2,4,4,0,0.0742857142857142,2,1,0,0,0,10,0,0,0,0
formula_1_world_championship_dataset_2000_2026,formula_1_world_championship_dataset_2000_2026,f1_races_2000_2026,circuit_name,varchar,39,525,0,0.0,0,5,0.0742857142857142,1,0,0.5555555555555556,0,9,2,525,2,1,0,2,1,9,1.0,2,5,5,0,0.0742857142857142,2,0,0,0,0,12,0,0,0,0
formula_1_world_championship_dataset_2000_2026,formula_1_world_championship_dataset_2000_2026,f1_races_2000_2026,country,varchar,29,525,0,0.0,0,6,0.0552380952380952,1,0,0.6666666666666666,0,9,2,525,2,1,0,2,1,9,1.0,2,7,6,0,0.0552380952380952,2,0,0,0,0,7,0,0,0,0
formula_1_world_championship_dataset_2000_2026,formula_1_world_championship_dataset_2000_2026,f1_races_2000_2026,locality,varchar,39,525,0,0.0,0,7,0.0742857142857142,1,0,0.7777777777777778,0,9,2,525,2,1,0,2,1,9,1.0,2,6,7,0,0.0742857142857142,2,0,0,0,0,8,0,0,0,0
formula_1_world_championship_dataset_2000_2026,formula_1_world_championship_dataset_2000_2026,f1_races_2000_2026,date,date,525,525,0,0.0,1,8,1.0,1,0,0.8888888888888888,1,9,2,525,1,1,0,2,1,9,1.0,2,1,8,0,1.0,1,0,0,0,0,4,0,0,0,0
formula_1_world_championship_dataset_2000_2026,formula_1_world_championship_dataset_2000_2026,f1_races_2000_2026,race_url,varchar,525,525,0,0.0,1,9,1.0,1,0,1.0,0,9,2,525,1,1,0,2,1,9,1.0,2,2,9,0,1.0,1,0,0,0,0,8,0,0,0,0
gapminder,gapminder,fertility,country_id,bigint,176,352,0,0.0,0,1,0.5,1,1,0.3333333333333333,0,3,0,352,0,0,1,0,1,2,0.5738636363636364,2,2,1,1,0.8712871287128713,0,1,0,0,0,10,0,1,0,0
gapminder,gapminder,fertility,fertility_rate,double,202,352,20,0.0568181818181818,0,2,0.5738636363636364,0,0,0.6666666666666666,0,3,0,352,0,0,1,0,1,2,0.5738636363636364,2,1,3,0,1.0,0,0,0,1,0,14,0,0,0,0
gapminder,gapminder,fertility,year,bigint,2,352,0,0.0,0,3,0.0056818181818181,1,0,1.0,0,3,0,352,0,0,1,0,1,2,0.5738636363636364,2,3,2,0,0.0099009900990099,0,0,0,0,0,4,0,1,0,0
gapminder,gapminder,life_exp_pop,country_id,bigint,176,352,0,0.0,0,1,0.5,1,1,0.1666666666666666,0,6,1,352,1,1,0,1,1,5,1.0,3,3,1,1,0.5,1,1,0,0,0,10,0,1,0,0
gapminder,gapminder,life_exp_pop,country,varchar,176,352,0,0.0,0,2,0.5,1,0,0.3333333333333333,0,6,1,352,1,1,0,1,1,5,1.0,3,4,2,0,0.5,1,0,0,0,0,7,0,0,0,0
gapminder,gapminder,life_exp_pop,region,varchar,6,352,0,0.0,0,3,0.0170454545454545,1,0,0.5,0,6,1,352,1,1,0,1,1,5,1.0,3,5,3,0,0.0170454545454545,1,0,0,0,0,6,0,0,0,0
gapminder,gapminder,life_exp_pop,life_expectancy,double,192,352,12,0.034090909090909,0,4,0.5454545454545454,0,0,0.6666666666666666,0,6,1,352,1,1,0,1,1,5,1.0,3,2,6,0,0.5454545454545454,1,0,0,0,0,15,0,0,0,0
gapminder,gapminder,life_exp_pop,population_,bigint,352,352,0,0.0,1,5,1.0,1,0,0.8333333333333334,1,6,1,352,0,1,0,1,1,5,1.0,3,1,4,0,1.0,0,0,0,0,0,11,0,0,0,0
gapminder,gapminder,life_exp_pop,year,bigint,2,352,0,0.0,0,6,0.0056818181818181,1,0,1.0,0,6,1,352,1,1,0,1,1,5,1.0,3,6,5,0,0.0056818181818181,1,0,0,0,0,4,0,1,0,0
heart,heart,blood_metrics,serum_cholestoral,bigint,152,303,0,0.0,0,1,0.5016501650165016,1,1,0.2,0,5,2,303,2,1,0,2,1,5,1.0,5,3,1,1,0.5016501650165016,2,0,0,0,0,17,0,0,0,0
heart,heart,blood_metrics,fasting_blood_sugar,bigint,2,303,0,0.0,0,2,0.0066006600660066,1,0,0.4,0,5,2,303,2,1,0,2,1,5,1.0,5,5,2,0,0.0066006600660066,2,0,0,0,0,19,0,0,0,0
heart,heart,blood_metrics,thal,bigint,4,303,0,0.0,0,3,0.0132013201320132,1,0,0.6,0,5,2,303,2,1,0,2,1,5,1.0,5,4,3,0,0.0132013201320132,2,0,0,0,0,4,0,0,0,0
heart,heart,blood_metrics,patient_id,bigint,303,303,0,0.0,1,4,1.0,1,0,0.8,1,5,2,303,1,1,0,2,1,5,1.0,5,1,4,0,1.0,1,1,0,0,0,10,0,0,1,0
heart,heart,blood_metrics,id,bigint,303,303,0,0.0,1,5,1.0,1,0,1.0,0,5,2,303,1,1,0,2,1,5,1.0,5,2,5,0,1.0,1,0,0,0,0,2,1,0,0,0
heart,heart,chest_pain,chest_pain_type,bigint,4,303,0,0.0,0,1,0.0132013201320132,1,1,0.3333333333333333,0,3,2,303,2,1,0,2,1,3,1.0,3,3,1,1,0.0132013201320132,2,0,0,1,0,15,0,0,0,0
heart,heart,chest_pain,patient_id,bigint,303,303,0,0.0,1,2,1.0,1,0,0.6666666666666666,1,3,2,303,1,1,0,2,1,3,1.0,3,1,2,0,1.0,1,1,0,0,0,10,0,0,1,0
heart,heart,chest_pain,id,bigint,303,303,0,0.0,1,3,1.0,1,0,1.0,0,3,2,303,1,1,0,2,1,3,1.0,3,2,3,0,1.0,1,0,0,0,0,2,1,0,0,0
heart,heart,heart_attack_history,heart_attack,bigint,2,403,0,0.0,0,1,0.0049627791563275,1,1,0.3333333333333333,0,3,2,403,2,1,0,2,1,3,1.0,3,3,1,1,0.0049627791563275,2,0,0,0,0,12,0,0,0,0
heart,heart,heart_attack_history,patient_id,bigint,403,403,0,0.0,1,2,1.0,1,0,0.6666666666666666,1,3,2,403,1,1,0,2,1,3,1.0,3,1,2,0,1.0,1,1,0,0,0,10,0,0,1,0
heart,heart,heart_attack_history,id,bigint,403,403,0,0.0,1,3,1.0,1,0,1.0,0,3,2,403,1,1,0,2,1,3,1.0,3,2,3,0,1.0,1,0,0,0,0,2,1,0,0,0
heart,heart,patient,id,bigint,403,403,0,0.0,1,1,1.0,1,1,0.3333333333333333,1,3,1,403,0,1,0,1,0,1,1.0,3,1,1,1,1.0,0,0,0,0,0,2,1,0,0,0
heart,heart,patient,age,bigint,70,403,10,0.0248138957816377,0,2,0.173697270471464,0,0,0.6666666666666666,0,3,1,403,1,1,0,1,0,1,1.0,3,2,2,0,0.173697270471464,1,0,0,0,0,3,0,0,0,0
heart,heart,patient,sex,bigint,2,403,19,0.0471464019851116,0,3,0.0049627791563275,0,0,1.0,0,3,1,403,1,1,0,1,0,1,1.0,3,3,3,0,0.0049627791563275,1,0,0,0,0,3,0,0,0,0
heart,heart,pressure_vessels_angina,resting_blood_pressure,bigint,85,353,0,0.0,0,1,0.2407932011331444,1,1,0.1,0,10,2,353,2,1,0,2,1,8,1.0,8,4,1,1,0.2407932011331444,2,0,0,0,0,22,0,0,0,0
heart,heart,pressure_vessels_angina,resting_electrocardiographic_results,bigint,41,353,0,0.0,0,2,0.1161473087818696,1,0,0.2,0,10,2,353,2,1,0,2,1,8,1.0,8,5,2,0,0.1161473087818696,2,0,0,0,0,36,0,0,0,0
heart,heart,pressure_vessels_angina,maximum_heartrate_achieved,bigint,93,353,11,0.0311614730878186,0,3,0.263456090651558,0,0,0.3,0,10,2,353,2,1,0,2,1,8,1.0,8,3,9,0,0.263456090651558,2,0,0,0,0,26,0,0,0,0
heart,heart,pressure_vessels_angina,exercise_induced_angina,bigint,2,353,0,0.0,0,4,0.0056657223796034,1,0,0.4,0,10,2,353,2,1,0,2,1,8,1.0,8,9,3,0,0.0056657223796034,2,0,0,0,0,23,0,0,0,0
heart,heart,pressure_vessels_angina,oldpeak,double,40,353,0,0.0,0,5,0.1133144475920679,1,0,0.5,0,10,2,353,2,1,0,2,1,8,1.0,8,6,4,0,0.1133144475920679,2,0,0,0,0,7,0,0,0,0
heart,heart,pressure_vessels_angina,slope_of_the_peak_exercise_st_segment,bigint,4,353,0,0.0,0,6,0.0113314447592068,1,0,0.6,0,10,2,353,2,1,0,2,1,8,1.0,8,8,5,0,0.0113314447592068,2,0,0,0,0,37,0,0,0,0
heart,heart,pressure_vessels_angina,number_of_major_vessels_colored_by_flourosopy,bigint,7,353,0,0.0,0,7,0.0198300283286118,1,0,0.7,0,10,2,353,2,1,0,2,1,8,1.0,8,7,6,0,0.0198300283286118,2,0,0,0,0,45,0,0,0,0
heart,heart,pressure_vessels_angina,patient_id,bigint,353,353,0,0.0,1,8,1.0,1,0,0.8,1,10,2,353,1,1,0,2,1,8,1.0,8,1,7,0,1.0,1,1,0,0,0,10,0,0,1,0
heart,heart,pressure_vessels_angina,id,bigint,353,353,0,0.0,1,9,1.0,1,0,0.9,0,10,2,353,1,1,0,2,1,8,1.0,8,2,8,0,1.0,1,0,0,0,0,2,1,0,0,0
heart,heart,pressure_vessels_angina,real_data,varchar,2,353,60,0.1699716713881019,0,10,0.0056657223796034,0,0,1.0,0,10,2,353,2,1,0,2,1,8,1.0,8,10,10,0,0.0056657223796034,2,0,0,0,0,9,0,0,0,0
introduction,introduction,age_bucket,id,bigint,11,11,0,0.0,1,1,1.0,1,1,0.5,1,2,2,11,1,1,0,2,0,2,1.0,1,1,1,1,1.0,1,0,0,0,0,2,1,0,0,0
introduction,introduction,age_bucket,range,varchar,11,11,0,0.0,1,2,1.0,1,0,1.0,0,2,2,11,1,1,0,2,0,2,1.0,1,2,2,0,1.0,1,0,0,0,0,5,0,0,0,0
introduction,introduction,gender,id,bigint,2,2,0,0.0,1,1,1.0,1,1,0.5,1,2,2,2,1,1,0,2,0,2,1.0,1,1,1,1,1.0,1,0,0,0,0,2,1,0,0,0
introduction,introduction,gender,name,varchar,2,2,0,0.0,1,2,1.0,1,0,1.0,0,2,2,2,1,1,0,2,0,2,1.0,1,2,2,0,1.0,1,0,0,0,0,4,0,0,0,0
introduction,introduction,record,id,bigint,1078,1078,0,0.0,1,1,1.0,1,1,0.2,1,5,1,1078,0,1,0,1,0,5,1.0,4,1,1,1,1.0,0,0,0,0,0,2,1,0,0,0
introduction,introduction,record,record_date,date,49,1078,0,0.0,0,2,0.0454545454545454,1,0,0.4,0,5,1,1078,1,1,0,1,0,5,1.0,4,3,2,0,0.0454545454545454,1,0,0,1,0,11,0,0,0,0
introduction,introduction,record,id_gender,bigint,2,1078,0,0.0,0,3,0.0018552875695732,1,0,0.6,0,5,1,1078,1,1,0,1,0,5,1.0,4,5,3,0,0.0018552875695732,1,0,0,0,0,9,0,0,1,0
introduction,introduction,record,id_age_bucket,bigint,11,1078,0,0.0,0,4,0.010204081632653,1,0,0.8,0,5,1,1078,1,1,0,1,0,5,1.0,4,4,4,0,0.010204081632653,1,0,0,0,0,13,0,0,1,0
introduction,introduction,record,cases,bigint,958,1078,0,0.0,0,5,0.8886827458256029,1,0,1.0,0,5,1,1078,1,1,0,1,0,5,1.0,4,2,5,0,0.8886827458256029,1,0,0,0,0,5,0,0,0,0
king_county_house_data,king_county_house_data,king_county_house_details,id,bigint,21420,21420,0,0.0,1,1,1.0,1,1,0.0526315789473684,1,19,1,21420,0,1,0,1,0,15,1.0,6,1,1,1,1.0,0,0,0,0,0,2,1,0,0,0
king_county_house_data,king_county_house_data,king_county_house_details,bedrooms,double,12,21420,0,0.0,0,2,0.0005602240896358,1,0,0.1052631578947368,0,19,1,21420,1,1,0,1,0,15,1.0,6,14,2,0,0.0005602240896358,1,0,0,0,0,8,0,0,0,0
king_county_house_data,king_county_house_data,king_county_house_details,bathrooms,double,29,21420,0,0.0,0,3,0.0013538748832866,1,0,0.1578947368421052,0,19,1,21420,1,1,0,1,0,15,1.0,6,13,3,0,0.0013538748832866,1,0,0,0,0,9,0,0,0,0
king_county_house_data,king_county_house_data,king_county_house_details,sqft_living,double,1034,21420,0,0.0,0,4,0.0482726423902894,1,0,0.2105263157894736,0,19,1,21420,1,1,0,1,0,15,1.0,6,5,4,0,0.0482726423902894,1,0,0,0,0,11,0,0,0,0
king_county_house_data,king_county_house_data,king_county_house_details,sqft_lot,double,9776,21420,0,0.0,0,5,0.4563958916900093,1,0,0.2631578947368421,0,19,1,21420,1,1,0,1,0,15,1.0,6,2,5,0,0.4563958916900093,1,0,0,0,0,8,0,0,0,0
king_county_house_data,king_county_house_data,king_county_house_details,floors,double,6,21420,0,0.0,0,6,0.0002801120448179,1,0,0.3157894736842105,0,19,1,21420,1,1,0,1,0,15,1.0,6,16,6,0,0.0002801120448179,1,0,0,0,0,6,0,0,0,0
king_county_house_data,king_county_house_data,king_county_house_details,waterfront,double,2,21420,2360,0.1101774042950513,0,7,9.337068160597572e-05,0,0,0.3684210526315789,0,19,1,21420,1,1,0,1,0,15,1.0,6,19,18,0,9.337068160597572e-05,1,0,0,0,0,10,0,0,0,0
king_county_house_data,king_county_house_data,king_county_house_details,view,double,5,21420,63,0.0029411764705882,0,8,0.0002334267040149,0,0,0.4210526315789473,0,19,1,21420,1,1,0,1,0,15,1.0,6,17,16,0,0.0002334267040149,1,0,0,0,0,4,0,0,0,0
king_county_house_data,king_county_house_data,king_county_house_details,condition,bigint,5,21420,0,0.0,0,9,0.0002334267040149,1,0,0.4736842105263157,0,19,1,21420,1,1,0,1,0,15,1.0,6,18,7,0,0.0002334267040149,1,0,0,0,0,9,0,0,0,0
king_county_house_data,king_county_house_data,king_county_house_details,grade,bigint,11,21420,0,0.0,0,10,0.0005135387488328,1,0,0.5263157894736842,0,19,1,21420,1,1,0,1,0,15,1.0,6,15,8,0,0.0005135387488328,1,0,0,0,0,5,0,0,0,0
king_county_house_data,king_county_house_data,king_county_house_details,sqft_above,double,942,21420,0,0.0,0,11,0.0439775910364145,1,0,0.5789473684210527,0,19,1,21420,1,1,0,1,0,15,1.0,6,6,9,0,0.0439775910364145,1,0,0,0,0,10,0,0,0,0
king_county_house_data,king_county_house_data,king_county_house_details,sqft_basement,double,303,21420,451,0.0210550887021475,0,12,0.0141456582633053,0,0,0.631578947368421,0,19,1,21420,1,1,0,1,0,15,1.0,6,9,17,0,0.0141456582633053,1,0,0,0,0,13,0,0,0,0
king_county_house_data,king_county_house_data,king_county_house_details,yr_built,bigint,116,21420,0,0.0,0,13,0.0054154995331465,1,0,0.6842105263157895,0,19,1,21420,1,1,0,1,0,15,1.0,6,10,10,0,0.0054154995331465,1,0,0,0,0,8,0,0,0,0
king_county_house_data,king_county_house_data,king_county_house_details,yr_renovated,bigint,70,21420,3811,0.1779178338001867,0,14,0.0032679738562091,0,0,0.7368421052631579,0,19,1,21420,1,1,0,1,0,15,1.0,6,11,19,0,0.0032679738562091,1,0,0,0,0,12,0,0,0,0
king_county_house_data,king_county_house_data,king_county_house_details,zipcode,bigint,70,21420,0,0.0,0,15,0.0032679738562091,1,0,0.7894736842105263,0,19,1,21420,1,1,0,1,0,15,1.0,6,12,11,0,0.0032679738562091,1,0,0,0,0,7,0,0,0,0
king_county_house_data,king_county_house_data,king_county_house_details,lat,double,5033,21420,0,0.0,0,16,0.2349673202614379,1,0,0.8421052631578947,0,19,1,21420,1,1,0,1,0,15,1.0,6,4,12,0,0.2349673202614379,1,0,0,0,0,3,0,0,0,0
king_county_house_data,king_county_house_data,king_county_house_details,long,double,752,21420,0,0.0,0,17,0.0351073762838468,1,0,0.8947368421052632,0,19,1,21420,1,1,0,1,0,15,1.0,6,8,13,0,0.0351073762838468,1,0,0,0,0,4,0,0,0,0
king_county_house_data,king_county_house_data,king_county_house_details,sqft_living15,double,777,21420,0,0.0,0,18,0.0362745098039215,1,0,0.9473684210526316,0,19,1,21420,1,1,0,1,0,15,1.0,6,7,14,0,0.0362745098039215,1,0,0,0,0,13,0,0,0,0
king_county_house_data,king_county_house_data,king_county_house_details,sqft_lot15,double,8682,21420,0,0.0,0,19,0.4053221288515406,1,0,1.0,0,19,1,21420,1,1,0,1,0,15,1.0,6,3,15,0,0.4053221288515406,1,0,0,0,0,10,0,0,0,0
king_county_house_data,king_county_house_data,king_county_house_sales,date,date,372,21597,0,0.0,0,1,0.0172246145297958,1,1,0.25,0,4,1,21597,1,1,0,2,1,4,1.0,2,4,1,1,0.0172246145297958,2,0,0,0,0,4,0,0,0,0
king_county_house_data,king_county_house_data,king_county_house_sales,price,double,3622,21597,0,0.0,0,2,0.1677084780293559,1,0,0.5,0,4,1,21597,1,1,0,2,1,4,1.0,2,3,2,0,0.1677084780293559,2,0,0,0,0,5,0,0,0,0
king_county_house_data,king_county_house_data,king_county_house_sales,house_id,bigint,21420,21597,0,0.0,0,3,0.9918044172801778,1,0,0.75,0,4,1,21597,1,1,0,2,1,4,1.0,2,2,3,0,0.9918044172801778,1,1,0,0,0,8,0,0,1,0
king_county_house_data,king_county_house_data,king_county_house_sales,id,bigint,21597,21597,0,0.0,1,4,1.0,1,0,1.0,1,4,1,21597,0,1,0,2,1,4,1.0,2,1,4,0,1.0,1,0,0,0,0,2,1,0,0,0
monalisa,monalisa,account,account_number_pk,bigint,102,102,0,0.0,1,1,1.0,1,1,0.3333333333333333,1,3,2,102,1,1,0,3,0,3,1.0,1,1,1,1,1.0,2,0,0,1,0,17,1,0,0,0
monalisa,monalisa,account,name,varchar,100,102,0,0.0,0,2,0.9803921568627452,1,0,0.6666666666666666,0,3,2,102,2,1,0,3,0,3,1.0,1,3,2,0,0.9803921568627452,2,0,0,0,0,4,0,0,0,0
monalisa,monalisa,account,city,varchar,102,102,0,0.0,1,3,1.0,1,0,1.0,0,3,2,102,1,1,0,3,0,3,1.0,1,2,3,0,1.0,2,0,0,0,0,4,0,0,0,0
monalisa,monalisa,bank_transaction,bank_transaction_pk,bigint,164,164,0,0.0,1,1,1.0,1,1,0.2,1,5,1,164,0,1,0,1,0,4,1.0,2,1,1,1,1.0,0,0,0,1,0,19,1,0,0,0
monalisa,monalisa,bank_transaction,account_number_fk,bigint,73,164,0,0.0,0,2,0.4451219512195122,1,0,0.4,0,5,1,164,1,1,0,1,0,4,1.0,2,3,2,0,0.4451219512195122,1,0,0,0,0,17,0,0,1,0
monalisa,monalisa,bank_transaction,date,date,23,164,10,0.0609756097560975,0,3,0.1402439024390244,0,0,0.6,0,5,1,164,1,1,0,1,0,4,1.0,2,4,5,0,0.1402439024390244,1,0,0,0,0,4,0,0,0,0
monalisa,monalisa,bank_transaction,description,varchar,9,164,0,0.0,0,4,0.0548780487804878,1,0,0.8,0,5,1,164,1,1,0,1,0,4,1.0,2,5,3,0,0.0548780487804878,1,0,0,0,0,11,0,0,0,0
monalisa,monalisa,bank_transaction,amount,double,137,164,0,0.0,0,5,0.8353658536585366,1,0,1.0,0,5,1,164,1,1,0,1,0,4,1.0,2,2,4,0,0.8353658536585366,1,0,0,0,0,6,0,0,0,0
monalisa,monalisa,flight,id,bigint,54,54,0,0.0,1,1,1.0,1,1,0.1666666666666666,1,6,1,54,0,1,0,1,1,6,1.0,2,1,1,1,1.0,0,0,0,0,0,2,1,0,0,0
monalisa,monalisa,flight,person_id,bigint,50,54,0,0.0,0,2,0.925925925925926,1,0,0.3333333333333333,0,6,1,54,1,1,0,1,1,6,1.0,2,2,2,0,0.925925925925926,1,1,0,0,0,9,0,0,1,0
monalisa,monalisa,flight,name,varchar,50,54,0,0.0,0,3,0.925925925925926,1,0,0.5,0,6,1,54,1,1,0,1,1,6,1.0,2,3,3,0,0.925925925925926,1,0,0,0,0,4,0,0,0,0
monalisa,monalisa,flight,start_city,varchar,50,54,0,0.0,0,4,0.925925925925926,1,0,0.6666666666666666,0,6,1,54,1,1,0,1,1,6,1.0,2,4,4,0,0.925925925925926,1,0,0,0,0,10,0,0,0,0
monalisa,monalisa,flight,dest_city,varchar,44,54,0,0.0,0,5,0.8148148148148148,1,0,0.8333333333333334,0,6,1,54,1,1,0,1,1,6,1.0,2,5,5,0,0.8148148148148148,1,0,0,0,0,9,0,0,0,0
monalisa,monalisa,flight,date,date,42,54,0,0.0,0,6,0.7777777777777778,1,0,1.0,0,6,1,54,1,1,0,1,1,6,1.0,2,6,6,0,0.7777777777777778,1,0,0,0,0,4,0,0,0,0
monalisa,monalisa,messages,id,bigint,163,163,0,0.0,1,1,1.0,1,1,0.2,1,5,1,163,0,1,0,2,2,4,1.0,3,1,1,1,1.0,1,0,0,0,0,2,1,0,0,0
monalisa,monalisa,messages,contract_sender_id,bigint,18,163,0,0.0,0,2,0.1104294478527607,1,0,0.4,0,5,1,163,1,1,0,2,2,4,1.0,3,4,2,0,0.1104294478527607,2,1,0,0,0,18,0,0,1,0
monalisa,monalisa,messages,contract_receiver_id,bigint,5,163,0,0.0,0,3,0.0306748466257668,1,0,0.6,0,5,1,163,1,1,0,2,2,4,1.0,3,5,3,0,0.0306748466257668,2,1,0,0,0,20,0,0,1,0
monalisa,monalisa,messages,message,varchar,160,163,1,0.0061349693251533,0,4,0.98159509202454,0,0,0.8,0,5,1,163,1,1,0,2,2,4,1.0,3,2,5,0,0.98159509202454,1,0,0,0,0,7,0,0,0,0
monalisa,monalisa,messages,sent,date,23,163,0,0.0,0,5,0.1411042944785276,1,0,1.0,0,5,1,163,1,1,0,2,2,4,1.0,3,3,4,0,0.1411042944785276,2,0,0,0,0,4,0,0,0,0
monalisa,monalisa,person,id,bigint,108,108,0,0.0,1,1,1.0,1,1,0.25,1,4,1,108,0,1,0,3,0,4,1.0,2,1,1,1,1.0,2,0,0,0,0,2,1,0,0,0
monalisa,monalisa,person,name,varchar,104,108,0,0.0,0,2,0.9629629629629628,1,0,0.5,0,4,1,108,1,1,0,3,0,4,1.0,2,3,2,0,0.9629629629629628,2,0,0,0,0,4,0,0,0,0
monalisa,monalisa,person,residence,varchar,105,108,0,0.0,0,3,0.9722222222222222,1,0,0.75,0,4,1,108,1,1,0,3,0,4,1.0,2,2,3,0,0.9722222222222222,2,0,0,0,0,9,0,0,0,0
monalisa,monalisa,person,age,bigint,67,108,0,0.0,0,4,0.6203703703703703,1,0,1.0,0,4,1,108,1,1,0,3,0,4,1.0,2,4,4,0,0.6203703703703703,3,0,0,0,0,3,0,0,0,0
monalisa,monalisa,phone_contract,id,bigint,107,107,0,0.0,1,1,1.0,1,1,0.2,1,5,3,107,2,1,0,4,1,5,1.0,3,1,1,1,1.0,3,0,0,0,0,2,1,0,0,0
monalisa,monalisa,phone_contract,person_id,bigint,107,107,0,0.0,1,2,1.0,1,0,0.4,0,5,3,107,2,1,0,4,1,5,1.0,3,2,2,0,1.0,3,1,0,0,0,9,0,0,1,0
monalisa,monalisa,phone_contract,name,varchar,103,107,0,0.0,0,3,0.9626168224299064,1,0,0.6,0,5,3,107,3,1,0,4,1,5,1.0,3,4,3,0,0.9626168224299064,3,0,0,0,0,4,0,0,0,0
monalisa,monalisa,phone_contract,phone_number,bigint,107,107,0,0.0,1,4,1.0,1,0,0.8,0,5,3,107,2,1,0,4,1,5,1.0,3,3,4,0,1.0,3,0,0,0,0,12,0,0,0,0
monalisa,monalisa,phone_contract,status,varchar,2,107,0,0.0,0,5,0.0186915887850467,1,0,1.0,0,5,3,107,3,1,0,4,1,5,1.0,3,5,5,0,0.0186915887850467,4,0,0,0,0,6,0,0,0,0
multitable_ecommerce_european_fashion,multitable_ecommerce_european_fashion,dataset_fashion_store_campaigns,campaign_id,bigint,7,7,0,0.0,1,1,1.0,1,1,0.1428571428571428,1,7,4,7,3,1,0,4,1,7,1.0,1,1,1,1,1.0,3,1,0,0,0,11,1,0,0,0
multitable_ecommerce_european_fashion,multitable_ecommerce_european_fashion,dataset_fashion_store_campaigns,campaign_name,varchar,7,7,0,0.0,1,2,1.0,1,0,0.2857142857142857,0,7,4,7,3,1,0,4,1,7,1.0,1,2,2,0,1.0,3,0,0,0,0,13,0,0,0,0
multitable_ecommerce_european_fashion,multitable_ecommerce_european_fashion,dataset_fashion_store_campaigns,start_date,date,7,7,0,0.0,1,3,1.0,1,0,0.4285714285714285,0,7,4,7,3,1,0,4,1,7,1.0,1,3,3,0,1.0,3,0,0,0,0,10,0,0,0,0
multitable_ecommerce_european_fashion,multitable_ecommerce_european_fashion,dataset_fashion_store_campaigns,end_date,date,7,7,0,0.0,1,4,1.0,1,0,0.5714285714285714,0,7,4,7,3,1,0,4,1,7,1.0,1,4,4,0,1.0,3,0,0,0,0,8,0,0,0,0
multitable_ecommerce_european_fashion,multitable_ecommerce_european_fashion,dataset_fashion_store_campaigns,channel,varchar,4,7,0,0.0,0,5,0.5714285714285714,1,0,0.7142857142857143,0,7,4,7,4,1,0,4,1,7,1.0,1,6,5,0,0.5714285714285714,4,0,0,0,0,7,0,0,0,0
multitable_ecommerce_european_fashion,multitable_ecommerce_european_fashion,dataset_fashion_store_campaigns,discount_type,varchar,2,7,0,0.0,0,6,0.2857142857142857,1,0,0.8571428571428571,0,7,4,7,4,1,0,4,1,7,1.0,1,7,6,0,0.2857142857142857,4,0,0,0,0,13,0,0,0,0
multitable_ecommerce_european_fashion,multitable_ecommerce_european_fashion,dataset_fashion_store_campaigns,discount_value,varchar,5,7,0,0.0,0,7,0.7142857142857143,1,0,1.0,0,7,4,7,4,1,0,4,1,7,1.0,1,5,7,0,0.7142857142857143,4,0,0,0,0,14,0,0,0,0
multitable_ecommerce_european_fashion,multitable_ecommerce_european_fashion,dataset_fashion_store_channels,channel,varchar,2,2,0,0.0,1,1,1.0,1,1,0.5,1,2,2,2,1,1,0,2,0,2,1.0,0,1,1,1,1.0,1,0,0,0,0,7,1,0,0,0
multitable_ecommerce_european_fashion,multitable_ecommerce_european_fashion,dataset_fashion_store_channels,description,varchar,2,2,0,0.0,1,2,1.0,1,0,1.0,0,2,2,2,1,1,0,2,0,2,1.0,0,2,2,0,1.0,1,0,0,0,0,11,0,0,0,0
multitable_ecommerce_european_fashion,multitable_ecommerce_european_fashion,dataset_fashion_store_customers,customer_id,bigint,1000,1000,0,0.0,1,1,1.0,1,1,0.25,1,4,1,1000,0,1,0,1,1,4,1.0,1,1,1,1,1.0,0,1,0,0,0,11,1,0,0,0
multitable_ecommerce_european_fashion,multitable_ecommerce_european_fashion,dataset_fashion_store_customers,country,varchar,6,1000,0,0.0,0,2,0.006,1,0,0.5,0,4,1,1000,1,1,0,1,1,4,1.0,1,3,2,0,0.006,1,0,0,0,0,7,0,0,0,0
multitable_ecommerce_european_fashion,multitable_ecommerce_european_fashion,dataset_fashion_store_customers,age_range,varchar,5,1000,0,0.0,0,3,0.005,1,0,0.75,0,4,1,1000,1,1,0,1,1,4,1.0,1,4,3,0,0.005,1,0,0,0,0,9,0,0,0,0
multitable_ecommerce_european_fashion,multitable_ecommerce_european_fashion,dataset_fashion_store_customers,signup_date,date,352,1000,0,0.0,0,4,0.352,1,0,1.0,0,4,1,1000,1,1,0,1,1,4,1.0,1,2,4,0,0.352,1,0,0,0,0,11,0,0,0,0
multitable_ecommerce_european_fashion,multitable_ecommerce_european_fashion,dataset_fashion_store_products,product_id,bigint,500,500,0,0.0,1,1,1.0,1,1,0.1111111111111111,1,9,2,500,1,1,0,2,1,9,1.0,1,1,1,1,1.0,1,1,0,0,0,10,1,0,0,0
multitable_ecommerce_european_fashion,multitable_ecommerce_european_fashion,dataset_fashion_store_products,product_name,varchar,500,500,0,0.0,1,2,1.0,1,0,0.2222222222222222,0,9,2,500,1,1,0,2,1,9,1.0,1,2,2,0,1.0,1,0,0,0,0,12,0,0,0,0
multitable_ecommerce_european_fashion,multitable_ecommerce_european_fashion,dataset_fashion_store_products,category,varchar,5,500,0,0.0,0,3,0.01,1,0,0.3333333333333333,0,9,2,500,2,1,0,2,1,9,1.0,1,6,3,0,0.01,2,0,0,0,0,8,0,0,0,0
multitable_ecommerce_european_fashion,multitable_ecommerce_european_fashion,dataset_fashion_store_products,brand,varchar,1,500,0,0.0,0,4,0.002,1,0,0.4444444444444444,0,9,2,500,2,1,0,2,1,9,1.0,1,8,4,0,0.002,2,0,0,0,0,5,0,0,0,0
multitable_ecommerce_european_fashion,multitable_ecommerce_european_fashion,dataset_fashion_store_products,color,varchar,5,500,0,0.0,0,5,0.01,1,0,0.5555555555555556,0,9,2,500,2,1,0,2,1,9,1.0,1,7,5,0,0.01,2,0,0,0,0,5,0,0,0,0
multitable_ecommerce_european_fashion,multitable_ecommerce_european_fashion,dataset_fashion_store_products,size,varchar,9,500,0,0.0,0,6,0.018,1,0,0.6666666666666666,0,9,2,500,2,1,0,2,1,9,1.0,1,5,6,0,0.018,2,0,0,0,0,4,0,0,0,0
multitable_ecommerce_european_fashion,multitable_ecommerce_european_fashion,dataset_fashion_store_products,catalog_price,double,475,500,0,0.0,0,7,0.95,1,0,0.7777777777777778,0,9,2,500,2,1,0,2,1,9,1.0,1,3,7,0,0.95,2,0,0,0,0,13,0,0,0,0
multitable_ecommerce_european_fashion,multitable_ecommerce_european_fashion,dataset_fashion_store_products,cost_price,double,456,500,0,0.0,0,8,0.912,1,0,0.8888888888888888,0,9,2,500,2,1,0,2,1,9,1.0,1,4,8,0,0.912,2,0,0,0,0,10,0,0,0,0
multitable_ecommerce_european_fashion,multitable_ecommerce_european_fashion,dataset_fashion_store_products,gender,varchar,1,500,0,0.0,0,9,0.002,1,0,1.0,0,9,2,500,2,1,0,2,1,9,1.0,1,9,9,0,0.002,2,0,0,0,0,6,0,0,0,0
multitable_ecommerce_european_fashion,multitable_ecommerce_european_fashion,dataset_fashion_store_sales,sale_id,bigint,905,905,0,0.0,1,1,1.0,1,1,0.1428571428571428,1,7,1,905,0,1,0,2,2,7,1.0,3,1,1,1,1.0,1,1,0,0,0,7,1,0,0,0
multitable_ecommerce_european_fashion,multitable_ecommerce_european_fashion,dataset_fashion_store_sales,channel,varchar,2,905,0,0.0,0,2,0.0022099447513812,1,0,0.2857142857142857,0,7,1,905,1,1,0,2,2,7,1.0,3,6,2,0,0.0022099447513812,2,0,0,0,0,7,0,0,0,0
multitable_ecommerce_european_fashion,multitable_ecommerce_european_fashion,dataset_fashion_store_sales,discounted,bigint,2,905,0,0.0,0,3,0.0022099447513812,1,0,0.4285714285714285,0,7,1,905,1,1,0,2,2,7,1.0,3,7,3,0,0.0022099447513812,2,0,0,0,0,10,0,0,0,0
multitable_ecommerce_european_fashion,multitable_ecommerce_european_fashion,dataset_fashion_store_sales,total_amount,double,898,905,0,0.0,0,4,0.9922651933701656,1,0,0.5714285714285714,0,7,1,905,1,1,0,2,2,7,1.0,3,2,4,0,0.9922651933701656,1,0,0,0,0,12,0,0,0,0
multitable_ecommerce_european_fashion,multitable_ecommerce_european_fashion,dataset_fashion_store_sales,sale_date,date,51,905,0,0.0,0,5,0.056353591160221,1,0,0.7142857142857143,0,7,1,905,1,1,0,2,2,7,1.0,3,4,5,0,0.056353591160221,2,0,0,0,0,9,0,0,0,0
multitable_ecommerce_european_fashion,multitable_ecommerce_european_fashion,dataset_fashion_store_sales,customer_id,bigint,580,905,0,0.0,0,6,0.6408839779005525,1,0,0.8571428571428571,0,7,1,905,1,1,0,2,2,7,1.0,3,3,6,0,0.6408839779005525,2,1,0,0,0,11,0,0,1,0
multitable_ecommerce_european_fashion,multitable_ecommerce_european_fashion,dataset_fashion_store_sales,country,varchar,6,905,0,0.0,0,7,0.0066298342541436,1,0,1.0,0,7,1,905,1,1,0,2,2,7,1.0,3,5,7,0,0.0066298342541436,2,0,0,0,0,7,0,0,0,0
multitable_ecommerce_european_fashion,multitable_ecommerce_european_fashion,dataset_fashion_store_salesitems,item_id,bigint,2253,2253,0,0.0,1,1,1.0,1,1,0.0769230769230769,1,13,1,2253,0,1,0,1,3,13,1.0,5,1,1,1,1.0,0,1,0,0,0,7,1,0,0,0
multitable_ecommerce_european_fashion,multitable_ecommerce_european_fashion,dataset_fashion_store_salesitems,sale_id,bigint,905,2253,0,0.0,0,2,0.4016866400355082,1,0,0.1538461538461538,0,13,1,2253,1,1,0,1,3,13,1.0,5,3,2,0,0.4016866400355082,1,1,0,0,0,7,0,0,1,0
multitable_ecommerce_european_fashion,multitable_ecommerce_european_fashion,dataset_fashion_store_salesitems,product_id,bigint,499,2253,0,0.0,0,3,0.2214824678206835,1,0,0.2307692307692307,0,13,1,2253,1,1,0,1,3,13,1.0,5,5,3,0,0.2214824678206835,1,1,0,0,0,10,0,0,1,0
multitable_ecommerce_european_fashion,multitable_ecommerce_european_fashion,dataset_fashion_store_salesitems,quantity,bigint,5,2253,0,0.0,0,4,0.002219263204616,1,0,0.3076923076923077,0,13,1,2253,1,1,0,1,3,13,1.0,5,9,4,0,0.002219263204616,1,0,0,0,0,8,0,0,0,0
multitable_ecommerce_european_fashion,multitable_ecommerce_european_fashion,dataset_fashion_store_salesitems,original_price,double,475,2253,0,0.0,0,5,0.2108300044385264,1,0,0.3846153846153846,0,13,1,2253,1,1,0,1,3,13,1.0,5,6,5,0,0.2108300044385264,1,0,0,0,0,14,0,0,0,0
multitable_ecommerce_european_fashion,multitable_ecommerce_european_fashion,dataset_fashion_store_salesitems,unit_price,double,638,2253,0,0.0,0,6,0.2831779849090102,1,0,0.4615384615384615,0,13,1,2253,1,1,0,1,3,13,1.0,5,4,6,0,0.2831779849090102,1,0,0,0,0,10,0,0,0,0
multitable_ecommerce_european_fashion,multitable_ecommerce_european_fashion,dataset_fashion_store_salesitems,discount_applied,double,182,2253,0,0.0,0,7,0.0807811806480248,1,0,0.5384615384615384,0,13,1,2253,1,1,0,1,3,13,1.0,5,7,7,0,0.0807811806480248,1,0,0,0,0,16,0,0,0,0
multitable_ecommerce_european_fashion,multitable_ecommerce_european_fashion,dataset_fashion_store_salesitems,discount_percent,varchar,3,2253,0,0.0,0,8,0.0013315579227696,1,0,0.6153846153846154,0,13,1,2253,1,1,0,1,3,13,1.0,5,11,8,0,0.0013315579227696,1,0,0,0,0,16,0,0,0,0
multitable_ecommerce_european_fashion,multitable_ecommerce_european_fashion,dataset_fashion_store_salesitems,discounted,bigint,2,2253,0,0.0,0,9,0.0008877052818464,1,0,0.6923076923076923,0,13,1,2253,1,1,0,1,3,13,1.0,5,12,9,0,0.0008877052818464,1,0,0,0,0,10,0,0,0,0
multitable_ecommerce_european_fashion,multitable_ecommerce_european_fashion,dataset_fashion_store_salesitems,item_total,double,1555,2253,0,0.0,0,10,0.690190856635597,1,0,0.7692307692307693,0,13,1,2253,1,1,0,1,3,13,1.0,5,2,10,0,0.690190856635597,1,0,0,0,0,10,0,0,0,0
multitable_ecommerce_european_fashion,multitable_ecommerce_european_fashion,dataset_fashion_store_salesitems,sale_date,date,51,2253,0,0.0,0,11,0.0226364846870838,1,0,0.8461538461538461,0,13,1,2253,1,1,0,1,3,13,1.0,5,8,11,0,0.0226364846870838,1,0,0,0,0,9,0,0,0,0
multitable_ecommerce_european_fashion,multitable_ecommerce_european_fashion,dataset_fashion_store_salesitems,channel,varchar,2,2253,0,0.0,0,12,0.0008877052818464,1,0,0.9230769230769232,0,13,1,2253,1,1,0,1,3,13,1.0,5,13,12,0,0.0008877052818464,1,0,0,0,0,7,0,0,0,0
multitable_ecommerce_european_fashion,multitable_ecommerce_european_fashion,dataset_fashion_store_salesitems,channel_campaigns,varchar,4,2253,0,0.0,0,13,0.0017754105636928,1,0,1.0,0,13,1,2253,1,1,0,1,3,13,1.0,5,10,13,0,0.0017754105636928,1,0,0,0,0,17,0,0,0,0
multitable_ecommerce_european_fashion,multitable_ecommerce_european_fashion,dataset_fashion_store_stock,country,varchar,2,1000,0,0.0,0,1,0.002,1,1,0.3333333333333333,0,3,0,1000,0,0,1,0,1,3,0.5,2,3,1,1,0.004,0,0,0,0,0,7,0,1,0,0
multitable_ecommerce_european_fashion,multitable_ecommerce_european_fashion,dataset_fashion_store_stock,product_id,bigint,500,1000,0,0.0,0,2,0.5,1,0,0.6666666666666666,0,3,0,1000,0,0,1,0,1,3,0.5,2,1,2,0,1.0,0,1,0,0,0,10,0,1,1,0
multitable_ecommerce_european_fashion,multitable_ecommerce_european_fashion,dataset_fashion_store_stock,stock_quantity,bigint,95,1000,0,0.0,0,3,0.095,1,0,1.0,0,3,0,1000,0,0,1,0,1,3,0.5,2,2,3,0,0.19,0,0,0,0,0,14,0,0,0,0
northwind,northwind,categories,categoryid,integer,8,8,0,0.0,1,1,1.0,1,1,0.3333333333333333,1,3,3,8,2,1,0,3,0,3,1.0,1,1,1,1,1.0,2,0,0,0,0,10,1,0,0,0
northwind,northwind,categories,categoryname,varchar,8,8,0,0.0,1,2,1.0,1,0,0.6666666666666666,0,3,3,8,2,1,0,3,0,3,1.0,1,2,2,0,1.0,2,0,0,0,0,12,0,0,0,0
northwind,northwind,categories,description,varchar,8,8,0,0.0,1,3,1.0,1,0,1.0,0,3,3,8,2,1,0,3,0,3,1.0,1,3,3,0,1.0,2,0,0,0,0,11,0,0,0,0
northwind,northwind,customers,customerid,integer,91,91,0,0.0,1,1,1.0,1,1,0.1428571428571428,1,7,4,91,3,1,0,4,0,7,1.0,1,1,1,1,1.0,3,0,0,0,0,10,1,0,0,0
northwind,northwind,customers,customername,varchar,91,91,0,0.0,1,2,1.0,1,0,0.2857142857142857,0,7,4,91,3,1,0,4,0,7,1.0,1,2,2,0,1.0,3,0,0,0,0,12,0,0,0,0
northwind,northwind,customers,contactname,varchar,91,91,0,0.0,1,3,1.0,1,0,0.4285714285714285,0,7,4,91,3,1,0,4,0,7,1.0,1,3,3,0,1.0,3,0,0,0,0,11,0,0,0,0
northwind,northwind,customers,address,varchar,91,91,0,0.0,1,4,1.0,1,0,0.5714285714285714,0,7,4,91,3,1,0,4,0,7,1.0,1,4,4,0,1.0,3,0,0,0,0,7,0,0,0,0
northwind,northwind,customers,city,varchar,69,91,0,0.0,0,5,0.7582417582417582,1,0,0.7142857142857143,0,7,4,91,4,1,0,4,0,7,1.0,1,6,5,0,0.7582417582417582,4,0,0,0,0,4,0,0,0,0
northwind,northwind,customers,postalcode,varchar,86,91,0,0.0,0,6,0.945054945054945,1,0,0.8571428571428571,0,7,4,91,4,1,0,4,0,7,1.0,1,5,6,0,0.945054945054945,4,0,0,0,0,10,0,0,0,0
northwind,northwind,customers,country,varchar,21,91,0,0.0,0,7,0.2307692307692307,1,0,1.0,0,7,4,91,4,1,0,4,0,7,1.0,1,7,7,0,0.2307692307692307,4,0,0,0,0,7,0,0,0,0
northwind,northwind,employees,employeeid,integer,10,10,0,0.0,1,1,1.0,1,1,0.1666666666666666,1,6,6,10,5,1,0,6,0,6,1.0,1,1,1,1,1.0,5,0,0,0,0,10,1,0,0,0
northwind,northwind,employees,lastname,varchar,10,10,0,0.0,1,2,1.0,1,0,0.3333333333333333,0,6,6,10,5,1,0,6,0,6,1.0,1,2,2,0,1.0,5,0,0,0,0,8,0,0,0,0
northwind,northwind,employees,firstname,varchar,10,10,0,0.0,1,3,1.0,1,0,0.5,0,6,6,10,5,1,0,6,0,6,1.0,1,3,3,0,1.0,5,0,0,0,0,9,0,0,0,0
northwind,northwind,employees,birthdate,date,10,10,0,0.0,1,4,1.0,1,0,0.6666666666666666,0,6,6,10,5,1,0,6,0,6,1.0,1,4,4,0,1.0,5,0,0,0,0,9,0,0,0,0
northwind,northwind,employees,photo,varchar,10,10,0,0.0,1,5,1.0,1,0,0.8333333333333334,0,6,6,10,5,1,0,6,0,6,1.0,1,5,5,0,1.0,5,0,0,0,0,5,0,0,0,0
northwind,northwind,employees,notes,varchar,10,10,0,0.0,1,6,1.0,1,0,1.0,0,6,6,10,5,1,0,6,0,6,1.0,1,6,6,0,1.0,5,0,0,0,0,5,0,0,0,0
northwind,northwind,orderdetails,orderdetailid,integer,518,518,0,0.0,1,1,1.0,1,1,0.25,1,4,1,518,0,1,0,1,0,4,1.0,4,1,1,1,1.0,0,0,0,0,0,13,1,0,0,0
northwind,northwind,orderdetails,orderid,integer,196,518,0,0.0,0,2,0.3783783783783784,1,0,0.5,0,4,1,518,1,1,0,1,0,4,1.0,4,2,2,0,0.3783783783783784,1,0,0,0,0,7,0,0,0,0
northwind,northwind,orderdetails,productid,integer,77,518,0,0.0,0,3,0.1486486486486486,1,0,0.75,0,4,1,518,1,1,0,1,0,4,1.0,4,3,3,0,0.1486486486486486,1,0,0,0,0,9,0,0,0,0
northwind,northwind,orderdetails,quantity,integer,43,518,0,0.0,0,4,0.083011583011583,1,0,1.0,0,4,1,518,1,1,0,1,0,4,1.0,4,4,4,0,0.083011583011583,1,0,0,0,0,8,0,0,0,0
northwind,northwind,orders,orderid,integer,196,196,0,0.0,1,1,1.0,1,1,0.25,1,4,1,196,0,1,0,1,0,4,1.0,4,1,1,1,1.0,0,0,0,0,0,7,1,0,0,0
northwind,northwind,orders,customerid,integer,74,196,0,0.0,0,2,0.3775510204081632,1,0,0.5,0,4,1,196,1,1,0,1,0,4,1.0,4,2,2,0,0.3775510204081632,1,0,0,0,0,10,0,0,1,0
northwind,northwind,orders,employeeid,integer,9,196,0,0.0,0,3,0.0459183673469387,1,0,0.75,0,4,1,196,1,1,0,1,0,4,1.0,4,3,3,0,0.0459183673469387,1,0,0,0,0,10,0,0,1,0
northwind,northwind,orders,shipperid,integer,3,196,0,0.0,0,4,0.0153061224489795,1,0,1.0,0,4,1,196,1,1,0,1,0,4,1.0,4,4,4,0,0.0153061224489795,1,0,0,0,0,9,0,0,1,0
northwind,northwind,products,productid,integer,77,77,0,0.0,1,1,1.0,1,1,0.1666666666666666,1,6,2,77,1,1,0,2,0,6,1.0,3,1,1,1,1.0,1,0,0,0,0,9,1,0,0,0
northwind,northwind,products,productname,varchar,77,77,0,0.0,1,2,1.0,1,0,0.3333333333333333,0,6,2,77,1,1,0,2,0,6,1.0,3,2,2,0,1.0,1,0,0,0,0,11,0,0,0,0
northwind,northwind,products,supplierid,integer,29,77,0,0.0,0,3,0.3766233766233766,1,0,0.5,0,6,2,77,2,1,0,2,0,6,1.0,3,5,3,0,0.3766233766233766,2,0,0,0,0,10,0,0,1,0
northwind,northwind,products,categoryid,integer,8,77,0,0.0,0,4,0.1038961038961039,1,0,0.6666666666666666,0,6,2,77,2,1,0,2,0,6,1.0,3,6,4,0,0.1038961038961039,2,0,0,0,0,10,0,0,1,0
northwind,northwind,products,unit,varchar,70,77,0,0.0,0,5,0.9090909090909092,1,0,0.8333333333333334,0,6,2,77,2,1,0,2,0,6,1.0,3,3,5,0,0.9090909090909092,2,0,0,0,0,4,0,0,0,0
northwind,northwind,products,price,decimal,62,77,0,0.0,0,6,0.8051948051948052,1,0,1.0,0,6,2,77,2,1,0,2,0,6,1.0,3,4,6,0,0.8051948051948052,2,0,0,0,0,5,0,0,0,0
northwind,northwind,shippers,shipperid,integer,3,3,0,0.0,1,1,1.0,1,1,0.3333333333333333,1,3,3,3,2,1,0,3,0,3,1.0,1,1,1,1,1.0,2,0,0,0,0,9,1,0,0,0
northwind,northwind,shippers,shippername,varchar,3,3,0,0.0,1,2,1.0,1,0,0.6666666666666666,0,3,3,3,2,1,0,3,0,3,1.0,1,2,2,0,1.0,2,0,0,0,0,11,0,0,0,0
northwind,northwind,shippers,phone,varchar,3,3,0,0.0,1,3,1.0,1,0,1.0,0,3,3,3,2,1,0,3,0,3,1.0,1,3,3,0,1.0,2,0,0,0,0,5,0,0,0,0
northwind,northwind,suppliers,supplierid,integer,29,29,0,0.0,1,1,1.0,1,1,0.125,1,8,7,29,6,1,0,7,0,8,1.0,1,1,1,1,1.0,6,0,0,0,0,10,1,0,0,0
northwind,northwind,suppliers,suppliername,varchar,29,29,0,0.0,1,2,1.0,1,0,0.25,0,8,7,29,6,1,0,7,0,8,1.0,1,2,2,0,1.0,6,0,0,0,0,12,0,0,0,0
northwind,northwind,suppliers,contactname,varchar,29,29,0,0.0,1,3,1.0,1,0,0.375,0,8,7,29,6,1,0,7,0,8,1.0,1,3,3,0,1.0,6,0,0,0,0,11,0,0,0,0
northwind,northwind,suppliers,address,varchar,29,29,0,0.0,1,4,1.0,1,0,0.5,0,8,7,29,6,1,0,7,0,8,1.0,1,4,4,0,1.0,6,0,0,0,0,7,0,0,0,0
northwind,northwind,suppliers,city,varchar,29,29,0,0.0,1,5,1.0,1,0,0.625,0,8,7,29,6,1,0,7,0,8,1.0,1,5,5,0,1.0,6,0,0,0,0,4,0,0,0,0
northwind,northwind,suppliers,postalcode,varchar,29,29,0,0.0,1,6,1.0,1,0,0.75,0,8,7,29,6,1,0,7,0,8,1.0,1,6,6,0,1.0,6,0,0,0,0,10,0,0,0,0
northwind,northwind,suppliers,country,varchar,16,29,0,0.0,0,7,0.5517241379310345,1,0,0.875,0,8,7,29,7,1,0,7,0,8,1.0,1,8,7,0,0.5517241379310345,7,0,0,0,0,7,0,0,0,0
northwind,northwind,suppliers,phone,varchar,29,29,0,0.0,1,8,1.0,1,0,1.0,0,8,7,29,6,1,0,7,0,8,1.0,1,7,8,0,1.0,6,0,0,0,0,5,0,0,0,0
petsowners,petsowners,owners,ownerid,bigint,89,89,0,0.0,1,1,1.0,1,1,0.125,1,8,3,89,2,1,0,3,0,8,1.0,2,1,1,1,1.0,2,0,0,0,0,7,1,0,0,0
petsowners,petsowners,owners,name,varchar,75,89,0,0.0,0,2,0.8426966292134831,1,0,0.25,0,8,3,89,3,1,0,3,0,8,1.0,2,4,2,0,0.8426966292134831,3,0,0,0,0,4,0,0,0,0
petsowners,petsowners,owners,surname,varchar,89,89,0,0.0,1,3,1.0,1,0,0.375,0,8,3,89,2,1,0,3,0,8,1.0,2,2,3,0,1.0,2,0,0,0,0,7,0,0,0,0
petsowners,petsowners,owners,streetaddress,varchar,89,89,0,0.0,1,4,1.0,1,0,0.5,0,8,3,89,2,1,0,3,0,8,1.0,2,3,4,0,1.0,2,0,0,0,0,13,0,0,0,0
petsowners,petsowners,owners,city,varchar,40,89,0,0.0,0,5,0.449438202247191,1,0,0.625,0,8,3,89,3,1,0,3,0,8,1.0,2,6,5,0,0.449438202247191,3,0,0,0,0,4,0,0,0,0
petsowners,petsowners,owners,state,varchar,1,89,0,0.0,0,6,0.0112359550561797,1,0,0.75,0,8,3,89,3,1,0,3,0,8,1.0,2,7,6,0,0.0112359550561797,3,0,0,0,0,5,0,0,0,0
petsowners,petsowners,owners,statefull,varchar,1,89,0,0.0,0,7,0.0112359550561797,1,0,0.875,0,8,3,89,3,1,0,3,0,8,1.0,2,8,7,0,0.0112359550561797,3,0,0,0,0,9,0,0,0,0
petsowners,petsowners,owners,zipcode,bigint,46,89,0,0.0,0,8,0.5168539325842697,1,0,1.0,0,8,3,89,3,1,0,3,0,8,1.0,2,5,8,0,0.5168539325842697,3,0,0,0,0,7,0,0,0,0
petsowners,petsowners,pets,petid,varchar,100,100,0,0.0,1,1,1.0,1,1,0.1666666666666666,1,6,1,100,0,1,0,1,0,6,1.0,2,1,1,1,1.0,0,0,0,0,0,5,1,0,0,0
petsowners,petsowners,pets,name,varchar,53,100,0,0.0,0,2,0.53,1,0,0.3333333333333333,0,6,1,100,1,1,0,1,0,6,1.0,2,3,2,0,0.53,1,0,0,0,0,4,0,0,0,0
petsowners,petsowners,pets,kind,varchar,3,100,0,0.0,0,3,0.03,1,0,0.5,0,6,1,100,1,1,0,1,0,6,1.0,2,5,3,0,0.03,1,0,0,0,0,4,0,0,0,0
petsowners,petsowners,pets,gender,varchar,2,100,0,0.0,0,4,0.02,1,0,0.6666666666666666,0,6,1,100,1,1,0,1,0,6,1.0,2,6,4,0,0.02,1,0,0,0,0,6,0,0,0,0
petsowners,petsowners,pets,age,bigint,16,100,0,0.0,0,5,0.16,1,0,0.8333333333333334,0,6,1,100,1,1,0,1,0,6,1.0,2,4,5,0,0.16,1,0,0,0,0,3,0,0,0,0
petsowners,petsowners,pets,ownerid,bigint,89,100,0,0.0,0,6,0.89,1,0,1.0,0,6,1,100,1,1,0,1,0,6,1.0,2,2,6,0,0.89,1,0,0,0,0,7,0,0,1,0
petsowners,petsowners,proceduredetails,proceduretype,varchar,6,41,0,0.0,0,1,0.1463414634146341,1,1,0.25,0,4,1,41,1,1,0,1,0,4,1.0,1,4,1,1,0.1463414634146341,1,0,0,0,0,13,0,1,0,0
petsowners,petsowners,proceduredetails,proceduresubcode,varchar,19,41,0,0.0,0,2,0.4634146341463415,1,0,0.5,0,4,1,41,1,1,0,1,0,4,1.0,1,3,2,0,0.4634146341463415,1,0,0,0,0,16,0,1,0,0
petsowners,petsowners,proceduredetails,description,varchar,41,41,0,0.0,1,3,1.0,1,0,0.75,1,4,1,41,0,1,0,1,0,4,1.0,1,1,3,0,1.0,0,0,0,0,0,11,0,0,0,0
petsowners,petsowners,proceduredetails,price,bigint,31,41,0,0.0,0,4,0.7560975609756098,1,0,1.0,0,4,1,41,1,1,0,1,0,4,1.0,1,2,4,0,0.7560975609756098,1,0,0,0,0,5,0,0,0,0
petsowners,petsowners,procedurehistory,petid,varchar,2261,2284,0,0.0,0,1,0.9899299474605956,1,1,0.25,0,4,0,2284,0,0,1,1,0,4,0.9899299474605956,0,1,1,1,1.0,0,0,0,0,0,5,0,1,1,0
petsowners,petsowners,procedurehistory,proceduredate,date,356,2284,0,0.0,0,2,0.1558669001751313,1,0,0.5,0,4,0,2284,0,0,1,1,0,4,0.9899299474605956,0,2,2,0,0.1574524546660769,1,0,0,0,0,13,0,1,0,0
petsowners,petsowners,procedurehistory,proceduretype,varchar,6,2284,0,0.0,0,3,0.0026269702276707,1,0,0.75,0,4,0,2284,0,0,1,1,0,4,0.9899299474605956,0,4,3,0,0.0026536930561698,1,0,0,0,0,13,0,1,1,0
petsowners,petsowners,procedurehistory,proceduresubcode,varchar,19,2284,0,0.0,0,4,0.0083187390542907,1,0,1.0,0,4,0,2284,0,0,1,1,0,4,0.9899299474605956,0,3,4,0,0.0084033613445378,1,0,0,0,0,16,0,0,1,0
solstice_residential_energy_pack_sample,solstice_residential_energy_pack_sample,battery_systems,battery_id,varchar,327,327,0,0.0,1,1,1.0,1,1,0.1111111111111111,1,9,2,327,1,1,0,2,2,9,1.0,1,1,1,1,1.0,1,1,0,0,0,10,1,0,0,0
solstice_residential_energy_pack_sample,solstice_residential_energy_pack_sample,battery_systems,household_id,varchar,327,327,0,0.0,1,2,1.0,1,0,0.2222222222222222,0,9,2,327,1,1,0,2,2,9,1.0,1,2,2,0,1.0,1,1,0,0,0,12,0,0,1,0
solstice_residential_energy_pack_sample,solstice_residential_energy_pack_sample,battery_systems,usable_kwh,double,4,327,0,0.0,0,3,0.0122324159021406,1,0,0.3333333333333333,0,9,2,327,2,1,0,2,2,9,1.0,1,7,3,0,0.0122324159021406,2,0,0,0,0,10,0,0,0,0
solstice_residential_energy_pack_sample,solstice_residential_energy_pack_sample,battery_systems,power_kw,double,56,327,0,0.0,0,4,0.1712538226299694,1,0,0.4444444444444444,0,9,2,327,2,1,0,2,2,9,1.0,1,4,4,0,0.1712538226299694,2,0,0,0,0,8,0,0,0,0
solstice_residential_energy_pack_sample,solstice_residential_energy_pack_sample,battery_systems,chemistry,varchar,2,327,0,0.0,0,5,0.0061162079510703,1,0,0.5555555555555556,0,9,2,327,2,1,0,2,2,9,1.0,1,8,5,0,0.0061162079510703,2,0,0,0,0,9,0,0,0,0
solstice_residential_energy_pack_sample,solstice_residential_energy_pack_sample,battery_systems,reserve_setting_pct,double,28,327,0,0.0,0,6,0.0856269113149847,1,0,0.6666666666666666,0,9,2,327,2,1,0,2,2,9,1.0,1,5,6,0,0.0856269113149847,2,0,0,0,0,19,0,0,0,0
solstice_residential_energy_pack_sample,solstice_residential_energy_pack_sample,battery_systems,vpp_enabled_flag,boolean,2,327,0,0.0,0,7,0.0061162079510703,1,0,0.7777777777777778,0,9,2,327,2,1,0,2,2,9,1.0,1,9,7,0,0.0061162079510703,2,0,0,0,0,16,0,0,0,0
solstice_residential_energy_pack_sample,solstice_residential_energy_pack_sample,battery_systems,install_date,date,164,327,0,0.0,0,8,0.5015290519877675,1,0,0.8888888888888888,0,9,2,327,2,1,0,2,2,9,1.0,1,3,8,0,0.5015290519877675,2,0,0,0,0,12,0,0,0,0
solstice_residential_energy_pack_sample,solstice_residential_energy_pack_sample,battery_systems,replacement_due_year,bigint,7,327,0,0.0,0,9,0.0214067278287461,1,0,1.0,0,9,2,327,2,1,0,2,2,9,1.0,1,6,9,0,0.0214067278287461,2,0,0,0,0,20,0,0,0,0
solstice_residential_energy_pack_sample,solstice_residential_energy_pack_sample,billing_and_savings,billing_month,varchar,6,3000,0,0.0,0,1,0.002,1,1,0.1111111111111111,0,9,0,3000,0,0,1,0,2,9,0.9466666666666668,0,9,1,1,0.002112676056338,0,0,0,0,0,13,0,1,0,0
solstice_residential_energy_pack_sample,solstice_residential_energy_pack_sample,billing_and_savings,household_id,varchar,500,3000,0,0.0,0,2,0.1666666666666666,1,0,0.2222222222222222,0,9,0,3000,0,0,1,0,2,9,0.9466666666666668,0,7,2,0,0.176056338028169,0,1,0,0,0,12,0,1,1,0
solstice_residential_energy_pack_sample,solstice_residential_energy_pack_sample,billing_and_savings,contract_id,varchar,500,3000,0,0.0,0,3,0.1666666666666666,1,0,0.3333333333333333,0,9,0,3000,0,0,1,0,2,9,0.9466666666666668,0,8,3,0,0.176056338028169,0,1,0,0,0,11,0,0,1,0
solstice_residential_energy_pack_sample,solstice_residential_energy_pack_sample,billing_and_savings,utility_bill_without_system_usd,double,2813,3000,0,0.0,0,4,0.9376666666666666,1,0,0.4444444444444444,0,9,0,3000,0,0,1,0,2,9,0.9466666666666668,0,2,4,0,0.9904929577464788,0,0,0,0,0,31,0,0,0,0
solstice_residential_energy_pack_sample,solstice_residential_energy_pack_sample,billing_and_savings,utility_bill_with_system_usd,double,2059,3000,0,0.0,0,5,0.6863333333333334,1,0,0.5555555555555556,0,9,0,3000,0,0,1,0,2,9,0.9466666666666668,0,4,5,0,0.725,0,0,0,0,0,28,0,0,0,0
solstice_residential_energy_pack_sample,solstice_residential_energy_pack_sample,billing_and_savings,subscription_payment_usd,double,1032,3000,0,0.0,0,6,0.344,1,0,0.6666666666666666,0,9,0,3000,0,0,1,0,2,9,0.9466666666666668,0,5,6,0,0.3633802816901408,0,0,0,0,0,24,0,0,0,0
solstice_residential_energy_pack_sample,solstice_residential_energy_pack_sample,billing_and_savings,vpp_credits_usd,double,701,3000,0,0.0,0,7,0.2336666666666666,1,0,0.7777777777777778,0,9,0,3000,0,0,1,0,2,9,0.9466666666666668,0,6,7,0,0.2468309859154929,0,0,0,0,0,15,0,0,0,0
solstice_residential_energy_pack_sample,solstice_residential_energy_pack_sample,billing_and_savings,net_customer_value_usd,double,2840,3000,0,0.0,0,8,0.9466666666666668,1,0,0.8888888888888888,0,9,0,3000,0,0,1,0,2,9,0.9466666666666668,0,1,8,0,1.0,0,0,0,0,0,22,0,0,0,0
solstice_residential_energy_pack_sample,solstice_residential_energy_pack_sample,billing_and_savings,overage_kwh,double,2507,3000,0,0.0,0,9,0.8356666666666667,1,0,1.0,0,9,0,3000,0,0,1,0,2,9,0.9466666666666668,0,3,9,0,0.8827464788732394,0,0,0,0,0,11,0,0,0,0
solstice_residential_energy_pack_sample,solstice_residential_energy_pack_sample,channel_attribution,household_id,varchar,500,500,0,0.0,1,1,1.0,1,1,0.1666666666666666,1,6,1,500,0,1,0,2,1,6,1.0,1,1,1,1,1.0,1,1,0,0,0,12,1,0,1,0
solstice_residential_energy_pack_sample,solstice_residential_energy_pack_sample,channel_attribution,channel,varchar,5,500,0,0.0,0,2,0.01,1,0,0.3333333333333333,0,6,1,500,1,1,0,2,1,6,1.0,1,4,2,0,0.01,2,0,0,0,0,7,0,0,0,0
solstice_residential_energy_pack_sample,solstice_residential_energy_pack_sample,channel_attribution,campaign_type,varchar,5,500,0,0.0,0,3,0.01,1,0,0.5,0,6,1,500,1,1,0,2,1,6,1.0,1,5,3,0,0.01,2,0,0,0,0,13,0,0,0,0
solstice_residential_energy_pack_sample,solstice_residential_energy_pack_sample,channel_attribution,cac_usd,double,499,500,0,0.0,0,4,0.998,1,0,0.6666666666666666,0,6,1,500,1,1,0,2,1,6,1.0,1,2,4,0,0.998,1,0,0,0,0,7,0,0,0,0
solstice_residential_energy_pack_sample,solstice_residential_energy_pack_sample,channel_attribution,conversion_days,bigint,73,500,0,0.0,0,5,0.146,1,0,0.8333333333333334,0,6,1,500,1,1,0,2,1,6,1.0,1,3,5,0,0.146,2,0,0,0,0,15,0,0,0,0
solstice_residential_energy_pack_sample,solstice_residential_energy_pack_sample,channel_attribution,sales_motion,varchar,4,500,0,0.0,0,6,0.008,1,0,1.0,0,6,1,500,1,1,0,2,1,6,1.0,1,6,6,0,0.008,2,0,0,0,0,12,0,0,0,0
solstice_residential_energy_pack_sample,solstice_residential_energy_pack_sample,daily_generation_consumption,date,date,180,90000,0,0.0,0,1,0.002,1,1,0.0833333333333333,0,12,0,90000,0,0,1,0,1,12,0.0621444444444444,0,11,1,1,0.0321830860003575,0,0,0,0,0,4,0,1,0,0
solstice_residential_energy_pack_sample,solstice_residential_energy_pack_sample,daily_generation_consumption,household_id,varchar,500,90000,0,0.0,0,2,0.0055555555555555,1,0,0.1666666666666666,0,12,0,90000,0,0,1,0,1,12,0.0621444444444444,0,10,2,0,0.0893974611121044,0,1,0,0,0,12,0,1,1,0
solstice_residential_energy_pack_sample,solstice_residential_energy_pack_sample,daily_generation_consumption,solar_generation_kwh,double,5593,90000,0,0.0,0,3,0.0621444444444444,1,0,0.25,0,12,0,90000,0,0,1,0,1,12,0.0621444444444444,0,1,3,0,1.0,0,0,0,0,0,20,0,0,0,0
solstice_residential_energy_pack_sample,solstice_residential_energy_pack_sample,daily_generation_consumption,home_load_kwh,double,3536,90000,0,0.0,0,4,0.0392888888888888,1,0,0.3333333333333333,0,12,0,90000,0,0,1,0,1,12,0.0621444444444444,0,2,4,0,0.6322188449848024,0,0,0,0,0,13,0,0,0,0
solstice_residential_energy_pack_sample,solstice_residential_energy_pack_sample,daily_generation_consumption,grid_import_kwh,double,2248,90000,0,0.0,0,5,0.0249777777777777,1,0,0.4166666666666667,0,12,0,90000,0,0,1,0,1,12,0.0621444444444444,0,4,5,0,0.4019309851600214,0,0,0,0,0,15,0,0,0,0
solstice_residential_energy_pack_sample,solstice_residential_energy_pack_sample,daily_generation_consumption,grid_export_kwh,double,3215,90000,0,0.0,0,6,0.0357222222222222,1,0,0.5,0,12,0,90000,0,0,1,0,1,12,0.0621444444444444,0,3,6,0,0.5748256749508314,0,0,0,0,0,15,0,0,0,0
solstice_residential_energy_pack_sample,solstice_residential_energy_pack_sample,daily_generation_consumption,battery_charge_kwh,double,1432,90000,0,0.0,0,7,0.0159111111111111,1,0,0.5833333333333334,0,12,0,90000,0,0,1,0,1,12,0.0621444444444444,0,7,7,0,0.256034328625067,0,0,0,0,0,18,0,0,0,0
solstice_residential_energy_pack_sample,solstice_residential_energy_pack_sample,daily_generation_consumption,battery_discharge_kwh,double,1383,90000,0,0.0,0,8,0.0153666666666666,1,0,0.6666666666666666,0,12,0,90000,0,0,1,0,1,12,0.0621444444444444,0,8,8,0,0.2472733774360808,0,0,0,0,0,21,0,0,0,0
solstice_residential_energy_pack_sample,solstice_residential_energy_pack_sample,daily_generation_consumption,state_of_charge_end_pct,double,87,90000,0,0.0,0,9,0.0009666666666666,1,0,0.75,0,12,0,90000,0,0,1,0,1,12,0.0621444444444444,0,12,9,0,0.0155551582335061,0,0,0,0,0,23,0,0,0,0
solstice_residential_energy_pack_sample,solstice_residential_energy_pack_sample,daily_generation_consumption,bill_without_system_usd,double,1707,90000,0,0.0,0,10,0.0189666666666666,1,0,0.8333333333333334,0,12,0,90000,0,0,1,0,1,12,0.0621444444444444,0,5,10,0,0.3052029322367244,0,0,0,0,0,23,0,0,0,0
solstice_residential_energy_pack_sample,solstice_residential_energy_pack_sample,daily_generation_consumption,bill_with_system_usd,double,536,90000,0,0.0,0,11,0.0059555555555555,1,0,0.9166666666666666,0,12,0,90000,0,0,1,0,1,12,0.0621444444444444,0,9,11,0,0.0958340783121759,0,0,0,0,0,20,0,0,0,0
solstice_residential_energy_pack_sample,solstice_residential_energy_pack_sample,daily_generation_consumption,customer_savings_usd,double,1667,90000,0,0.0,0,12,0.0185222222222222,1,0,1.0,0,12,0,90000,0,0,1,0,1,12,0.0621444444444444,0,6,12,0,0.298051135347756,0,0,0,0,0,20,0,0,0,0
solstice_residential_energy_pack_sample,solstice_residential_energy_pack_sample,dashboard_suggestions,dashboard_name,varchar,3,3,0,0.0,1,1,1.0,1,1,0.1428571428571428,1,7,5,3,4,1,0,5,0,7,1.0,0,1,1,1,1.0,4,0,0,0,0,14,1,0,0,0
solstice_residential_energy_pack_sample,solstice_residential_energy_pack_sample,dashboard_suggestions,chart_name,varchar,3,3,0,0.0,1,2,1.0,1,0,0.2857142857142857,0,7,5,3,4,1,0,5,0,7,1.0,0,2,2,0,1.0,4,0,0,0,0,10,0,0,0,0
solstice_residential_energy_pack_sample,solstice_residential_energy_pack_sample,dashboard_suggestions,chart_type,varchar,2,3,0,0.0,0,3,0.6666666666666666,1,0,0.4285714285714285,0,7,5,3,5,1,0,5,0,7,1.0,0,6,3,0,0.6666666666666666,5,0,0,0,0,10,0,0,0,0
solstice_residential_energy_pack_sample,solstice_residential_energy_pack_sample,dashboard_suggestions,primary_table,varchar,2,3,0,0.0,0,4,0.6666666666666666,1,0,0.5714285714285714,0,7,5,3,5,1,0,5,0,7,1.0,0,7,4,0,0.6666666666666666,5,0,0,0,0,13,0,0,0,0
solstice_residential_energy_pack_sample,solstice_residential_energy_pack_sample,dashboard_suggestions,x_axis,varchar,3,3,0,0.0,1,5,1.0,1,0,0.7142857142857143,0,7,5,3,4,1,0,5,0,7,1.0,0,3,5,0,1.0,4,0,0,0,0,6,0,0,0,0
solstice_residential_energy_pack_sample,solstice_residential_energy_pack_sample,dashboard_suggestions,y_axis,varchar,3,3,0,0.0,1,6,1.0,1,0,0.8571428571428571,0,7,5,3,4,1,0,5,0,7,1.0,0,4,6,0,1.0,4,0,0,0,0,6,0,0,0,0
solstice_residential_energy_pack_sample,solstice_residential_energy_pack_sample,dashboard_suggestions,filter_suggestion,varchar,3,3,0,0.0,1,7,1.0,1,0,1.0,0,7,5,3,4,1,0,5,0,7,1.0,0,5,7,0,1.0,4,0,0,0,0,17,0,0,0,0
solstice_residential_energy_pack_sample,solstice_residential_energy_pack_sample,dispatch_events,dispatch_event_id,varchar,5819,5819,0,0.0,1,1,1.0,1,1,0.0833333333333333,1,12,1,5819,0,1,0,1,3,11,1.0,1,1,1,1,1.0,0,1,0,0,1,17,1,0,0,0
solstice_residential_energy_pack_sample,solstice_residential_energy_pack_sample,dispatch_events,date,date,180,5819,0,0.0,0,2,0.0309331500257776,1,0,0.1666666666666666,0,12,1,5819,1,1,0,1,3,11,1.0,1,7,2,0,0.0309331500257776,1,0,0,0,0,4,0,0,0,0
solstice_residential_energy_pack_sample,solstice_residential_energy_pack_sample,dispatch_events,household_id,varchar,229,5819,0,0.0,0,3,0.0393538408661282,1,0,0.25,0,12,1,5819,1,1,0,1,3,11,1.0,1,6,3,0,0.0393538408661282,1,1,0,0,0,12,0,0,1,0
solstice_residential_energy_pack_sample,solstice_residential_energy_pack_sample,dispatch_events,program_id,varchar,4,5819,0,0.0,0,4,0.0006874033339061,1,0,0.3333333333333333,0,12,1,5819,1,1,0,1,3,11,1.0,1,8,4,0,0.0006874033339061,1,1,0,0,0,10,0,0,1,0
solstice_residential_energy_pack_sample,solstice_residential_energy_pack_sample,dispatch_events,dispatch_type,varchar,4,5819,0,0.0,0,5,0.0006874033339061,1,0,0.4166666666666667,0,12,1,5819,1,1,0,1,3,11,1.0,1,9,5,0,0.0006874033339061,1,0,0,0,0,13,0,0,0,0
solstice_residential_energy_pack_sample,solstice_residential_energy_pack_sample,dispatch_events,requested_kwh,double,601,5819,0,0.0,0,6,0.1032823509194019,1,0,0.5,0,12,1,5819,1,1,0,1,3,11,1.0,1,3,6,0,0.1032823509194019,1,0,0,0,0,13,0,0,0,0
solstice_residential_energy_pack_sample,solstice_residential_energy_pack_sample,dispatch_events,delivered_kwh,double,611,5819,0,0.0,0,7,0.1050008592541673,1,0,0.5833333333333334,0,12,1,5819,1,1,0,1,3,11,1.0,1,2,7,0,0.1050008592541673,1,0,0,0,0,13,0,0,0,0
solstice_residential_energy_pack_sample,solstice_residential_energy_pack_sample,dispatch_events,duration_minutes,bigint,4,5819,0,0.0,0,8,0.0006874033339061,1,0,0.6666666666666666,0,12,1,5819,1,1,0,1,3,11,1.0,1,10,8,0,0.0006874033339061,1,0,0,0,0,16,0,0,0,0
solstice_residential_energy_pack_sample,solstice_residential_energy_pack_sample,dispatch_events,participated_flag,boolean,2,5819,0,0.0,0,9,0.000343701666953,1,0,0.75,0,12,1,5819,1,1,0,1,3,11,1.0,1,12,9,0,0.000343701666953,1,0,0,0,0,17,0,0,0,0
solstice_residential_energy_pack_sample,solstice_residential_energy_pack_sample,dispatch_events,non_participation_reason,varchar,4,5819,4513,0.7755628114796357,0,10,0.0006874033339061,0,0,0.8333333333333334,0,12,1,5819,1,1,0,1,3,11,1.0,1,11,12,0,0.0006874033339061,1,0,0,0,0,24,0,0,0,0
solstice_residential_energy_pack_sample,solstice_residential_energy_pack_sample,dispatch_events,customer_incentive_usd,double,303,5819,0,0.0,0,11,0.0520708025433923,1,0,0.9166666666666666,0,12,1,5819,1,1,0,1,3,11,1.0,1,5,10,0,0.0520708025433923,1,0,0,0,0,22,0,0,0,0
solstice_residential_energy_pack_sample,solstice_residential_energy_pack_sample,dispatch_events,grid_value_usd,double,526,5819,0,0.0,0,12,0.0903935384086612,1,0,1.0,0,12,1,5819,1,1,0,1,3,11,1.0,1,4,11,0,0.0903935384086612,1,0,0,0,0,14,0,0,0,0
solstice_residential_energy_pack_sample,solstice_residential_energy_pack_sample,households,household_id,varchar,500,500,0,0.0,1,1,1.0,1,1,0.1,1,10,1,500,0,1,0,1,1,10,1.0,0,1,1,1,1.0,0,1,0,0,1,12,1,0,0,0
solstice_residential_energy_pack_sample,solstice_residential_energy_pack_sample,households,state,varchar,6,500,0,0.0,0,2,0.012,1,0,0.2,0,10,1,500,1,1,0,1,1,10,1.0,0,3,2,0,0.012,1,0,0,0,0,5,0,0,0,0
solstice_residential_energy_pack_sample,solstice_residential_energy_pack_sample,households,utility_territory,varchar,10,500,0,0.0,0,3,0.02,1,0,0.3,0,10,1,500,1,1,0,1,1,10,1.0,0,2,3,0,0.02,1,0,0,0,0,17,0,0,1,0
solstice_residential_energy_pack_sample,solstice_residential_energy_pack_sample,households,climate_zone,varchar,4,500,0,0.0,0,4,0.008,1,0,0.4,0,10,1,500,1,1,0,1,1,10,1.0,0,4,4,0,0.008,1,0,0,0,0,12,0,0,0,0
solstice_residential_energy_pack_sample,solstice_residential_energy_pack_sample,households,home_type,varchar,3,500,0,0.0,0,5,0.006,1,0,0.5,0,10,1,500,1,1,0,1,1,10,1.0,0,8,5,0,0.006,1,0,0,0,0,9,0,0,0,0
solstice_residential_energy_pack_sample,solstice_residential_energy_pack_sample,households,roof_profile,varchar,4,500,0,0.0,0,6,0.008,1,0,0.6,0,10,1,500,1,1,0,1,1,10,1.0,0,5,6,0,0.008,1,0,0,0,0,12,0,0,0,0
solstice_residential_energy_pack_sample,solstice_residential_energy_pack_sample,households,income_band,varchar,4,500,0,0.0,0,7,0.008,1,0,0.7,0,10,1,500,1,1,0,1,1,10,1.0,0,6,7,0,0.008,1,0,0,0,0,11,0,0,0,0
solstice_residential_energy_pack_sample,solstice_residential_energy_pack_sample,households,ev_owner_flag,boolean,2,500,0,0.0,0,8,0.004,1,0,0.8,0,10,1,500,1,1,0,1,1,10,1.0,0,10,8,0,0.004,1,0,0,0,0,13,0,0,0,0
solstice_residential_energy_pack_sample,solstice_residential_energy_pack_sample,households,electrification_profile,varchar,4,500,0,0.0,0,9,0.008,1,0,0.9,0,10,1,500,1,1,0,1,1,10,1.0,0,7,9,0,0.008,1,0,0,0,0,23,0,0,0,0
solstice_residential_energy_pack_sample,solstice_residential_energy_pack_sample,households,outage_risk_band,varchar,3,500,0,0.0,0,10,0.006,1,0,1.0,0,10,1,500,1,1,0,1,1,10,1.0,0,9,10,0,0.006,1,0,0,0,0,16,0,0,0,0
solstice_residential_energy_pack_sample,solstice_residential_energy_pack_sample,installation_pipeline,project_id,varchar,500,500,0,0.0,1,1,1.0,1,1,0.0909090909090909,1,11,2,500,1,1,0,2,2,10,1.0,1,1,1,1,1.0,1,1,0,0,0,10,1,0,0,0
solstice_residential_energy_pack_sample,solstice_residential_energy_pack_sample,installation_pipeline,household_id,varchar,500,500,0,0.0,1,2,1.0,1,0,0.1818181818181818,0,11,2,500,1,1,0,2,2,10,1.0,1,2,2,0,1.0,1,1,0,0,0,12,0,0,1,0
solstice_residential_energy_pack_sample,solstice_residential_energy_pack_sample,installation_pipeline,lead_source,varchar,5,500,0,0.0,0,3,0.01,1,0,0.2727272727272727,0,11,2,500,2,1,0,2,2,10,1.0,1,8,3,0,0.01,2,0,0,0,0,11,0,0,0,0
solstice_residential_energy_pack_sample,solstice_residential_energy_pack_sample,installation_pipeline,signed_date,date,173,500,0,0.0,0,4,0.346,1,0,0.3636363636363636,0,11,2,500,2,1,0,2,2,10,1.0,1,6,4,0,0.346,2,0,0,0,0,11,0,0,0,0
solstice_residential_energy_pack_sample,solstice_residential_energy_pack_sample,installation_pipeline,permit_ready_date,date,181,500,0,0.0,0,5,0.362,1,0,0.4545454545454545,0,11,2,500,2,1,0,2,2,10,1.0,1,5,5,0,0.362,2,0,0,0,0,17,0,0,0,0
solstice_residential_energy_pack_sample,solstice_residential_energy_pack_sample,installation_pipeline,install_date,date,185,500,0,0.0,0,6,0.37,1,0,0.5454545454545454,0,11,2,500,2,1,0,2,2,10,1.0,1,3,6,0,0.37,2,0,0,0,0,12,0,0,0,0
solstice_residential_energy_pack_sample,solstice_residential_energy_pack_sample,installation_pipeline,pto_date,date,183,500,0,0.0,0,7,0.366,1,0,0.6363636363636364,0,11,2,500,2,1,0,2,2,10,1.0,1,4,7,0,0.366,2,0,0,0,0,8,0,0,0,0
solstice_residential_energy_pack_sample,solstice_residential_energy_pack_sample,installation_pipeline,battery_attachment_flag,boolean,2,500,0,0.0,0,8,0.004,1,0,0.7272727272727273,0,11,2,500,2,1,0,2,2,10,1.0,1,10,8,0,0.004,2,0,0,0,0,23,0,0,0,0
solstice_residential_energy_pack_sample,solstice_residential_energy_pack_sample,installation_pipeline,project_cycle_days,bigint,63,500,0,0.0,0,9,0.126,1,0,0.8181818181818182,0,11,2,500,2,1,0,2,2,10,1.0,1,7,9,0,0.126,2,0,0,0,0,18,0,0,0,0
solstice_residential_energy_pack_sample,solstice_residential_energy_pack_sample,installation_pipeline,cancellation_flag,boolean,2,500,0,0.0,0,10,0.004,1,0,0.9090909090909092,0,11,2,500,2,1,0,2,2,10,1.0,1,11,10,0,0.004,2,0,0,0,0,17,0,0,0,0
solstice_residential_energy_pack_sample,solstice_residential_energy_pack_sample,installation_pipeline,cancellation_reason,varchar,4,500,482,0.964,0,11,0.008,0,0,1.0,0,11,2,500,2,1,0,2,2,10,1.0,1,9,11,0,0.008,2,0,0,0,0,19,0,0,0,0
solstice_residential_energy_pack_sample,solstice_residential_energy_pack_sample,metric_definitions,metric_name,varchar,3,3,0,0.0,1,1,1.0,1,1,0.2,1,5,3,3,2,1,0,3,0,5,1.0,0,1,1,1,1.0,2,0,0,0,0,11,1,0,0,0
solstice_residential_energy_pack_sample,solstice_residential_energy_pack_sample,metric_definitions,definition,varchar,3,3,0,0.0,1,2,1.0,1,0,0.4,0,5,3,3,2,1,0,3,0,5,1.0,0,2,2,0,1.0,2,0,0,0,0,10,0,0,0,0
solstice_residential_energy_pack_sample,solstice_residential_energy_pack_sample,metric_definitions,formula,varchar,3,3,0,0.0,1,3,1.0,1,0,0.6,0,5,3,3,2,1,0,3,0,5,1.0,0,3,3,0,1.0,2,0,0,0,0,7,0,0,0,0
solstice_residential_energy_pack_sample,solstice_residential_energy_pack_sample,metric_definitions,table_name,varchar,1,3,0,0.0,0,4,0.3333333333333333,1,0,0.8,0,5,3,3,3,1,0,3,0,5,1.0,0,4,4,0,0.3333333333333333,3,0,0,0,0,10,0,0,0,0
solstice_residential_energy_pack_sample,solstice_residential_energy_pack_sample,metric_definitions,grain,varchar,1,3,0,0.0,0,5,0.3333333333333333,1,0,1.0,0,5,3,3,3,1,0,3,0,5,1.0,0,5,5,0,0.3333333333333333,3,0,0,0,0,5,0,0,0,0
solstice_residential_energy_pack_sample,solstice_residential_energy_pack_sample,outage_events,outage_event_id,varchar,839,839,0,0.0,1,1,1.0,1,1,0.1111111111111111,1,9,1,839,0,1,0,1,2,9,1.0,1,1,1,1,1.0,0,1,0,0,1,15,1,0,0,0
solstice_residential_energy_pack_sample,solstice_residential_energy_pack_sample,outage_events,date,date,177,839,0,0.0,0,2,0.2109654350417163,1,0,0.2222222222222222,0,9,1,839,1,1,0,1,2,9,1.0,1,5,2,0,0.2109654350417163,1,0,0,0,0,4,0,0,0,0
solstice_residential_energy_pack_sample,solstice_residential_energy_pack_sample,outage_events,household_id,varchar,387,839,0,0.0,0,3,0.4612634088200238,1,0,0.3333333333333333,0,9,1,839,1,1,0,1,2,9,1.0,1,3,3,0,0.4612634088200238,1,1,0,0,0,12,0,0,1,0
solstice_residential_energy_pack_sample,solstice_residential_energy_pack_sample,outage_events,outage_duration_minutes,bigint,5,839,0,0.0,0,4,0.0059594755661501,1,0,0.4444444444444444,0,9,1,839,1,1,0,1,2,9,1.0,1,7,4,0,0.0059594755661501,1,0,0,0,0,23,0,0,0,0
solstice_residential_energy_pack_sample,solstice_residential_energy_pack_sample,outage_events,critical_load_served_kwh,double,390,839,0,0.0,0,5,0.464839094159714,1,0,0.5555555555555556,0,9,1,839,1,1,0,1,2,9,1.0,1,2,5,0,0.464839094159714,1,0,0,0,0,24,0,0,0,0
solstice_residential_energy_pack_sample,solstice_residential_energy_pack_sample,outage_events,backup_duration_hours,double,6,839,0,0.0,0,6,0.0071513706793802,1,0,0.6666666666666666,0,9,1,839,1,1,0,1,2,9,1.0,1,6,6,0,0.0071513706793802,1,0,0,0,0,21,0,0,0,0
solstice_residential_energy_pack_sample,solstice_residential_energy_pack_sample,outage_events,grid_down_flag,boolean,1,839,0,0.0,0,7,0.00119189511323,1,0,0.7777777777777778,0,9,1,839,1,1,0,1,2,9,1.0,1,9,7,0,0.00119189511323,1,0,0,0,0,14,0,0,0,0
solstice_residential_energy_pack_sample,solstice_residential_energy_pack_sample,outage_events,customer_outage_avoided_flag,boolean,2,839,0,0.0,0,8,0.00238379022646,1,0,0.8888888888888888,0,9,1,839,1,1,0,1,2,9,1.0,1,8,8,0,0.00238379022646,1,0,0,0,0,28,0,0,0,0
solstice_residential_energy_pack_sample,solstice_residential_energy_pack_sample,outage_events,unserved_load_kwh,double,334,839,0,0.0,0,9,0.3980929678188319,1,0,1.0,0,9,1,839,1,1,0,1,2,9,1.0,1,4,9,0,0.3980929678188319,1,0,0,0,0,17,0,0,0,0
solstice_residential_energy_pack_sample,solstice_residential_energy_pack_sample,portfolio_kpis_daily,date,date,180,1080,0,0.0,0,1,0.1666666666666666,1,1,0.0833333333333333,0,12,0,1080,0,0,1,0,0,12,0.8305555555555556,4,4,1,1,0.2006688963210702,0,0,0,0,0,4,0,1,0,0
solstice_residential_energy_pack_sample,solstice_residential_energy_pack_sample,portfolio_kpis_daily,state,varchar,6,1080,0,0.0,0,2,0.0055555555555555,1,0,0.1666666666666666,0,12,0,1080,0,0,1,0,0,12,0.8305555555555556,4,8,2,0,0.0066889632107023,0,0,0,0,0,5,0,1,1,0
solstice_residential_energy_pack_sample,solstice_residential_energy_pack_sample,portfolio_kpis_daily,active_households,bigint,2,1080,0,0.0,0,3,0.0018518518518518,1,0,0.25,0,12,0,1080,0,0,1,0,0,12,0.8305555555555556,4,12,3,0,0.0022296544035674,0,0,0,0,0,17,0,0,0,0
solstice_residential_energy_pack_sample,solstice_residential_energy_pack_sample,portfolio_kpis_daily,active_batteries,bigint,6,1080,0,0.0,0,4,0.0055555555555555,1,0,0.3333333333333333,0,12,0,1080,0,0,1,0,0,12,0.8305555555555556,4,9,4,0,0.0066889632107023,0,0,0,0,0,16,0,0,0,0
solstice_residential_energy_pack_sample,solstice_residential_energy_pack_sample,portfolio_kpis_daily,dispatch_events_count,bigint,15,1080,0,0.0,0,5,0.0138888888888888,1,0,0.4166666666666667,0,12,0,1080,0,0,1,0,0,12,0.8305555555555556,4,6,5,0,0.0167224080267558,0,0,0,0,0,21,0,0,0,0
solstice_residential_energy_pack_sample,solstice_residential_energy_pack_sample,portfolio_kpis_daily,total_dispatched_kwh,double,897,1080,0,0.0,0,6,0.8305555555555556,1,0,0.5,0,12,0,1080,0,0,1,0,0,12,0.8305555555555556,4,1,6,0,1.0,0,0,0,0,0,20,0,0,0,0
solstice_residential_energy_pack_sample,solstice_residential_energy_pack_sample,portfolio_kpis_daily,participation_rate,double,34,1080,0,0.0,0,7,0.0314814814814814,1,0,0.5833333333333334,0,12,0,1080,0,0,1,0,0,12,0.8305555555555556,4,5,7,0,0.0379041248606465,0,0,0,0,0,18,0,0,0,0
solstice_residential_energy_pack_sample,solstice_residential_energy_pack_sample,portfolio_kpis_daily,avg_customer_savings_usd,double,519,1080,0,0.0,0,8,0.4805555555555555,1,0,0.6666666666666666,0,12,0,1080,0,0,1,0,0,12,0.8305555555555556,4,3,8,0,0.5785953177257525,0,0,0,0,0,24,0,0,0,0
solstice_residential_energy_pack_sample,solstice_residential_energy_pack_sample,portfolio_kpis_daily,avg_bill_reduction_pct,double,9,1080,0,0.0,0,9,0.0083333333333333,1,0,0.75,0,12,0,1080,0,0,1,0,0,12,0.8305555555555556,4,7,9,0,0.0100334448160535,0,0,0,0,0,22,0,0,0,0
solstice_residential_energy_pack_sample,solstice_residential_energy_pack_sample,portfolio_kpis_daily,outages_supported_count,bigint,5,1080,0,0.0,0,10,0.0046296296296296,1,0,0.8333333333333334,0,12,0,1080,0,0,1,0,0,12,0.8305555555555556,4,10,10,0,0.0055741360089186,0,0,0,0,0,23,0,0,0,0
solstice_residential_energy_pack_sample,solstice_residential_energy_pack_sample,portfolio_kpis_daily,service_ticket_rate,double,5,1080,0,0.0,0,11,0.0046296296296296,1,0,0.9166666666666666,0,12,0,1080,0,0,1,0,0,12,0.8305555555555556,4,11,11,0,0.0055741360089186,0,0,0,0,0,19,0,0,0,0
solstice_residential_energy_pack_sample,solstice_residential_energy_pack_sample,portfolio_kpis_daily,estimated_grid_value_usd,double,823,1080,0,0.0,0,12,0.7620370370370371,1,0,1.0,0,12,0,1080,0,0,1,0,0,12,0.8305555555555556,4,2,12,0,0.9175027870680044,0,0,0,0,0,24,0,0,0,0
solstice_residential_energy_pack_sample,solstice_residential_energy_pack_sample,service_tickets,ticket_id,varchar,137,137,0,0.0,1,1,1.0,1,1,0.125,1,8,1,137,0,1,0,1,2,8,1.0,1,1,1,1,1.0,0,1,0,0,0,9,1,0,0,0
solstice_residential_energy_pack_sample,solstice_residential_energy_pack_sample,service_tickets,household_id,varchar,129,137,0,0.0,0,2,0.9416058394160584,1,0,0.25,0,8,1,137,1,1,0,1,2,8,1.0,1,2,2,0,0.9416058394160584,1,1,0,0,0,12,0,0,1,0
solstice_residential_energy_pack_sample,solstice_residential_energy_pack_sample,service_tickets,open_date,date,96,137,0,0.0,0,3,0.7007299270072993,1,0,0.375,0,8,1,137,1,1,0,1,2,8,1.0,1,3,3,0,0.7007299270072993,1,0,0,0,0,9,0,0,0,0
solstice_residential_energy_pack_sample,solstice_residential_energy_pack_sample,service_tickets,issue_category,varchar,5,137,0,0.0,0,4,0.0364963503649635,1,0,0.5,0,8,1,137,1,1,0,1,2,8,1.0,1,5,4,0,0.0364963503649635,1,0,0,0,0,14,0,0,0,0
solstice_residential_energy_pack_sample,solstice_residential_energy_pack_sample,service_tickets,severity_band,varchar,3,137,0,0.0,0,5,0.0218978102189781,1,0,0.625,0,8,1,137,1,1,0,1,2,8,1.0,1,6,5,0,0.0218978102189781,1,0,0,0,0,13,0,0,0,0
solstice_residential_energy_pack_sample,solstice_residential_energy_pack_sample,service_tickets,truck_roll_required_flag,boolean,2,137,0,0.0,0,6,0.0145985401459854,1,0,0.75,0,8,1,137,1,1,0,1,2,8,1.0,1,7,6,0,0.0145985401459854,1,0,0,0,0,24,0,0,0,0
solstice_residential_energy_pack_sample,solstice_residential_energy_pack_sample,service_tickets,resolution_days,bigint,18,137,0,0.0,0,7,0.1313868613138686,1,0,0.875,0,8,1,137,1,1,0,1,2,8,1.0,1,4,7,0,0.1313868613138686,1,0,0,0,0,15,0,0,0,0
solstice_residential_energy_pack_sample,solstice_residential_energy_pack_sample,service_tickets,equipment_replaced_flag,boolean,2,137,0,0.0,0,8,0.0145985401459854,1,0,1.0,0,8,1,137,1,1,0,1,2,8,1.0,1,8,8,0,0.0145985401459854,1,0,0,0,0,23,0,0,0,0
solstice_residential_energy_pack_sample,solstice_residential_energy_pack_sample,solar_systems,system_id,varchar,500,500,0,0.0,1,1,1.0,1,1,0.1111111111111111,1,9,2,500,1,1,0,2,2,9,1.0,1,1,1,1,1.0,1,1,0,0,0,9,1,0,0,0
solstice_residential_energy_pack_sample,solstice_residential_energy_pack_sample,solar_systems,household_id,varchar,500,500,0,0.0,1,2,1.0,1,0,0.2222222222222222,0,9,2,500,1,1,0,2,2,9,1.0,1,2,2,0,1.0,1,1,0,0,0,12,0,0,1,0
solstice_residential_energy_pack_sample,solstice_residential_energy_pack_sample,solar_systems,kw_dc,double,80,500,0,0.0,0,3,0.16,1,0,0.3333333333333333,0,9,2,500,2,1,0,2,2,9,1.0,1,5,3,0,0.16,2,0,0,0,0,5,0,0,0,0
solstice_residential_energy_pack_sample,solstice_residential_energy_pack_sample,solar_systems,module_count,bigint,27,500,0,0.0,0,4,0.054,1,0,0.4444444444444444,0,9,2,500,2,1,0,2,2,9,1.0,1,6,4,0,0.054,2,0,0,0,0,12,0,0,0,0
solstice_residential_energy_pack_sample,solstice_residential_energy_pack_sample,solar_systems,inverter_type,varchar,3,500,0,0.0,0,5,0.006,1,0,0.5555555555555556,0,9,2,500,2,1,0,2,2,9,1.0,1,8,5,0,0.006,2,0,0,0,0,13,0,0,0,0
solstice_residential_energy_pack_sample,solstice_residential_energy_pack_sample,solar_systems,azimuth_band,varchar,4,500,0,0.0,0,6,0.008,1,0,0.6666666666666666,0,9,2,500,2,1,0,2,2,9,1.0,1,7,6,0,0.008,2,0,0,0,0,12,0,0,0,0
solstice_residential_energy_pack_sample,solstice_residential_energy_pack_sample,solar_systems,shading_band,varchar,3,500,0,0.0,0,7,0.006,1,0,0.7777777777777778,0,9,2,500,2,1,0,2,2,9,1.0,1,9,7,0,0.006,2,0,0,0,0,12,0,0,0,0
solstice_residential_energy_pack_sample,solstice_residential_energy_pack_sample,solar_systems,expected_annual_kwh,double,326,500,0,0.0,0,8,0.652,1,0,0.8888888888888888,0,9,2,500,2,1,0,2,2,9,1.0,1,3,8,0,0.652,2,0,0,0,0,19,0,0,0,0
solstice_residential_energy_pack_sample,solstice_residential_energy_pack_sample,solar_systems,commission_date,date,183,500,0,0.0,0,9,0.366,1,0,1.0,0,9,2,500,2,1,0,2,2,9,1.0,1,4,9,0,0.366,2,0,0,0,0,15,0,0,0,0
solstice_residential_energy_pack_sample,solstice_residential_energy_pack_sample,subscriber_contracts,contract_id,varchar,500,500,0,0.0,1,1,1.0,1,1,0.0769230769230769,1,13,2,500,1,1,0,3,2,13,1.0,1,1,1,1,1.0,2,1,0,0,0,11,1,0,0,0
solstice_residential_energy_pack_sample,solstice_residential_energy_pack_sample,subscriber_contracts,household_id,varchar,500,500,0,0.0,1,2,1.0,1,0,0.1538461538461538,0,13,2,500,1,1,0,3,2,13,1.0,1,2,2,0,1.0,2,1,0,0,0,12,0,0,1,0
solstice_residential_energy_pack_sample,solstice_residential_energy_pack_sample,subscriber_contracts,subscription_type,varchar,4,500,0,0.0,0,3,0.008,1,0,0.2307692307692307,0,13,2,500,2,1,0,3,2,13,1.0,1,7,3,0,0.008,3,0,0,0,0,17,0,0,0,0
solstice_residential_energy_pack_sample,solstice_residential_energy_pack_sample,subscriber_contracts,term_years,bigint,4,500,0,0.0,0,4,0.008,1,0,0.3076923076923077,0,13,2,500,2,1,0,3,2,13,1.0,1,8,4,0,0.008,3,0,0,0,0,10,0,0,0,0
solstice_residential_energy_pack_sample,solstice_residential_energy_pack_sample,subscriber_contracts,contract_start_date,date,183,500,0,0.0,0,5,0.366,1,0,0.3846153846153846,0,13,2,500,2,1,0,3,2,13,1.0,1,4,5,0,0.366,3,0,0,0,0,19,0,0,0,0
solstice_residential_energy_pack_sample,solstice_residential_energy_pack_sample,subscriber_contracts,monthly_minimum_payment,double,492,500,0,0.0,0,6,0.984,1,0,0.4615384615384615,0,13,2,500,2,1,0,3,2,13,1.0,1,3,6,0,0.984,2,0,0,0,0,23,0,0,0,0
solstice_residential_energy_pack_sample,solstice_residential_energy_pack_sample,subscriber_contracts,flex_rate_per_kwh,double,75,500,0,0.0,0,7,0.15,1,0,0.5384615384615384,0,13,2,500,2,1,0,3,2,13,1.0,1,5,7,0,0.15,3,0,0,0,0,17,0,0,0,0
solstice_residential_energy_pack_sample,solstice_residential_energy_pack_sample,subscriber_contracts,escalator_pct,double,36,500,0,0.0,0,8,0.072,1,0,0.6153846153846154,0,13,2,500,2,1,0,3,2,13,1.0,1,6,8,0,0.072,3,0,0,0,0,13,0,0,0,0
solstice_residential_energy_pack_sample,solstice_residential_energy_pack_sample,subscriber_contracts,battery_included_flag,boolean,2,500,0,0.0,0,9,0.004,1,0,0.6923076923076923,0,13,2,500,2,1,0,3,2,13,1.0,1,10,9,0,0.004,3,0,0,0,0,21,0,0,0,0
solstice_residential_energy_pack_sample,solstice_residential_energy_pack_sample,subscriber_contracts,vpp_eligible_flag,boolean,2,500,0,0.0,0,10,0.004,1,0,0.7692307692307693,0,13,2,500,2,1,0,3,2,13,1.0,1,11,10,0,0.004,3,0,0,0,0,17,0,0,0,0
solstice_residential_energy_pack_sample,solstice_residential_energy_pack_sample,subscriber_contracts,status,varchar,3,500,0,0.0,0,11,0.006,1,0,0.8461538461538461,0,13,2,500,2,1,0,3,2,13,1.0,1,9,11,0,0.006,3,0,0,0,0,6,0,0,0,0
solstice_residential_energy_pack_sample,solstice_residential_energy_pack_sample,subscriber_contracts,renewal_flag,boolean,2,500,0,0.0,0,12,0.004,1,0,0.9230769230769232,0,13,2,500,2,1,0,3,2,13,1.0,1,12,12,0,0.004,3,0,0,0,0,12,0,0,0,0
solstice_residential_energy_pack_sample,solstice_residential_energy_pack_sample,subscriber_contracts,churn_flag,boolean,2,500,0,0.0,0,13,0.004,1,0,1.0,0,13,2,500,2,1,0,3,2,13,1.0,1,13,13,0,0.004,3,0,0,0,0,10,0,0,0,0
solstice_residential_energy_pack_sample,solstice_residential_energy_pack_sample,utility_tariffs,tariff_id,varchar,10,10,0,0.0,1,1,1.0,1,1,0.0909090909090909,1,11,7,10,6,1,0,7,1,11,1.0,2,1,1,1,1.0,6,1,0,0,0,9,1,0,0,0
solstice_residential_energy_pack_sample,solstice_residential_energy_pack_sample,utility_tariffs,utility_territory,varchar,10,10,0,0.0,1,2,1.0,1,0,0.1818181818181818,0,11,7,10,6,1,0,7,1,11,1.0,2,2,2,0,1.0,6,0,0,0,0,17,0,0,0,0
solstice_residential_energy_pack_sample,solstice_residential_energy_pack_sample,utility_tariffs,state,varchar,6,10,0,0.0,0,3,0.6,1,0,0.2727272727272727,0,11,7,10,7,1,0,7,1,11,1.0,2,8,3,0,0.6,7,0,0,0,0,5,0,0,0,0
solstice_residential_energy_pack_sample,solstice_residential_energy_pack_sample,utility_tariffs,tariff_name,varchar,10,10,0,0.0,1,4,1.0,1,0,0.3636363636363636,0,11,7,10,6,1,0,7,1,11,1.0,2,3,4,0,1.0,6,0,0,0,0,11,0,0,0,0
solstice_residential_energy_pack_sample,solstice_residential_energy_pack_sample,utility_tariffs,tariff_type,varchar,2,10,0,0.0,0,5,0.2,1,0,0.4545454545454545,0,11,7,10,7,1,0,7,1,11,1.0,2,9,5,0,0.2,7,0,0,0,0,11,0,0,0,0
solstice_residential_energy_pack_sample,solstice_residential_energy_pack_sample,utility_tariffs,peak_start_hour,bigint,2,10,0,0.0,0,6,0.2,1,0,0.5454545454545454,0,11,7,10,7,1,0,7,1,11,1.0,2,10,6,0,0.2,7,0,0,0,0,15,0,0,0,0
solstice_residential_energy_pack_sample,solstice_residential_energy_pack_sample,utility_tariffs,peak_end_hour,bigint,2,10,0,0.0,0,7,0.2,1,0,0.6363636363636364,0,11,7,10,7,1,0,7,1,11,1.0,2,11,7,0,0.2,7,0,0,0,0,13,0,0,0,0
solstice_residential_energy_pack_sample,solstice_residential_energy_pack_sample,utility_tariffs,summer_peak_rate,double,10,10,0,0.0,1,8,1.0,1,0,0.7272727272727273,0,11,7,10,6,1,0,7,1,11,1.0,2,4,8,0,1.0,6,0,0,0,0,16,0,0,0,0
solstice_residential_energy_pack_sample,solstice_residential_energy_pack_sample,utility_tariffs,offpeak_rate,double,10,10,0,0.0,1,9,1.0,1,0,0.8181818181818182,0,11,7,10,6,1,0,7,1,11,1.0,2,5,9,0,1.0,6,0,0,0,0,12,0,0,0,0
solstice_residential_energy_pack_sample,solstice_residential_energy_pack_sample,utility_tariffs,fixed_monthly_charge,double,10,10,0,0.0,1,10,1.0,1,0,0.9090909090909092,0,11,7,10,6,1,0,7,1,11,1.0,2,6,10,0,1.0,6,0,0,0,0,20,0,0,0,0
solstice_residential_energy_pack_sample,solstice_residential_energy_pack_sample,utility_tariffs,net_billing_export_rate,double,10,10,0,0.0,1,11,1.0,1,0,1.0,0,11,7,10,6,1,0,7,1,11,1.0,2,7,11,0,1.0,6,0,0,0,0,23,0,0,0,0
solstice_residential_energy_pack_sample,solstice_residential_energy_pack_sample,vpp_program_enrollment,enrollment_id,varchar,229,229,0,0.0,1,1,1.0,1,1,0.125,1,8,2,229,1,1,0,2,2,8,1.0,0,1,1,1,1.0,1,1,0,0,0,13,1,0,0,0
solstice_residential_energy_pack_sample,solstice_residential_energy_pack_sample,vpp_program_enrollment,household_id,varchar,229,229,0,0.0,1,2,1.0,1,0,0.25,0,8,2,229,1,1,0,2,2,8,1.0,0,2,2,0,1.0,1,1,0,0,0,12,0,0,1,0
solstice_residential_energy_pack_sample,solstice_residential_energy_pack_sample,vpp_program_enrollment,program_name,varchar,4,229,0,0.0,0,3,0.0174672489082969,1,0,0.375,0,8,2,229,2,1,0,2,2,8,1.0,0,5,3,0,0.0174672489082969,2,0,0,0,0,12,0,0,0,0
solstice_residential_energy_pack_sample,solstice_residential_energy_pack_sample,vpp_program_enrollment,market_type,varchar,4,229,0,0.0,0,4,0.0174672489082969,1,0,0.5,0,8,2,229,2,1,0,2,2,8,1.0,0,6,4,0,0.0174672489082969,2,0,0,0,0,11,0,0,0,0
solstice_residential_energy_pack_sample,solstice_residential_energy_pack_sample,vpp_program_enrollment,enrollment_date,date,142,229,0,0.0,0,5,0.6200873362445415,1,0,0.625,0,8,2,229,2,1,0,2,2,8,1.0,0,3,5,0,0.6200873362445415,2,0,0,0,0,15,0,0,0,0
solstice_residential_energy_pack_sample,solstice_residential_energy_pack_sample,vpp_program_enrollment,opt_out_flag,boolean,2,229,0,0.0,0,6,0.0087336244541484,1,0,0.75,0,8,2,229,2,1,0,2,2,8,1.0,0,8,6,0,0.0087336244541484,2,0,0,0,0,12,0,0,0,0
solstice_residential_energy_pack_sample,solstice_residential_energy_pack_sample,vpp_program_enrollment,participation_score,double,52,229,0,0.0,0,7,0.2270742358078602,1,0,0.875,0,8,2,229,2,1,0,2,2,8,1.0,0,4,7,0,0.2270742358078602,2,0,0,0,0,19,0,0,0,0
solstice_residential_energy_pack_sample,solstice_residential_energy_pack_sample,vpp_program_enrollment,seasonal_availability_band,varchar,3,229,0,0.0,0,8,0.0131004366812227,1,0,1.0,0,8,2,229,2,1,0,2,2,8,1.0,0,7,8,0,0.0131004366812227,2,0,0,0,0,26,0,0,0,0
synthetic_e_commerce,synthetic_e_commerce,cart_events,event_id,varchar,25,25,0,0.0,1,1,1.0,1,1,0.125,1,8,1,25,0,1,0,1,4,8,1.0,0,1,1,1,1.0,0,1,0,0,0,8,1,0,0,0
synthetic_e_commerce,synthetic_e_commerce,cart_events,customer_id,varchar,7,25,0,0.0,0,2,0.28,1,0,0.25,0,8,1,25,1,1,0,1,4,8,1.0,0,4,2,0,0.28,1,1,0,0,0,11,0,0,1,0
synthetic_e_commerce,synthetic_e_commerce,cart_events,session_id,varchar,7,25,0,0.0,0,3,0.28,1,0,0.375,0,8,1,25,1,1,0,1,4,8,1.0,0,5,3,0,0.28,1,1,0,0,0,10,0,0,1,0
synthetic_e_commerce,synthetic_e_commerce,cart_events,event_type,varchar,3,25,0,0.0,0,4,0.12,1,0,0.5,0,8,1,25,1,1,0,1,4,8,1.0,0,7,4,0,0.12,1,0,0,0,0,10,0,0,0,0
synthetic_e_commerce,synthetic_e_commerce,cart_events,product_id,varchar,13,25,0,0.0,0,5,0.52,1,0,0.625,0,8,1,25,1,1,0,1,4,8,1.0,0,2,5,0,0.52,1,1,0,0,0,10,0,0,1,0
synthetic_e_commerce,synthetic_e_commerce,cart_events,device_type,varchar,2,25,0,0.0,0,6,0.08,1,0,0.75,0,8,1,25,1,1,0,1,4,8,1.0,0,8,6,0,0.08,1,0,0,0,0,11,0,0,0,0
synthetic_e_commerce,synthetic_e_commerce,cart_events,traffic_source,varchar,5,25,0,0.0,0,7,0.2,1,0,0.875,0,8,1,25,1,1,0,1,4,8,1.0,0,6,7,0,0.2,1,0,0,0,0,14,0,0,0,0
synthetic_e_commerce,synthetic_e_commerce,cart_events,cart_value,double,13,25,0,0.0,0,8,0.52,1,0,1.0,0,8,1,25,1,1,0,1,4,8,1.0,0,3,8,0,0.52,1,0,0,0,0,10,0,0,0,0
synthetic_e_commerce,synthetic_e_commerce,customers,customer_id,varchar,25,25,0,0.0,1,1,1.0,1,1,0.0833333333333333,1,12,2,25,1,1,0,2,1,11,1.0,0,1,1,1,1.0,1,1,0,0,1,11,1,0,0,0
synthetic_e_commerce,synthetic_e_commerce,customers,first_name,varchar,23,25,0,0.0,0,2,0.92,1,0,0.1666666666666666,0,12,2,25,2,1,0,2,1,11,1.0,0,3,2,0,0.92,2,0,0,0,0,10,0,0,0,0
synthetic_e_commerce,synthetic_e_commerce,customers,last_name,varchar,22,25,0,0.0,0,3,0.88,1,0,0.25,0,12,2,25,2,1,0,2,1,11,1.0,0,4,3,0,0.88,2,0,0,0,0,9,0,0,0,0
synthetic_e_commerce,synthetic_e_commerce,customers,email,varchar,25,25,0,0.0,1,4,1.0,1,0,0.3333333333333333,0,12,2,25,1,1,0,2,1,11,1.0,0,2,4,0,1.0,1,0,0,0,0,5,0,0,0,0
synthetic_e_commerce,synthetic_e_commerce,customers,phone,varchar,22,25,3,0.12,0,5,0.88,0,0,0.4166666666666667,0,12,2,25,2,1,0,2,1,11,1.0,0,5,12,0,0.88,2,0,0,0,0,5,0,0,0,0
synthetic_e_commerce,synthetic_e_commerce,customers,country,varchar,8,25,0,0.0,0,6,0.32,1,0,0.5,0,12,2,25,2,1,0,2,1,11,1.0,0,9,5,0,0.32,2,0,0,0,0,7,0,0,0,0
synthetic_e_commerce,synthetic_e_commerce,customers,city,varchar,19,25,0,0.0,0,7,0.76,1,0,0.5833333333333334,0,12,2,25,2,1,0,2,1,11,1.0,0,7,6,0,0.76,2,0,0,0,0,4,0,0,0,0
synthetic_e_commerce,synthetic_e_commerce,customers,postcode,varchar,21,25,0,0.0,0,8,0.84,1,0,0.6666666666666666,0,12,2,25,2,1,0,2,1,11,1.0,0,6,7,0,0.84,2,0,0,0,0,8,0,0,0,0
synthetic_e_commerce,synthetic_e_commerce,customers,marketing_opt_in,boolean,2,25,0,0.0,0,9,0.08,1,0,0.75,0,12,2,25,2,1,0,2,1,11,1.0,0,11,8,0,0.08,2,0,0,0,0,16,0,0,0,0
synthetic_e_commerce,synthetic_e_commerce,customers,customer_segment,varchar,4,25,0,0.0,0,10,0.16,1,0,0.8333333333333334,0,12,2,25,2,1,0,2,1,11,1.0,0,10,9,0,0.16,2,0,0,0,0,16,0,0,0,0
synthetic_e_commerce,synthetic_e_commerce,customers,lifetime_value,double,13,25,0,0.0,0,11,0.52,1,0,0.9166666666666666,0,12,2,25,2,1,0,2,1,11,1.0,0,8,10,0,0.52,2,0,0,0,0,14,0,0,0,0
synthetic_e_commerce,synthetic_e_commerce,customers,repeat_customer,boolean,2,25,0,0.0,0,12,0.08,1,0,1.0,0,12,2,25,2,1,0,2,1,11,1.0,0,12,11,0,0.08,2,0,0,0,0,15,0,0,0,0
synthetic_e_commerce,synthetic_e_commerce,inventory_events,event_id,varchar,25,25,0,0.0,1,1,1.0,1,1,0.1666666666666666,1,6,3,25,2,1,0,3,2,6,1.0,2,1,1,1,1.0,2,1,0,0,0,8,1,0,0,0
synthetic_e_commerce,synthetic_e_commerce,inventory_events,product_id,varchar,25,25,0,0.0,1,2,1.0,1,0,0.3333333333333333,0,6,3,25,2,1,0,3,2,6,1.0,2,2,2,0,1.0,2,1,0,0,0,10,0,0,1,0
synthetic_e_commerce,synthetic_e_commerce,inventory_events,event_type,varchar,3,25,0,0.0,0,3,0.12,1,0,0.5,0,6,3,25,3,1,0,3,2,6,1.0,2,6,3,0,0.12,3,0,0,0,0,10,0,0,0,0
synthetic_e_commerce,synthetic_e_commerce,inventory_events,quantity_change,bigint,16,25,0,0.0,0,4,0.64,1,0,0.6666666666666666,0,6,3,25,3,1,0,3,2,6,1.0,2,4,4,0,0.64,3,0,0,0,0,15,0,0,0,0
synthetic_e_commerce,synthetic_e_commerce,inventory_events,new_stock_level,bigint,25,25,0,0.0,1,5,1.0,1,0,0.8333333333333334,0,6,3,25,2,1,0,3,2,6,1.0,2,3,5,0,1.0,2,0,0,0,0,15,0,0,0,0
synthetic_e_commerce,synthetic_e_commerce,inventory_events,notes,varchar,10,25,0,0.0,0,6,0.4,1,0,1.0,0,6,3,25,3,1,0,3,2,6,1.0,2,5,6,0,0.4,3,0,0,0,0,5,0,0,0,0
synthetic_e_commerce,synthetic_e_commerce,order_items,order_item_id,varchar,25,25,0,0.0,1,1,1.0,1,1,0.1666666666666666,1,6,4,25,3,1,0,4,3,6,1.0,1,1,1,1,1.0,3,1,0,0,1,13,1,0,0,0
synthetic_e_commerce,synthetic_e_commerce,order_items,order_id,varchar,9,25,0,0.0,0,2,0.36,1,0,0.3333333333333333,0,6,4,25,4,1,0,4,3,6,1.0,1,5,2,0,0.36,4,1,0,0,0,8,0,0,1,0
synthetic_e_commerce,synthetic_e_commerce,order_items,product_id,varchar,25,25,0,0.0,1,3,1.0,1,0,0.5,0,6,4,25,3,1,0,4,3,6,1.0,1,2,3,0,1.0,3,1,0,0,0,10,0,0,1,0
synthetic_e_commerce,synthetic_e_commerce,order_items,quantity,bigint,4,25,0,0.0,0,4,0.16,1,0,0.6666666666666666,0,6,4,25,4,1,0,4,3,6,1.0,1,6,4,0,0.16,4,0,0,0,0,8,0,0,0,0
synthetic_e_commerce,synthetic_e_commerce,order_items,unit_price,double,25,25,0,0.0,1,5,1.0,1,0,0.8333333333333334,0,6,4,25,3,1,0,4,3,6,1.0,1,3,5,0,1.0,3,0,0,0,0,10,0,0,0,0
synthetic_e_commerce,synthetic_e_commerce,order_items,line_total,double,25,25,0,0.0,1,6,1.0,1,0,1.0,0,6,4,25,3,1,0,4,3,6,1.0,1,4,6,0,1.0,3,0,0,0,0,10,0,0,0,0
synthetic_e_commerce,synthetic_e_commerce,orders,order_id,varchar,25,25,0,0.0,1,1,1.0,1,1,0.0625,1,16,2,25,1,1,0,2,2,16,1.0,0,1,1,1,1.0,1,1,0,0,1,8,1,0,0,0
synthetic_e_commerce,synthetic_e_commerce,orders,customer_id,varchar,25,25,0,0.0,1,2,1.0,1,0,0.125,0,16,2,25,1,1,0,2,2,16,1.0,0,2,2,0,1.0,1,1,0,0,0,11,0,0,1,0
synthetic_e_commerce,synthetic_e_commerce,orders,order_status,varchar,5,25,0,0.0,0,3,0.2,1,0,0.1875,0,16,2,25,2,1,0,2,2,16,1.0,0,12,3,0,0.2,2,0,0,0,0,12,0,0,0,0
synthetic_e_commerce,synthetic_e_commerce,orders,payment_status,varchar,4,25,0,0.0,0,4,0.16,1,0,0.25,0,16,2,25,2,1,0,2,2,16,1.0,0,15,4,0,0.16,2,0,0,0,0,14,0,0,0,0
synthetic_e_commerce,synthetic_e_commerce,orders,payment_method,varchar,5,25,0,0.0,0,5,0.2,1,0,0.3125,0,16,2,25,2,1,0,2,2,16,1.0,0,13,5,0,0.2,2,0,0,0,0,14,0,0,0,0
synthetic_e_commerce,synthetic_e_commerce,orders,currency,varchar,5,25,0,0.0,0,6,0.2,1,0,0.375,0,16,2,25,2,1,0,2,2,16,1.0,0,14,6,0,0.2,2,0,0,0,0,8,0,0,0,0
synthetic_e_commerce,synthetic_e_commerce,orders,subtotal,double,21,25,0,0.0,0,7,0.84,1,0,0.4375,0,16,2,25,2,1,0,2,2,16,1.0,0,3,7,0,0.84,2,0,0,0,0,8,0,0,0,0
synthetic_e_commerce,synthetic_e_commerce,orders,discount_amount,double,6,25,0,0.0,0,8,0.24,1,0,0.5,0,16,2,25,2,1,0,2,2,16,1.0,0,11,8,0,0.24,2,0,0,0,0,15,0,0,0,0
synthetic_e_commerce,synthetic_e_commerce,orders,tax_amount,double,21,25,0,0.0,0,9,0.84,1,0,0.5625,0,16,2,25,2,1,0,2,2,16,1.0,0,4,9,0,0.84,2,0,0,0,0,10,0,0,0,0
synthetic_e_commerce,synthetic_e_commerce,orders,shipping_amount,double,8,25,0,0.0,0,10,0.32,1,0,0.625,0,16,2,25,2,1,0,2,2,16,1.0,0,8,10,0,0.32,2,0,0,0,0,15,0,0,0,0
synthetic_e_commerce,synthetic_e_commerce,orders,total_amount,double,21,25,0,0.0,0,11,0.84,1,0,0.6875,0,16,2,25,2,1,0,2,2,16,1.0,0,5,11,0,0.84,2,0,0,0,0,12,0,0,0,0
synthetic_e_commerce,synthetic_e_commerce,orders,shipping_country,varchar,7,25,0,0.0,0,12,0.28,1,0,0.75,0,16,2,25,2,1,0,2,2,16,1.0,0,10,12,0,0.28,2,0,0,0,0,16,0,0,0,0
synthetic_e_commerce,synthetic_e_commerce,orders,shipping_city,varchar,19,25,0,0.0,0,13,0.76,1,0,0.8125,0,16,2,25,2,1,0,2,2,16,1.0,0,7,13,0,0.76,2,0,0,0,0,13,0,0,0,0
synthetic_e_commerce,synthetic_e_commerce,orders,shipping_postcode,varchar,21,25,0,0.0,0,14,0.84,1,0,0.875,0,16,2,25,2,1,0,2,2,16,1.0,0,6,14,0,0.84,2,0,0,0,0,17,0,0,0,0
synthetic_e_commerce,synthetic_e_commerce,orders,device_type,varchar,3,25,0,0.0,0,15,0.12,1,0,0.9375,0,16,2,25,2,1,0,2,2,16,1.0,0,16,15,0,0.12,2,0,0,0,0,11,0,0,0,0
synthetic_e_commerce,synthetic_e_commerce,orders,traffic_source,varchar,8,25,0,0.0,0,16,0.32,1,0,1.0,0,16,2,25,2,1,0,2,2,16,1.0,0,9,16,0,0.32,2,0,0,0,0,14,0,0,0,0
synthetic_e_commerce,synthetic_e_commerce,products,product_id,varchar,25,25,0,0.0,1,1,1.0,1,1,0.1,1,10,5,25,4,1,0,6,1,10,1.0,1,1,1,1,1.0,5,1,0,0,1,10,1,0,0,0
synthetic_e_commerce,synthetic_e_commerce,products,sku,varchar,25,25,0,0.0,1,2,1.0,1,0,0.2,0,10,5,25,4,1,0,6,1,10,1.0,1,2,2,0,1.0,5,0,0,0,0,3,0,0,0,0
synthetic_e_commerce,synthetic_e_commerce,products,product_name,varchar,24,25,0,0.0,0,3,0.96,1,0,0.3,0,10,5,25,5,1,0,6,1,10,1.0,1,6,3,0,0.96,5,0,0,0,0,12,0,0,0,0
synthetic_e_commerce,synthetic_e_commerce,products,category,varchar,7,25,0,0.0,0,4,0.28,1,0,0.4,0,10,5,25,5,1,0,6,1,10,1.0,1,9,4,0,0.28,6,0,0,0,0,8,0,0,0,0
synthetic_e_commerce,synthetic_e_commerce,products,subcategory,varchar,14,25,0,0.0,0,5,0.56,1,0,0.5,0,10,5,25,5,1,0,6,1,10,1.0,1,8,5,0,0.56,6,0,0,0,0,11,0,0,0,0
synthetic_e_commerce,synthetic_e_commerce,products,brand,varchar,21,25,0,0.0,0,6,0.84,1,0,0.6,0,10,5,25,5,1,0,6,1,10,1.0,1,7,6,0,0.84,6,0,0,0,0,5,0,0,0,0
synthetic_e_commerce,synthetic_e_commerce,products,price,double,25,25,0,0.0,1,7,1.0,1,0,0.7,0,10,5,25,4,1,0,6,1,10,1.0,1,3,7,0,1.0,5,0,0,0,0,5,0,0,0,0
synthetic_e_commerce,synthetic_e_commerce,products,cost,double,25,25,0,0.0,1,8,1.0,1,0,0.8,0,10,5,25,4,1,0,6,1,10,1.0,1,4,8,0,1.0,5,0,0,0,0,4,0,0,0,0
synthetic_e_commerce,synthetic_e_commerce,products,stock_quantity,bigint,25,25,0,0.0,1,9,1.0,1,0,0.9,0,10,5,25,4,1,0,6,1,10,1.0,1,5,9,0,1.0,5,0,0,0,0,14,0,0,0,0
synthetic_e_commerce,synthetic_e_commerce,products,active,boolean,2,25,0,0.0,0,10,0.08,1,0,1.0,0,10,5,25,5,1,0,6,1,10,1.0,1,10,10,0,0.08,6,0,0,0,0,6,0,0,0,0
synthetic_e_commerce,synthetic_e_commerce,promotions,promo_id,varchar,10,10,0,0.0,1,1,1.0,1,1,0.125,1,8,4,10,3,1,0,4,1,8,1.0,2,1,1,1,1.0,3,1,0,0,0,8,1,0,0,0
synthetic_e_commerce,synthetic_e_commerce,promotions,code,varchar,10,10,0,0.0,1,2,1.0,1,0,0.25,0,8,4,10,3,1,0,4,1,8,1.0,2,2,2,0,1.0,3,0,0,0,0,4,0,0,0,0
synthetic_e_commerce,synthetic_e_commerce,promotions,discount_type,varchar,2,10,0,0.0,0,3,0.2,1,0,0.375,0,8,4,10,4,1,0,4,1,8,1.0,2,7,3,0,0.2,4,0,0,0,0,13,0,0,0,0
synthetic_e_commerce,synthetic_e_commerce,promotions,discount_value,double,8,10,0,0.0,0,4,0.8,1,0,0.5,0,8,4,10,4,1,0,4,1,8,1.0,2,5,4,0,0.8,4,0,0,0,0,14,0,0,0,0
synthetic_e_commerce,synthetic_e_commerce,promotions,min_order_value,double,8,10,0,0.0,0,5,0.8,1,0,0.625,0,8,4,10,4,1,0,4,1,8,1.0,2,6,5,0,0.8,4,0,0,0,0,15,0,0,0,0
synthetic_e_commerce,synthetic_e_commerce,promotions,times_used,bigint,10,10,0,0.0,1,6,1.0,1,0,0.75,0,8,4,10,3,1,0,4,1,8,1.0,2,3,6,0,1.0,3,0,0,0,0,10,0,0,0,0
synthetic_e_commerce,synthetic_e_commerce,promotions,max_uses,bigint,10,10,0,0.0,1,7,1.0,1,0,0.875,0,8,4,10,3,1,0,4,1,8,1.0,2,4,7,0,1.0,3,0,0,0,0,8,0,0,0,0
synthetic_e_commerce,synthetic_e_commerce,promotions,active,boolean,1,10,0,0.0,0,8,0.1,1,0,1.0,0,8,4,10,4,1,0,4,1,8,1.0,2,8,8,0,0.1,4,0,0,0,0,6,0,0,0,0
synthetic_e_commerce,synthetic_e_commerce,refunds,refund_id,varchar,25,25,0,0.0,1,1,1.0,1,1,0.2,1,5,3,25,2,1,0,3,2,5,1.0,0,1,1,1,1.0,2,1,0,0,1,9,1,0,0,0
synthetic_e_commerce,synthetic_e_commerce,refunds,order_id,varchar,25,25,0,0.0,1,2,1.0,1,0,0.4,0,5,3,25,2,1,0,3,2,5,1.0,0,2,2,0,1.0,2,1,0,0,0,8,0,0,1,0
synthetic_e_commerce,synthetic_e_commerce,refunds,refund_reason,varchar,6,25,0,0.0,0,3,0.24,1,0,0.6,0,5,3,25,3,1,0,3,2,5,1.0,0,4,3,0,0.24,3,0,0,0,0,13,0,0,0,0
synthetic_e_commerce,synthetic_e_commerce,refunds,refund_amount,double,25,25,0,0.0,1,4,1.0,1,0,0.8,0,5,3,25,2,1,0,3,2,5,1.0,0,3,4,0,1.0,2,0,0,0,0,13,0,0,0,0
synthetic_e_commerce,synthetic_e_commerce,refunds,refund_status,varchar,2,25,0,0.0,0,5,0.08,1,0,1.0,0,5,3,25,3,1,0,3,2,5,1.0,0,5,5,0,0.08,3,0,0,0,0,13,0,0,0,0
synthetic_e_commerce,synthetic_e_commerce,reviews,review_id,varchar,25,25,0,0.0,1,1,1.0,1,1,0.1,1,10,4,25,3,1,0,4,4,10,1.0,2,1,1,1,1.0,3,1,0,0,1,9,1,0,0,0
synthetic_e_commerce,synthetic_e_commerce,reviews,order_id,varchar,25,25,0,0.0,1,2,1.0,1,0,0.2,0,10,4,25,3,1,0,4,4,10,1.0,2,2,2,0,1.0,3,1,0,0,0,8,0,0,1,0
synthetic_e_commerce,synthetic_e_commerce,reviews,customer_id,varchar,25,25,0,0.0,1,3,1.0,1,0,0.3,0,10,4,25,3,1,0,4,4,10,1.0,2,3,3,0,1.0,3,1,0,0,0,11,0,0,1,0
synthetic_e_commerce,synthetic_e_commerce,reviews,product_id,varchar,25,25,0,0.0,1,4,1.0,1,0,0.4,0,10,4,25,3,1,0,4,4,10,1.0,2,4,4,0,1.0,3,1,0,0,0,10,0,0,1,0
synthetic_e_commerce,synthetic_e_commerce,reviews,rating,bigint,4,25,0,0.0,0,5,0.16,1,0,0.5,0,10,4,25,4,1,0,4,4,10,1.0,2,8,5,0,0.16,4,0,0,0,0,6,0,0,0,0
synthetic_e_commerce,synthetic_e_commerce,reviews,title,varchar,15,25,0,0.0,0,6,0.6,1,0,0.6,0,10,4,25,4,1,0,4,4,10,1.0,2,5,6,0,0.6,4,0,0,0,0,5,0,0,0,0
synthetic_e_commerce,synthetic_e_commerce,reviews,body,varchar,12,25,0,0.0,0,7,0.48,1,0,0.7,0,10,4,25,4,1,0,4,4,10,1.0,2,6,7,0,0.48,4,0,0,0,0,4,0,0,0,0
synthetic_e_commerce,synthetic_e_commerce,reviews,verified_purchase,boolean,1,25,0,0.0,0,8,0.04,1,0,0.8,0,10,4,25,4,1,0,4,4,10,1.0,2,9,8,0,0.04,4,0,0,0,0,17,0,0,0,0
synthetic_e_commerce,synthetic_e_commerce,reviews,helpful_votes,bigint,7,25,0,0.0,0,9,0.28,1,0,0.9,0,10,4,25,4,1,0,4,4,10,1.0,2,7,9,0,0.28,4,0,0,0,0,13,0,0,0,0
synthetic_e_commerce,synthetic_e_commerce,reviews,reported,boolean,1,25,0,0.0,0,10,0.04,1,0,1.0,0,10,4,25,4,1,0,4,4,10,1.0,2,10,10,0,0.04,4,0,0,0,0,8,0,0,0,0
synthetic_e_commerce,synthetic_e_commerce,sessions,session_id,varchar,25,25,0,0.0,1,1,1.0,1,1,0.1111111111111111,1,9,2,25,1,1,0,3,2,9,1.0,2,1,1,1,1.0,2,1,0,0,1,10,1,0,0,0
synthetic_e_commerce,synthetic_e_commerce,sessions,customer_id,varchar,25,25,0,0.0,1,2,1.0,1,0,0.2222222222222222,0,9,2,25,1,1,0,3,2,9,1.0,2,2,2,0,1.0,2,1,0,0,0,11,0,0,1,0
synthetic_e_commerce,synthetic_e_commerce,sessions,device_type,varchar,3,25,0,0.0,0,3,0.12,1,0,0.3333333333333333,0,9,2,25,2,1,0,3,2,9,1.0,2,7,3,0,0.12,3,0,0,0,0,11,0,0,0,0
synthetic_e_commerce,synthetic_e_commerce,sessions,traffic_source,varchar,6,25,0,0.0,0,4,0.24,1,0,0.4444444444444444,0,9,2,25,2,1,0,3,2,9,1.0,2,6,4,0,0.24,3,0,0,0,0,14,0,0,0,0
synthetic_e_commerce,synthetic_e_commerce,sessions,landing_page,varchar,14,25,0,0.0,0,5,0.56,1,0,0.5555555555555556,0,9,2,25,2,1,0,3,2,9,1.0,2,4,5,0,0.56,3,0,0,0,0,12,0,0,0,0
synthetic_e_commerce,synthetic_e_commerce,sessions,page_views,bigint,13,25,0,0.0,0,6,0.52,1,0,0.6666666666666666,0,9,2,25,2,1,0,3,2,9,1.0,2,5,6,0,0.52,3,0,0,0,0,10,0,0,0,0
synthetic_e_commerce,synthetic_e_commerce,sessions,bounce,boolean,2,25,0,0.0,0,7,0.08,1,0,0.7777777777777778,0,9,2,25,2,1,0,3,2,9,1.0,2,8,7,0,0.08,3,0,0,0,0,6,0,0,0,0
synthetic_e_commerce,synthetic_e_commerce,sessions,converted,boolean,2,25,0,0.0,0,8,0.08,1,0,0.8888888888888888,0,9,2,25,2,1,0,3,2,9,1.0,2,9,8,0,0.08,3,0,0,0,0,9,0,0,0,0
synthetic_e_commerce,synthetic_e_commerce,sessions,duration_seconds,bigint,24,25,0,0.0,0,9,0.96,1,0,1.0,0,9,2,25,2,1,0,3,2,9,1.0,2,3,9,0,0.96,2,0,0,0,0,16,0,0,0,0
takemehome,takemehome,prognostica_afo,date,date,117,117,0,0.0,1,1,1.0,1,1,0.5,1,2,1,117,0,1,0,1,0,2,1.0,0,1,1,1,1.0,0,0,0,0,0,4,1,0,0,0
takemehome,takemehome,prognostica_afo,value,varchar,81,117,0,0.0,0,2,0.6923076923076923,1,0,1.0,0,2,1,117,1,1,0,1,0,2,1.0,0,2,2,0,0.6923076923076923,1,0,0,0,0,5,0,0,0,0
tiny,tiny,customer,custkey,bigint,1500,1500,0,0.0,1,1,1.0,1,1,0.125,1,8,5,1500,4,1,0,6,0,8,1.0,2,1,1,1,1.0,5,0,1,0,0,7,1,0,0,0
tiny,tiny,customer,name,varchar,1500,1500,0,0.0,1,2,1.0,1,0,0.25,0,8,5,1500,4,1,0,6,0,8,1.0,2,2,2,0,1.0,5,0,0,0,0,4,0,0,0,0
tiny,tiny,customer,address,varchar,1500,1500,0,0.0,1,3,1.0,1,0,0.375,0,8,5,1500,4,1,0,6,0,8,1.0,2,3,3,0,1.0,5,0,0,0,0,7,0,0,0,0
tiny,tiny,customer,nationkey,bigint,25,1500,0,0.0,0,4,0.0166666666666666,1,0,0.5,0,8,5,1500,5,1,0,6,0,8,1.0,2,7,4,0,0.0166666666666666,6,0,1,0,0,9,0,0,1,0
tiny,tiny,customer,phone,varchar,1500,1500,0,0.0,1,5,1.0,1,0,0.625,0,8,5,1500,4,1,0,6,0,8,1.0,2,4,5,0,1.0,5,0,0,0,0,5,0,0,0,0
tiny,tiny,customer,acctbal,double,1499,1500,0,0.0,0,6,0.9993333333333332,1,0,0.75,0,8,5,1500,5,1,0,6,0,8,1.0,2,6,6,0,0.9993333333333332,5,0,0,0,0,7,0,0,0,0
tiny,tiny,customer,mktsegment,varchar,5,1500,0,0.0,0,7,0.0033333333333333,1,0,0.875,0,8,5,1500,5,1,0,6,0,8,1.0,2,8,7,0,0.0033333333333333,6,0,0,0,0,10,0,0,0,0
tiny,tiny,customer,comment,varchar,1500,1500,0,0.0,1,8,1.0,1,0,1.0,0,8,5,1500,4,1,0,6,0,8,1.0,2,5,8,0,1.0,5,0,0,0,0,7,0,0,0,0
tiny,tiny,lineitem,orderkey,bigint,15000,60175,0,0.0,0,1,0.2492729538845035,1,1,0.0625,0,16,0,60175,0,0,1,1,0,16,0.9740922309929372,4,3,1,1,0.2559028251671898,1,0,1,0,0,8,0,1,0,0
tiny,tiny,lineitem,partkey,bigint,2000,60175,0,0.0,0,2,0.0332363938512671,1,0,0.125,0,16,0,60175,0,0,1,1,0,16,0.9740922309929372,4,7,2,0,0.0341203766889586,1,0,1,0,0,7,0,0,1,0
tiny,tiny,lineitem,suppkey,bigint,100,60175,0,0.0,0,3,0.0016618196925633,1,0,0.1875,0,16,0,60175,0,0,1,1,0,16,0.9740922309929372,4,8,3,0,0.0017060188344479,1,0,1,0,0,7,0,0,1,0
tiny,tiny,lineitem,linenumber,integer,7,60175,0,0.0,0,4,0.0001163273784794,1,0,0.25,0,16,0,60175,0,0,1,1,0,16,0.9740922309929372,4,12,4,0,0.0001194213184113,1,0,0,0,0,10,0,1,0,0
tiny,tiny,lineitem,quantity,double,50,60175,0,0.0,0,5,0.0008309098462816,1,0,0.3125,0,16,0,60175,0,0,1,1,0,16,0.9740922309929372,4,9,5,0,0.0008530094172239,1,0,0,0,0,8,0,0,0,0
tiny,tiny,lineitem,extendedprice,double,35921,60175,0,0.0,0,6,0.5969422517656834,1,0,0.375,0,16,0,60175,0,0,1,1,0,16,0.9740922309929372,4,2,6,0,0.6128190255220417,1,0,0,0,0,13,0,0,0,0
tiny,tiny,lineitem,discount,double,11,60175,0,0.0,0,7,0.0001828001661819,1,0,0.4375,0,16,0,60175,0,0,1,1,0,16,0.9740922309929372,4,10,7,0,0.0001876620717892,1,0,0,0,0,8,0,0,0,0
tiny,tiny,lineitem,tax,double,9,60175,0,0.0,0,8,0.0001495637723307,1,0,0.5,0,16,0,60175,0,0,1,1,0,16,0.9740922309929372,4,11,8,0,0.0001535416951003,1,0,0,0,0,3,0,0,0,0
tiny,tiny,lineitem,returnflag,varchar,3,60175,0,0.0,0,9,4.985459077690071e-05,1,0,0.5625,0,16,0,60175,0,0,1,1,0,16,0.9740922309929372,4,15,9,0,5.118056503343797e-05,1,0,0,0,0,10,0,0,0,0
tiny,tiny,lineitem,linestatus,varchar,2,60175,0,0.0,0,10,3.3236393851267136e-05,1,0,0.625,0,16,0,60175,0,0,1,1,0,16,0.9740922309929372,4,16,10,0,3.412037668895864e-05,1,0,0,0,0,10,0,0,0,0
tiny,tiny,lineitem,shipdate,date,2518,60175,0,0.0,0,11,0.0418446198587453,1,0,0.6875,0,16,0,60175,0,0,1,1,0,16,0.9740922309929372,4,5,11,0,0.0429575542513989,1,0,0,0,0,8,0,0,0,0
tiny,tiny,lineitem,commitdate,date,2460,60175,0,0.0,0,12,0.0408807644370585,1,0,0.75,0,16,0,60175,0,0,1,1,0,16,0.9740922309929372,4,6,12,0,0.0419680633274191,1,0,0,0,0,10,0,0,0,0
tiny,tiny,lineitem,receiptdate,date,2529,60175,0,0.0,0,13,0.0420274200249272,1,0,0.8125,0,16,0,60175,0,0,1,1,0,16,0.9740922309929372,4,4,13,0,0.0431452163231882,1,0,0,0,0,11,0,0,0,0
tiny,tiny,lineitem,shipinstruct,varchar,4,60175,0,0.0,0,14,6.647278770253427e-05,1,0,0.875,0,16,0,60175,0,0,1,1,0,16,0.9740922309929372,4,14,14,0,6.824075337791729e-05,1,0,0,0,0,12,0,0,0,0
tiny,tiny,lineitem,shipmode,varchar,7,60175,0,0.0,0,15,0.0001163273784794,1,0,0.9375,0,16,0,60175,0,0,1,1,0,16,0.9740922309929372,4,13,15,0,0.0001194213184113,1,0,0,0,0,8,0,0,0,0
tiny,tiny,lineitem,comment,varchar,58616,60175,0,0.0,0,16,0.9740922309929372,1,0,1.0,0,16,0,60175,0,0,1,1,0,16,0.9740922309929372,4,1,16,0,1.0,0,0,0,0,0,7,0,0,0,0
tiny,tiny,nation,nationkey,bigint,25,25,0,0.0,1,1,1.0,1,1,0.25,1,4,3,25,2,1,0,3,0,4,1.0,2,1,1,1,1.0,2,0,1,1,0,9,1,0,0,0
tiny,tiny,nation,name,varchar,25,25,0,0.0,1,2,1.0,1,0,0.5,0,4,3,25,2,1,0,3,0,4,1.0,2,2,2,0,1.0,2,0,0,0,0,4,0,0,0,0
tiny,tiny,nation,regionkey,bigint,5,25,0,0.0,0,3,0.2,1,0,0.75,0,4,3,25,3,1,0,3,0,4,1.0,2,4,3,0,0.2,3,0,1,0,0,9,0,0,1,0
tiny,tiny,nation,comment,varchar,25,25,0,0.0,1,4,1.0,1,0,1.0,0,4,3,25,2,1,0,3,0,4,1.0,2,3,4,0,1.0,2,0,0,0,0,7,0,0,0,0
tiny,tiny,orders,orderkey,bigint,15000,15000,0,0.0,1,1,1.0,1,1,0.1111111111111111,1,9,1,15000,0,1,0,3,0,9,1.0,3,1,1,1,1.0,2,0,1,0,0,8,1,0,0,0
tiny,tiny,orders,custkey,bigint,1000,15000,0,0.0,0,2,0.0666666666666666,1,0,0.2222222222222222,0,9,1,15000,1,1,0,3,0,9,1.0,3,5,2,0,0.0666666666666666,3,0,1,0,0,7,0,0,1,0
tiny,tiny,orders,orderstatus,varchar,3,15000,0,0.0,0,3,0.0002,1,0,0.3333333333333333,0,9,1,15000,1,1,0,3,0,9,1.0,3,8,3,0,0.0002,3,0,0,1,0,11,0,0,0,0
tiny,tiny,orders,totalprice,double,14996,15000,0,0.0,0,4,0.9997333333333334,1,0,0.4444444444444444,0,9,1,15000,1,1,0,3,0,9,1.0,3,2,4,0,0.9997333333333334,2,0,0,0,0,10,0,0,0,0
tiny,tiny,orders,orderdate,date,2401,15000,0,0.0,0,5,0.1600666666666666,1,0,0.5555555555555556,0,9,1,15000,1,1,0,3,0,9,1.0,3,4,5,0,0.1600666666666666,3,0,0,0,0,9,0,0,0,0
tiny,tiny,orders,orderpriority,varchar,5,15000,0,0.0,0,6,0.0003333333333333,1,0,0.6666666666666666,0,9,1,15000,1,1,0,3,0,9,1.0,3,7,6,0,0.0003333333333333,3,0,0,0,0,13,0,0,0,0
tiny,tiny,orders,clerk,varchar,1000,15000,0,0.0,0,7,0.0666666666666666,1,0,0.7777777777777778,0,9,1,15000,1,1,0,3,0,9,1.0,3,6,7,0,0.0666666666666666,3,0,0,0,0,5,0,0,0,0
tiny,tiny,orders,shippriority,integer,1,15000,0,0.0,0,8,6.666666666666667e-05,1,0,0.8888888888888888,0,9,1,15000,1,1,0,3,0,9,1.0,3,9,8,0,6.666666666666667e-05,3,0,0,0,0,12,0,0,0,0
tiny,tiny,orders,comment,varchar,14995,15000,0,0.0,0,9,0.9996666666666668,1,0,1.0,0,9,1,15000,1,1,0,3,0,9,1.0,3,3,9,0,0.9996666666666668,2,0,0,0,0,7,0,0,0,0
tiny,tiny,part,partkey,bigint,2000,2000,0,0.0,1,1,1.0,1,1,0.1111111111111111,1,9,2,2000,1,1,0,3,0,9,1.0,2,1,1,1,1.0,2,0,1,1,0,7,1,0,0,0
tiny,tiny,part,name,varchar,2000,2000,0,0.0,1,2,1.0,1,0,0.2222222222222222,0,9,2,2000,1,1,0,3,0,9,1.0,2,2,2,0,1.0,2,0,0,0,0,4,0,0,0,0
tiny,tiny,part,mfgr,varchar,5,2000,0,0.0,0,3,0.0025,1,0,0.3333333333333333,0,9,2,2000,2,1,0,3,0,9,1.0,2,9,3,0,0.0025,3,0,0,0,0,4,0,0,0,0
tiny,tiny,part,brand,varchar,25,2000,0,0.0,0,4,0.0125,1,0,0.4444444444444444,0,9,2,2000,2,1,0,3,0,9,1.0,2,8,4,0,0.0125,3,0,0,0,0,5,0,0,0,0
tiny,tiny,part,type,varchar,150,2000,0,0.0,0,5,0.075,1,0,0.5555555555555556,0,9,2,2000,2,1,0,3,0,9,1.0,2,5,5,0,0.075,3,0,0,0,0,4,0,0,0,0
tiny,tiny,part,size,integer,50,2000,0,0.0,0,6,0.025,1,0,0.6666666666666666,0,9,2,2000,2,1,0,3,0,9,1.0,2,6,6,0,0.025,3,0,0,0,0,4,0,0,0,0
tiny,tiny,part,container,varchar,40,2000,0,0.0,0,7,0.02,1,0,0.7777777777777778,0,9,2,2000,2,1,0,3,0,9,1.0,2,7,7,0,0.02,3,0,0,0,0,9,0,0,0,0
tiny,tiny,part,retailprice,double,1099,2000,0,0.0,0,8,0.5495,1,0,0.8888888888888888,0,9,2,2000,2,1,0,3,0,9,1.0,2,4,8,0,0.5495,3,0,0,0,0,11,0,0,0,0
tiny,tiny,part,comment,varchar,1959,2000,0,0.0,0,9,0.9795,1,0,1.0,0,9,2,2000,2,1,0,3,0,9,1.0,2,3,9,0,0.9795,2,0,0,0,0,7,0,0,0,0
tiny,tiny,partsupp,partkey,bigint,2000,8000,0,0.0,0,1,0.25,1,1,0.2,0,5,1,8000,1,1,0,2,0,5,1.0,3,4,1,1,0.25,2,0,1,0,0,7,0,1,0,0
tiny,tiny,partsupp,suppkey,bigint,100,8000,0,0.0,0,2,0.0125,1,0,0.4,0,5,1,8000,1,1,0,2,0,5,1.0,3,5,2,0,0.0125,2,0,1,0,0,7,0,1,0,0
tiny,tiny,partsupp,availqty,integer,5497,8000,0,0.0,0,3,0.687125,1,0,0.6,0,5,1,8000,1,1,0,2,0,5,1.0,3,3,3,0,0.687125,2,0,0,0,0,8,0,0,0,0
tiny,tiny,partsupp,supplycost,double,7665,8000,0,0.0,0,4,0.958125,1,0,0.8,0,5,1,8000,1,1,0,2,0,5,1.0,3,2,4,0,0.958125,1,0,0,0,0,10,0,0,0,0
tiny,tiny,partsupp,comment,varchar,8000,8000,0,0.0,1,5,1.0,1,0,1.0,1,5,1,8000,0,1,0,2,0,5,1.0,3,1,5,0,1.0,1,0,0,0,0,7,0,0,0,0
tiny,tiny,region,regionkey,bigint,5,5,0,0.0,1,1,1.0,1,1,0.3333333333333333,1,3,3,5,2,1,0,3,0,3,1.0,1,1,1,1,1.0,2,0,1,1,0,9,1,0,0,0
tiny,tiny,region,name,varchar,5,5,0,0.0,1,2,1.0,1,0,0.6666666666666666,0,3,3,5,2,1,0,3,0,3,1.0,1,2,2,0,1.0,2,0,0,0,0,4,0,0,0,0
tiny,tiny,region,comment,varchar,5,5,0,0.0,1,3,1.0,1,0,1.0,0,3,3,5,2,1,0,3,0,3,1.0,1,3,3,0,1.0,2,0,0,0,0,7,0,0,0,0
tiny,tiny,supplier,suppkey,bigint,100,100,0,0.0,1,1,1.0,1,1,0.1428571428571428,1,7,6,100,5,1,0,6,0,7,1.0,2,1,1,1,1.0,5,0,1,0,0,7,1,0,0,0
tiny,tiny,supplier,name,varchar,100,100,0,0.0,1,2,1.0,1,0,0.2857142857142857,0,7,6,100,5,1,0,6,0,7,1.0,2,2,2,0,1.0,5,0,0,0,0,4,0,0,0,0
tiny,tiny,supplier,address,varchar,100,100,0,0.0,1,3,1.0,1,0,0.4285714285714285,0,7,6,100,5,1,0,6,0,7,1.0,2,3,3,0,1.0,5,0,0,0,0,7,0,0,0,0
tiny,tiny,supplier,nationkey,bigint,25,100,0,0.0,0,4,0.25,1,0,0.5714285714285714,0,7,6,100,6,1,0,6,0,7,1.0,2,7,4,0,0.25,6,0,1,0,0,9,0,0,1,0
tiny,tiny,supplier,phone,varchar,100,100,0,0.0,1,5,1.0,1,0,0.7142857142857143,0,7,6,100,5,1,0,6,0,7,1.0,2,4,5,0,1.0,5,0,0,0,0,5,0,0,0,0
tiny,tiny,supplier,acctbal,double,100,100,0,0.0,1,6,1.0,1,0,0.8571428571428571,0,7,6,100,5,1,0,6,0,7,1.0,2,5,6,0,1.0,5,0,0,0,0,7,0,0,0,0
tiny,tiny,supplier,comment,varchar,100,100,0,0.0,1,7,1.0,1,0,1.0,0,7,6,100,5,1,0,6,0,7,1.0,2,6,7,0,1.0,5,0,0,0,0,7,0,0,0,0
usda_nutrition_data_flattened_sr_legacy,usda_nutrition_data_flattened_sr_legacy,food,fdc_id,bigint,1313,1313,0,0.0,1,1,1.0,1,1,0.2,1,5,2,1313,1,1,0,2,2,5,1.0,2,1,1,1,1.0,1,1,0,0,0,6,1,0,0,0
usda_nutrition_data_flattened_sr_legacy,usda_nutrition_data_flattened_sr_legacy,food,data_type,varchar,1,1313,0,0.0,0,2,0.0007616146230007,1,0,0.4,0,5,2,1313,2,1,0,2,2,5,1.0,2,4,2,0,0.0007616146230007,2,0,0,0,0,9,0,0,0,0
usda_nutrition_data_flattened_sr_legacy,usda_nutrition_data_flattened_sr_legacy,food,description,varchar,1313,1313,0,0.0,1,3,1.0,1,0,0.6,0,5,2,1313,1,1,0,2,2,5,1.0,2,2,3,0,1.0,1,0,0,0,0,11,0,0,0,0
usda_nutrition_data_flattened_sr_legacy,usda_nutrition_data_flattened_sr_legacy,food,food_category_id,bigint,18,1313,0,0.0,0,4,0.0137090632140137,1,0,0.8,0,5,2,1313,2,1,0,2,2,5,1.0,2,3,4,0,0.0137090632140137,2,1,0,1,0,16,0,0,1,0
usda_nutrition_data_flattened_sr_legacy,usda_nutrition_data_flattened_sr_legacy,food,publication_date,date,1,1313,0,0.0,0,5,0.0007616146230007,1,0,1.0,0,5,2,1313,2,1,0,2,2,5,1.0,2,5,5,0,0.0007616146230007,2,0,0,0,0,16,0,0,0,0
usda_nutrition_data_flattened_sr_legacy,usda_nutrition_data_flattened_sr_legacy,food_category,id,bigint,18,18,0,0.0,1,1,1.0,1,1,0.3333333333333333,1,3,3,18,2,1,0,3,0,3,1.0,2,1,1,1,1.0,2,0,0,0,0,2,1,0,0,0
usda_nutrition_data_flattened_sr_legacy,usda_nutrition_data_flattened_sr_legacy,food_category,code,bigint,18,18,0,0.0,1,2,1.0,1,0,0.6666666666666666,0,3,3,18,2,1,0,3,0,3,1.0,2,2,2,0,1.0,2,0,0,0,0,4,0,0,0,0
usda_nutrition_data_flattened_sr_legacy,usda_nutrition_data_flattened_sr_legacy,food_category,description,varchar,18,18,0,0.0,1,3,1.0,1,0,1.0,0,3,3,18,2,1,0,3,0,3,1.0,2,3,3,0,1.0,2,0,0,0,0,11,0,0,0,0
usda_nutrition_data_flattened_sr_legacy,usda_nutrition_data_flattened_sr_legacy,food_nutrient,id,bigint,644125,644125,0,0.0,1,1,1.0,1,1,0.0909090909090909,1,11,1,644125,0,1,0,1,3,5,1.0,5,1,1,1,1.0,0,0,0,0,0,2,1,0,0,0
usda_nutrition_data_flattened_sr_legacy,usda_nutrition_data_flattened_sr_legacy,food_nutrient,fdc_id,bigint,7793,644125,0,0.0,0,2,0.0120985833495051,1,0,0.1818181818181818,0,11,1,644125,1,1,0,1,3,5,1.0,5,4,2,0,0.0120985833495051,1,1,0,0,0,6,0,0,1,0
usda_nutrition_data_flattened_sr_legacy,usda_nutrition_data_flattened_sr_legacy,food_nutrient,nutrient_id,bigint,149,644125,0,0.0,0,3,0.0002313215602561,1,0,0.2727272727272727,0,11,1,644125,1,1,0,1,3,5,1.0,5,7,3,0,0.0002313215602561,1,1,0,0,0,11,0,0,0,0
usda_nutrition_data_flattened_sr_legacy,usda_nutrition_data_flattened_sr_legacy,food_nutrient,amount,double,19551,644125,0,0.0,0,4,0.0303528041917329,1,0,0.3636363636363636,0,11,1,644125,1,1,0,1,3,5,1.0,5,2,4,0,0.0303528041917329,1,0,0,0,0,6,0,0,0,0
usda_nutrition_data_flattened_sr_legacy,usda_nutrition_data_flattened_sr_legacy,food_nutrient,data_points,bigint,394,644125,0,0.0,0,5,0.0006116825150397,1,0,0.4545454545454545,0,11,1,644125,1,1,0,1,3,5,1.0,5,6,5,0,0.0006116825150397,1,0,0,0,0,11,0,0,0,0
usda_nutrition_data_flattened_sr_legacy,usda_nutrition_data_flattened_sr_legacy,food_nutrient,derivation_id,bigint,54,644125,181743,0.2821548612458762,0,6,8.38346594216961e-05,0,0,0.5454545454545454,0,11,1,644125,1,1,0,1,3,5,1.0,5,9,6,0,8.38346594216961e-05,1,1,0,0,0,13,0,0,0,0
usda_nutrition_data_flattened_sr_legacy,usda_nutrition_data_flattened_sr_legacy,food_nutrient,min,double,6907,644125,547234,0.8495773335920823,0,7,0.0107230739375121,0,0,0.6363636363636364,0,11,1,644125,1,1,0,1,3,5,1.0,5,5,8,0,0.0107230739375121,1,0,0,0,0,3,0,0,0,0
usda_nutrition_data_flattened_sr_legacy,usda_nutrition_data_flattened_sr_legacy,food_nutrient,max,double,7848,644125,547232,0.8495742286046963,0,8,0.0121839705026198,0,0,0.7272727272727273,0,11,1,644125,1,1,0,1,3,5,1.0,5,3,7,0,0.0121839705026198,1,0,0,0,0,3,0,0,0,0
usda_nutrition_data_flattened_sr_legacy,usda_nutrition_data_flattened_sr_legacy,food_nutrient,median,varchar,0,644125,644125,1.0,0,9,0.0,0,0,0.8181818181818182,0,11,1,644125,1,1,0,1,3,5,1.0,5,10,10,0,0.0,1,0,0,0,0,6,0,0,0,0
usda_nutrition_data_flattened_sr_legacy,usda_nutrition_data_flattened_sr_legacy,food_nutrient,footnote,varchar,81,644125,643861,0.9995901416650494,0,10,0.0001257519891325,0,0,0.9090909090909092,0,11,1,644125,1,1,0,1,3,5,1.0,5,8,9,0,0.0001257519891325,1,0,0,0,0,8,0,0,0,0
usda_nutrition_data_flattened_sr_legacy,usda_nutrition_data_flattened_sr_legacy,food_nutrient,min_year_acquired,varchar,0,644125,644125,1.0,0,11,0.0,0,0,1.0,0,11,1,644125,1,1,0,1,3,5,1.0,5,11,11,0,0.0,1,0,0,0,0,17,0,0,0,0
usda_nutrition_data_flattened_sr_legacy,usda_nutrition_data_flattened_sr_legacy,food_nutrient_conversion_factor,id,bigint,10770,10770,0,0.0,1,1,1.0,1,1,0.5,1,2,1,10770,0,1,0,1,1,2,1.0,2,1,1,1,1.0,0,0,0,0,0,2,1,0,0,0
usda_nutrition_data_flattened_sr_legacy,usda_nutrition_data_flattened_sr_legacy,food_nutrient_conversion_factor,fdc_id,bigint,6220,10770,0,0.0,0,2,0.5775301764159703,1,0,1.0,0,2,1,10770,1,1,0,1,1,2,1.0,2,2,2,0,0.5775301764159703,1,1,0,0,0,6,0,0,1,0
usda_nutrition_data_flattened_sr_legacy,usda_nutrition_data_flattened_sr_legacy,food_portion,id,bigint,14449,14449,0,0.0,1,1,1.0,1,1,0.0909090909090909,1,11,1,14449,0,1,0,1,2,7,1.0,5,1,1,1,1.0,0,0,0,0,0,2,1,0,0,0
usda_nutrition_data_flattened_sr_legacy,usda_nutrition_data_flattened_sr_legacy,food_portion,fdc_id,bigint,7533,14449,0,0.0,0,2,0.5213509585438438,1,0,0.1818181818181818,0,11,1,14449,1,1,0,1,2,7,1.0,5,2,2,0,0.5213509585438438,1,1,0,0,0,6,0,0,1,0
usda_nutrition_data_flattened_sr_legacy,usda_nutrition_data_flattened_sr_legacy,food_portion,seq_num,bigint,17,14449,0,0.0,0,3,0.0011765520105197,1,0,0.2727272727272727,0,11,1,14449,1,1,0,1,2,7,1.0,5,7,3,0,0.0011765520105197,1,0,0,0,0,7,0,0,0,0
usda_nutrition_data_flattened_sr_legacy,usda_nutrition_data_flattened_sr_legacy,food_portion,amount,double,63,14449,0,0.0,0,4,0.0043601633331026,1,0,0.3636363636363636,0,11,1,14449,1,1,0,1,2,7,1.0,5,6,4,0,0.0043601633331026,1,0,0,0,0,6,0,0,0,0
usda_nutrition_data_flattened_sr_legacy,usda_nutrition_data_flattened_sr_legacy,food_portion,measure_unit_id,bigint,1,14449,0,0.0,0,5,6.920894179527995e-05,1,0,0.4545454545454545,0,11,1,14449,1,1,0,1,2,7,1.0,5,8,5,0,6.920894179527995e-05,1,1,0,0,0,15,0,0,0,0
usda_nutrition_data_flattened_sr_legacy,usda_nutrition_data_flattened_sr_legacy,food_portion,portion_description,varchar,0,14449,14449,1.0,0,6,0.0,0,0,0.5454545454545454,0,11,1,14449,1,1,0,1,2,7,1.0,5,9,9,0,0.0,1,0,0,0,0,19,0,0,0,0
usda_nutrition_data_flattened_sr_legacy,usda_nutrition_data_flattened_sr_legacy,food_portion,modifier,varchar,1867,14449,0,0.0,0,7,0.1292130943317876,1,0,0.6363636363636364,0,11,1,14449,1,1,0,1,2,7,1.0,5,3,6,0,0.1292130943317876,1,0,0,0,0,8,0,0,0,0
usda_nutrition_data_flattened_sr_legacy,usda_nutrition_data_flattened_sr_legacy,food_portion,gram_weight,double,979,14449,0,0.0,0,8,0.067755554017579,1,0,0.7272727272727273,0,11,1,14449,1,1,0,1,2,7,1.0,5,4,7,0,0.067755554017579,1,0,0,0,0,11,0,0,0,0
usda_nutrition_data_flattened_sr_legacy,usda_nutrition_data_flattened_sr_legacy,food_portion,data_points,bigint,122,14449,10905,0.7547235102775278,0,9,0.0084434908990241,0,0,0.8181818181818182,0,11,1,14449,1,1,0,1,2,7,1.0,5,5,8,0,0.0084434908990241,1,0,0,0,0,11,0,0,0,0
usda_nutrition_data_flattened_sr_legacy,usda_nutrition_data_flattened_sr_legacy,food_portion,footnote,varchar,0,14449,14449,1.0,0,10,0.0,0,0,0.9090909090909092,0,11,1,14449,1,1,0,1,2,7,1.0,5,10,10,0,0.0,1,0,0,0,0,8,0,0,0,0
usda_nutrition_data_flattened_sr_legacy,usda_nutrition_data_flattened_sr_legacy,food_portion,min_year_acquired,varchar,0,14449,14449,1.0,0,11,0.0,0,0,1.0,0,11,1,14449,1,1,0,1,2,7,1.0,5,11,11,0,0.0,1,0,0,0,0,17,0,0,0,0
usda_nutrition_data_flattened_sr_legacy,usda_nutrition_data_flattened_sr_legacy,nutrient,id,bigint,50,50,0,0.0,1,1,1.0,1,1,0.2,1,5,3,50,2,1,0,4,0,5,1.0,3,1,1,1,1.0,3,0,0,0,0,2,1,0,0,0
usda_nutrition_data_flattened_sr_legacy,usda_nutrition_data_flattened_sr_legacy,nutrient,name,varchar,49,50,0,0.0,0,2,0.98,1,0,0.4,0,5,3,50,3,1,0,4,0,5,1.0,3,4,2,0,0.98,3,0,0,0,0,4,0,0,0,0
usda_nutrition_data_flattened_sr_legacy,usda_nutrition_data_flattened_sr_legacy,nutrient,unit_name,varchar,6,50,0,0.0,0,3,0.12,1,0,0.6,0,5,3,50,3,1,0,4,0,5,1.0,3,5,3,0,0.12,4,0,0,0,0,9,0,0,0,0
usda_nutrition_data_flattened_sr_legacy,usda_nutrition_data_flattened_sr_legacy,nutrient,nutrient_nbr,bigint,50,50,0,0.0,1,4,1.0,1,0,0.8,0,5,3,50,2,1,0,4,0,5,1.0,3,2,4,0,1.0,3,0,0,1,0,12,0,0,0,0
usda_nutrition_data_flattened_sr_legacy,usda_nutrition_data_flattened_sr_legacy,nutrient,rank,bigint,50,50,0,0.0,1,5,1.0,1,0,1.0,0,5,3,50,2,1,0,4,0,5,1.0,3,3,5,0,1.0,3,0,0,0,0,4,0,0,0,0
willibald,willibald,bestellung_periode_1,bestellungid,bigint,800,800,0,0.0,1,1,1.0,1,1,0.1666666666666666,1,6,2,800,1,1,0,2,0,6,1.0,3,1,1,1,1.0,1,0,0,0,0,12,1,0,0,0
willibald,willibald,bestellung_periode_1,kundeid,bigint,300,800,0,0.0,0,2,0.375,1,0,0.3333333333333333,0,6,2,800,2,1,0,2,0,6,1.0,3,3,2,0,0.375,2,0,0,0,0,7,0,0,1,0
willibald,willibald,bestellung_periode_1,allglieferadrid,bigint,800,800,0,0.0,1,3,1.0,1,0,0.5,0,6,2,800,1,1,0,2,0,6,1.0,3,2,3,0,1.0,1,0,0,0,0,15,0,0,1,0
willibald,willibald,bestellung_periode_1,bestelldatum,date,7,800,0,0.0,0,4,0.00875,1,0,0.6666666666666666,0,6,2,800,2,1,0,2,0,6,1.0,3,5,4,0,0.00875,2,0,0,0,0,12,0,0,0,0
willibald,willibald,bestellung_periode_1,wunschdatum,date,21,800,0,0.0,0,5,0.02625,1,0,0.8333333333333334,0,6,2,800,2,1,0,2,0,6,1.0,3,4,5,0,0.02625,2,0,0,0,0,11,0,0,0,0
willibald,willibald,bestellung_periode_1,rabatt,double,7,800,0,0.0,0,6,0.00875,1,0,1.0,0,6,2,800,2,1,0,2,0,6,1.0,3,6,6,0,0.00875,2,0,0,0,0,6,0,0,0,0
willibald,willibald,bestellung_periode_2,bestellungid,bigint,1534,1534,0,0.0,1,1,1.0,1,1,0.1666666666666666,1,6,1,1534,0,1,0,1,0,6,1.0,3,1,1,1,1.0,0,0,0,0,0,12,1,0,0,0
willibald,willibald,bestellung_periode_2,kundeid,bigint,350,1534,0,0.0,0,2,0.2281616688396349,1,0,0.3333333333333333,0,6,1,1534,1,1,0,1,0,6,1.0,3,3,2,0,0.2281616688396349,1,0,0,0,0,7,0,0,1,0
willibald,willibald,bestellung_periode_2,allglieferadrid,bigint,864,1534,0,0.0,0,3,0.5632333767926988,1,0,0.5,0,6,1,1534,1,1,0,1,0,6,1.0,3,2,3,0,0.5632333767926988,1,0,0,0,0,15,0,0,1,0
willibald,willibald,bestellung_periode_2,bestelldatum,date,14,1534,0,0.0,0,4,0.0091264667535853,1,0,0.6666666666666666,0,6,1,1534,1,1,0,1,0,6,1.0,3,5,4,0,0.0091264667535853,1,0,0,0,0,12,0,0,0,0
willibald,willibald,bestellung_periode_2,wunschdatum,date,28,1534,0,0.0,0,5,0.0182529335071707,1,0,0.8333333333333334,0,6,1,1534,1,1,0,1,0,6,1.0,3,4,5,0,0.0182529335071707,1,0,0,0,0,11,0,0,0,0
willibald,willibald,bestellung_periode_2,rabatt,double,7,1534,0,0.0,0,6,0.0045632333767926,1,0,1.0,0,6,1,1534,1,1,0,1,0,6,1.0,3,6,6,0,0.0045632333767926,1,0,0,0,0,6,0,0,0,0
willibald,willibald,bestellung_periode_3,bestellungid,bigint,2057,2057,0,0.0,1,1,1.0,1,1,0.1666666666666666,1,6,1,2057,0,1,0,1,0,6,1.0,3,1,1,1,1.0,0,0,0,0,0,12,1,0,0,0
willibald,willibald,bestellung_periode_3,kundeid,bigint,407,2057,0,0.0,0,2,0.1978609625668449,1,0,0.3333333333333333,0,6,1,2057,1,1,0,1,0,6,1.0,3,3,2,0,0.1978609625668449,1,0,0,0,0,7,0,0,1,0
willibald,willibald,bestellung_periode_3,allglieferadrid,bigint,996,2057,0,0.0,0,3,0.4842002916869227,1,0,0.5,0,6,1,2057,1,1,0,1,0,6,1.0,3,2,3,0,0.4842002916869227,1,0,0,0,0,15,0,0,1,0
willibald,willibald,bestellung_periode_3,bestelldatum,date,21,2057,0,0.0,0,4,0.0102090422946037,1,0,0.6666666666666666,0,6,1,2057,1,1,0,1,0,6,1.0,3,5,4,0,0.0102090422946037,1,0,0,0,0,12,0,0,0,0
willibald,willibald,bestellung_periode_3,wunschdatum,date,35,2057,0,0.0,0,5,0.0170150704910063,1,0,0.8333333333333334,0,6,1,2057,1,1,0,1,0,6,1.0,3,4,5,0,0.0170150704910063,1,0,0,0,0,11,0,0,0,0
willibald,willibald,bestellung_periode_3,rabatt,double,7,2057,0,0.0,0,6,0.0034030140982012,1,0,1.0,0,6,1,2057,1,1,0,1,0,6,1.0,3,6,6,0,0.0034030140982012,1,0,0,0,0,6,0,0,0,0
willibald,willibald,href_termintreue_periode_1,anzahl tage von,varchar,9,9,0,0.0,1,1,1.0,1,1,0.25,1,4,4,9,3,1,0,4,0,4,1.0,0,1,1,1,1.0,3,0,0,0,0,15,1,0,0,0
willibald,willibald,href_termintreue_periode_1,anzahl tage bis,varchar,9,9,0,0.0,1,2,1.0,1,0,0.5,0,4,4,9,3,1,0,4,0,4,1.0,0,2,2,0,1.0,3,0,0,0,0,15,0,0,0,0
willibald,willibald,href_termintreue_periode_1,bezeichnung,varchar,9,9,0,0.0,1,3,1.0,1,0,0.75,0,4,4,9,3,1,0,4,0,4,1.0,0,3,3,0,1.0,3,0,0,0,0,11,0,0,0,0
willibald,willibald,href_termintreue_periode_1,bewertung,varchar,9,9,0,0.0,1,4,1.0,1,0,1.0,0,4,4,9,3,1,0,4,0,4,1.0,0,4,4,0,1.0,3,0,0,0,0,9,0,0,0,0
willibald,willibald,href_termintreue_periode_2,anzahl tage von,varchar,10,10,0,0.0,1,1,1.0,1,1,0.25,1,4,4,10,3,1,0,4,0,4,1.0,0,1,1,1,1.0,3,0,0,0,0,15,1,0,0,0
willibald,willibald,href_termintreue_periode_2,anzahl tage bis,varchar,10,10,0,0.0,1,2,1.0,1,0,0.5,0,4,4,10,3,1,0,4,0,4,1.0,0,2,2,0,1.0,3,0,0,0,0,15,0,0,0,0
willibald,willibald,href_termintreue_periode_2,bezeichnung,varchar,10,10,0,0.0,1,3,1.0,1,0,0.75,0,4,4,10,3,1,0,4,0,4,1.0,0,3,3,0,1.0,3,0,0,0,0,11,0,0,0,0
willibald,willibald,href_termintreue_periode_2,bewertung,varchar,10,10,0,0.0,1,4,1.0,1,0,1.0,0,4,4,10,3,1,0,4,0,4,1.0,0,4,4,0,1.0,3,0,0,0,0,9,0,0,0,0
willibald,willibald,kunde_periode_1,kundeid,bigint,300,300,0,0.0,1,1,1.0,1,1,0.0833333333333333,1,12,3,300,2,1,0,5,0,8,1.0,1,1,1,1,1.0,4,0,0,0,0,7,1,0,0,0
willibald,willibald,kunde_periode_1,vereinspartnerid,varchar,6,300,162,0.54,0,2,0.02,0,0,0.1666666666666666,0,12,3,300,3,1,0,5,0,8,1.0,1,10,12,0,0.02,5,0,0,0,0,16,0,0,1,0
willibald,willibald,kunde_periode_1,vorname,varchar,281,300,0,0.0,0,3,0.9366666666666666,1,0,0.25,0,12,3,300,3,1,0,5,0,8,1.0,1,6,2,0,0.9366666666666666,5,0,0,0,0,7,0,0,0,0
willibald,willibald,kunde_periode_1,name,varchar,293,300,0,0.0,0,4,0.9766666666666668,1,0,0.3333333333333333,0,12,3,300,3,1,0,5,0,8,1.0,1,5,3,0,0.9766666666666668,4,0,0,0,0,4,0,0,0,0
willibald,willibald,kunde_periode_1,geschlecht,varchar,3,300,53,0.1766666666666666,0,5,0.01,0,0,0.4166666666666667,0,12,3,300,3,1,0,5,0,8,1.0,1,11,9,0,0.01,5,0,0,0,0,10,0,0,0,0
willibald,willibald,kunde_periode_1,geburtsdatum,date,298,300,0,0.0,0,6,0.9933333333333332,1,0,0.5,0,12,3,300,3,1,0,5,0,8,1.0,1,4,4,0,0.9933333333333332,4,0,0,0,0,12,0,0,0,0
willibald,willibald,kunde_periode_1,telefon,varchar,234,300,66,0.22,0,7,0.78,0,0,0.5833333333333334,0,12,3,300,3,1,0,5,0,8,1.0,1,8,11,0,0.78,5,0,0,0,0,7,0,0,0,0
willibald,willibald,kunde_periode_1,mobil,varchar,244,300,56,0.1866666666666666,0,8,0.8133333333333334,0,0,0.6666666666666666,0,12,3,300,3,1,0,5,0,8,1.0,1,7,10,0,0.8133333333333334,5,0,0,0,0,5,0,0,0,0
willibald,willibald,kunde_periode_1,email,varchar,300,300,0,0.0,1,9,1.0,1,0,0.75,0,12,3,300,2,1,0,5,0,8,1.0,1,2,5,0,1.0,4,0,0,0,0,5,0,0,0,0
willibald,willibald,kunde_periode_1,kreditkarte,varchar,300,300,0,0.0,1,10,1.0,1,0,0.8333333333333334,0,12,3,300,2,1,0,5,0,8,1.0,1,3,6,0,1.0,4,0,0,0,0,11,0,0,0,0
willibald,willibald,kunde_periode_1,gueltigbis,varchar,208,300,0,0.0,0,11,0.6933333333333334,1,0,0.9166666666666666,0,12,3,300,3,1,0,5,0,8,1.0,1,9,7,0,0.6933333333333334,5,0,0,0,0,10,0,0,0,0
willibald,willibald,kunde_periode_1,kkfirma,varchar,3,300,0,0.0,0,12,0.01,1,0,1.0,0,12,3,300,3,1,0,5,0,8,1.0,1,12,8,0,0.01,5,0,0,0,0,7,0,0,0,0
willibald,willibald,kunde_periode_2,kundeid,bigint,349,349,0,0.0,1,1,1.0,1,1,0.0833333333333333,1,12,3,349,2,1,0,5,0,8,1.0,1,1,1,1,1.0,4,0,0,0,0,7,1,0,0,0
willibald,willibald,kunde_periode_2,vereinspartnerid,varchar,7,349,188,0.5386819484240688,0,2,0.0200573065902578,0,0,0.1666666666666666,0,12,3,349,3,1,0,5,0,8,1.0,1,10,12,0,0.0200573065902578,5,0,0,0,0,16,0,0,1,0
willibald,willibald,kunde_periode_2,vorname,varchar,324,349,0,0.0,0,3,0.9283667621776504,1,0,0.25,0,12,3,349,3,1,0,5,0,8,1.0,1,6,2,0,0.9283667621776504,5,0,0,0,0,7,0,0,0,0
willibald,willibald,kunde_periode_2,name,varchar,341,349,0,0.0,0,4,0.9770773638968482,1,0,0.3333333333333333,0,12,3,349,3,1,0,5,0,8,1.0,1,5,3,0,0.9770773638968482,4,0,0,0,0,4,0,0,0,0
willibald,willibald,kunde_periode_2,geschlecht,varchar,3,349,60,0.1719197707736389,0,5,0.0085959885386819,0,0,0.4166666666666667,0,12,3,349,3,1,0,5,0,8,1.0,1,11,9,0,0.0085959885386819,5,0,0,0,0,10,0,0,0,0
willibald,willibald,kunde_periode_2,geburtsdatum,date,347,349,0,0.0,0,6,0.994269340974212,1,0,0.5,0,12,3,349,3,1,0,5,0,8,1.0,1,4,4,0,0.994269340974212,4,0,0,0,0,12,0,0,0,0
willibald,willibald,kunde_periode_2,telefon,varchar,267,349,82,0.2349570200573066,0,7,0.7650429799426934,0,0,0.5833333333333334,0,12,3,349,3,1,0,5,0,8,1.0,1,8,11,0,0.7650429799426934,5,0,0,0,0,7,0,0,0,0
willibald,willibald,kunde_periode_2,mobil,varchar,282,349,67,0.1919770773638968,0,8,0.8080229226361032,0,0,0.6666666666666666,0,12,3,349,3,1,0,5,0,8,1.0,1,7,10,0,0.8080229226361032,5,0,0,0,0,5,0,0,0,0
willibald,willibald,kunde_periode_2,email,varchar,349,349,0,0.0,1,9,1.0,1,0,0.75,0,12,3,349,2,1,0,5,0,8,1.0,1,2,5,0,1.0,4,0,0,0,0,5,0,0,0,0
willibald,willibald,kunde_periode_2,kreditkarte,varchar,349,349,0,0.0,1,10,1.0,1,0,0.8333333333333334,0,12,3,349,2,1,0,5,0,8,1.0,1,3,6,0,1.0,4,0,0,0,0,11,0,0,0,0
willibald,willibald,kunde_periode_2,gueltigbis,varchar,226,349,0,0.0,0,11,0.6475644699140402,1,0,0.9166666666666666,0,12,3,349,3,1,0,5,0,8,1.0,1,9,7,0,0.6475644699140402,5,0,0,0,0,10,0,0,0,0
willibald,willibald,kunde_periode_2,kkfirma,varchar,3,349,0,0.0,0,12,0.0085959885386819,1,0,1.0,0,12,3,349,3,1,0,5,0,8,1.0,1,12,8,0,0.0085959885386819,5,0,0,0,0,7,0,0,0,0
willibald,willibald,kunde_periode_3,kundeid,bigint,410,410,0,0.0,1,1,1.0,1,1,0.0833333333333333,1,12,3,410,2,1,0,5,0,8,1.0,1,1,1,1,1.0,4,0,0,0,0,7,1,0,0,0
willibald,willibald,kunde_periode_3,vereinspartnerid,varchar,7,410,219,0.5341463414634147,0,2,0.0170731707317073,0,0,0.1666666666666666,0,12,3,410,3,1,0,5,0,8,1.0,1,10,12,0,0.0170731707317073,5,0,0,0,0,16,0,0,1,0
willibald,willibald,kunde_periode_3,vorname,varchar,377,410,0,0.0,0,3,0.9195121951219511,1,0,0.25,0,12,3,410,3,1,0,5,0,8,1.0,1,6,2,0,0.9195121951219511,5,0,0,0,0,7,0,0,0,0
willibald,willibald,kunde_periode_3,name,varchar,400,410,0,0.0,0,4,0.975609756097561,1,0,0.3333333333333333,0,12,3,410,3,1,0,5,0,8,1.0,1,5,3,0,0.975609756097561,4,0,0,0,0,4,0,0,0,0
willibald,willibald,kunde_periode_3,geschlecht,varchar,3,410,71,0.173170731707317,0,5,0.0073170731707317,0,0,0.4166666666666667,0,12,3,410,3,1,0,5,0,8,1.0,1,11,9,0,0.0073170731707317,5,0,0,0,0,10,0,0,0,0
willibald,willibald,kunde_periode_3,geburtsdatum,date,407,410,0,0.0,0,6,0.9926829268292684,1,0,0.5,0,12,3,410,3,1,0,5,0,8,1.0,1,4,4,0,0.9926829268292684,4,0,0,0,0,12,0,0,0,0
willibald,willibald,kunde_periode_3,telefon,varchar,319,410,91,0.2219512195121951,0,7,0.7780487804878049,0,0,0.5833333333333334,0,12,3,410,3,1,0,5,0,8,1.0,1,8,11,0,0.7780487804878049,5,0,0,0,0,7,0,0,0,0
willibald,willibald,kunde_periode_3,mobil,varchar,330,410,80,0.1951219512195122,0,8,0.8048780487804879,0,0,0.6666666666666666,0,12,3,410,3,1,0,5,0,8,1.0,1,7,10,0,0.8048780487804879,5,0,0,0,0,5,0,0,0,0
willibald,willibald,kunde_periode_3,email,varchar,410,410,0,0.0,1,9,1.0,1,0,0.75,0,12,3,410,2,1,0,5,0,8,1.0,1,2,5,0,1.0,4,0,0,0,0,5,0,0,0,0
willibald,willibald,kunde_periode_3,kreditkarte,varchar,410,410,0,0.0,1,10,1.0,1,0,0.8333333333333334,0,12,3,410,2,1,0,5,0,8,1.0,1,3,6,0,1.0,4,0,0,0,0,11,0,0,0,0
willibald,willibald,kunde_periode_3,gueltigbis,varchar,255,410,0,0.0,0,11,0.6219512195121951,1,0,0.9166666666666666,0,12,3,410,3,1,0,5,0,8,1.0,1,9,7,0,0.6219512195121951,5,0,0,0,0,10,0,0,0,0
willibald,willibald,kunde_periode_3,kkfirma,varchar,3,410,0,0.0,0,12,0.0073170731707317,1,0,1.0,0,12,3,410,3,1,0,5,0,8,1.0,1,12,8,0,0.0073170731707317,5,0,0,0,0,7,0,0,0,0
willibald,willibald,lieferadresse_periode_1,lieferadrid,bigint,806,806,0,0.0,1,1,1.0,1,1,0.125,1,8,1,806,0,1,0,2,0,6,1.0,3,1,1,1,1.0,1,0,0,0,0,11,1,0,0,0
willibald,willibald,lieferadresse_periode_1,kundeid,bigint,303,806,0,0.0,0,2,0.3759305210918114,1,0,0.25,0,8,1,806,1,1,0,2,0,6,1.0,3,5,2,0,0.3759305210918114,2,0,0,0,0,7,0,0,1,0
willibald,willibald,lieferadresse_periode_1,strasse,varchar,769,806,0,0.0,0,3,0.9540942928039702,1,0,0.375,0,8,1,806,1,1,0,2,0,6,1.0,3,2,3,0,0.9540942928039702,1,0,0,0,0,7,0,0,0,0
willibald,willibald,lieferadresse_periode_1,hausnummer,varchar,241,806,0,0.0,0,4,0.2990074441687345,1,0,0.5,0,8,1,806,1,1,0,2,0,6,1.0,3,6,4,0,0.2990074441687345,2,0,0,0,0,10,0,0,0,0
willibald,willibald,lieferadresse_periode_1,adresszusatz,varchar,3,806,803,0.9962779156327544,0,5,0.0037220843672456,0,0,0.625,0,8,1,806,1,1,0,2,0,6,1.0,3,7,7,0,0.0037220843672456,2,0,0,0,0,12,0,0,0,0
willibald,willibald,lieferadresse_periode_1,plz,bigint,704,806,0,0.0,0,6,0.8734491315136477,1,0,0.75,0,8,1,806,1,1,0,2,0,6,1.0,3,4,5,0,0.8734491315136477,2,0,0,0,0,3,0,0,0,0
willibald,willibald,lieferadresse_periode_1,ort,varchar,721,806,0,0.0,0,7,0.8945409429280397,1,0,0.875,0,8,1,806,1,1,0,2,0,6,1.0,3,3,6,0,0.8945409429280397,2,0,0,0,0,3,0,0,0,0
willibald,willibald,lieferadresse_periode_1,land,varchar,0,806,806,1.0,0,8,0.0,0,0,1.0,0,8,1,806,1,1,0,2,0,6,1.0,3,8,8,0,0.0,2,0,0,0,0,4,0,0,0,0
willibald,willibald,lieferadresse_periode_2,lieferadrid,bigint,905,905,0,0.0,1,1,1.0,1,1,0.125,1,8,1,905,0,1,0,1,0,6,1.0,3,1,1,1,1.0,0,0,0,0,0,11,1,0,0,0
willibald,willibald,lieferadresse_periode_2,kundeid,bigint,350,905,0,0.0,0,2,0.3867403314917127,1,0,0.25,0,8,1,905,1,1,0,1,0,6,1.0,3,5,2,0,0.3867403314917127,1,0,0,0,0,7,0,0,1,0
willibald,willibald,lieferadresse_periode_2,strasse,varchar,763,905,0,0.0,0,3,0.8430939226519337,1,0,0.375,0,8,1,905,1,1,0,1,0,6,1.0,3,2,3,0,0.8430939226519337,1,0,0,0,0,7,0,0,0,0
willibald,willibald,lieferadresse_periode_2,hausnummer,varchar,241,905,0,0.0,0,4,0.2662983425414365,1,0,0.5,0,8,1,905,1,1,0,1,0,6,1.0,3,6,4,0,0.2662983425414365,1,0,0,0,0,10,0,0,0,0
willibald,willibald,lieferadresse_periode_2,adresszusatz,varchar,3,905,902,0.9966850828729282,0,5,0.0033149171270718,0,0,0.625,0,8,1,905,1,1,0,1,0,6,1.0,3,7,7,0,0.0033149171270718,1,0,0,0,0,12,0,0,0,0
willibald,willibald,lieferadresse_periode_2,plz,bigint,698,905,0,0.0,0,6,0.7712707182320442,1,0,0.75,0,8,1,905,1,1,0,1,0,6,1.0,3,4,5,0,0.7712707182320442,1,0,0,0,0,3,0,0,0,0
willibald,willibald,lieferadresse_periode_2,ort,varchar,714,905,0,0.0,0,7,0.7889502762430939,1,0,0.875,0,8,1,905,1,1,0,1,0,6,1.0,3,3,6,0,0.7889502762430939,1,0,0,0,0,3,0,0,0,0
willibald,willibald,lieferadresse_periode_2,land,varchar,0,905,905,1.0,0,8,0.0,0,0,1.0,0,8,1,905,1,1,0,1,0,6,1.0,3,8,8,0,0.0,1,0,0,0,0,4,0,0,0,0
willibald,willibald,lieferadresse_periode_3,lieferadrid,bigint,1025,1025,0,0.0,1,1,1.0,1,1,0.125,1,8,1,1025,0,1,0,1,0,6,1.0,3,1,1,1,1.0,0,0,0,0,0,11,1,0,0,0
willibald,willibald,lieferadresse_periode_3,kundeid,bigint,410,1025,0,0.0,0,2,0.4,1,0,0.25,0,8,1,1025,1,1,0,1,0,6,1.0,3,5,2,0,0.4,1,0,0,0,0,7,0,0,1,0
willibald,willibald,lieferadresse_periode_3,strasse,varchar,717,1025,0,0.0,0,3,0.6995121951219512,1,0,0.375,0,8,1,1025,1,1,0,1,0,6,1.0,3,2,3,0,0.6995121951219512,1,0,0,0,0,7,0,0,0,0
willibald,willibald,lieferadresse_periode_3,hausnummer,varchar,237,1025,0,0.0,0,4,0.2312195121951219,1,0,0.5,0,8,1,1025,1,1,0,1,0,6,1.0,3,6,4,0,0.2312195121951219,1,0,0,0,0,10,0,0,0,0
willibald,willibald,lieferadresse_periode_3,adresszusatz,varchar,3,1025,1022,0.9970731707317072,0,5,0.0029268292682926,0,0,0.625,0,8,1,1025,1,1,0,1,0,6,1.0,3,7,7,0,0.0029268292682926,1,0,0,0,0,12,0,0,0,0
willibald,willibald,lieferadresse_periode_3,plz,bigint,656,1025,0,0.0,0,6,0.64,1,0,0.75,0,8,1,1025,1,1,0,1,0,6,1.0,3,4,5,0,0.64,1,0,0,0,0,3,0,0,0,0
willibald,willibald,lieferadresse_periode_3,ort,varchar,671,1025,0,0.0,0,7,0.6546341463414634,1,0,0.875,0,8,1,1025,1,1,0,1,0,6,1.0,3,3,6,0,0.6546341463414634,1,0,0,0,0,3,0,0,0,0
willibald,willibald,lieferadresse_periode_3,land,varchar,0,1025,1025,1.0,0,8,0.0,0,0,1.0,0,8,1,1025,1,1,0,1,0,6,1.0,3,8,8,0,0.0,1,0,0,0,0,4,0,0,0,0
willibald,willibald,lieferdienst_periode_1,lieferdienstid,bigint,80,80,0,0.0,1,1,1.0,1,1,0.1,1,10,7,80,6,1,0,7,0,8,1.0,2,1,1,1,1.0,6,0,0,0,0,14,1,0,0,0
willibald,willibald,lieferdienst_periode_1,name,varchar,80,80,0,0.0,1,2,1.0,1,0,0.2,0,10,7,80,6,1,0,7,0,8,1.0,2,2,2,0,1.0,6,0,0,0,0,4,0,0,0,0
willibald,willibald,lieferdienst_periode_1,telefon,varchar,80,80,0,0.0,1,3,1.0,1,0,0.3,0,10,7,80,6,1,0,7,0,8,1.0,2,3,3,0,1.0,6,0,0,0,0,7,0,0,0,0
willibald,willibald,lieferdienst_periode_1,fax,varchar,67,80,13,0.1625,0,4,0.8375,0,0,0.4,0,10,7,80,7,1,0,7,0,8,1.0,2,8,9,0,0.8375,7,0,0,0,0,3,0,0,0,0
willibald,willibald,lieferdienst_periode_1,email,varchar,80,80,0,0.0,1,5,1.0,1,0,0.5,0,10,7,80,6,1,0,7,0,8,1.0,2,4,4,0,1.0,6,0,0,0,0,5,0,0,0,0
willibald,willibald,lieferdienst_periode_1,strasse,varchar,80,80,0,0.0,1,6,1.0,1,0,0.6,0,10,7,80,6,1,0,7,0,8,1.0,2,5,5,0,1.0,6,0,0,0,0,7,0,0,0,0
willibald,willibald,lieferdienst_periode_1,hausnummer,varchar,67,80,0,0.0,0,7,0.8375,1,0,0.7,0,10,7,80,7,1,0,7,0,8,1.0,2,9,6,0,0.8375,7,0,0,0,0,10,0,0,0,0
willibald,willibald,lieferdienst_periode_1,plz,bigint,80,80,0,0.0,1,8,1.0,1,0,0.8,0,10,7,80,6,1,0,7,0,8,1.0,2,6,7,0,1.0,6,0,0,0,0,3,0,0,0,0
willibald,willibald,lieferdienst_periode_1,ort,varchar,80,80,0,0.0,1,9,1.0,1,0,0.9,0,10,7,80,6,1,0,7,0,8,1.0,2,7,8,0,1.0,6,0,0,0,0,3,0,0,0,0
willibald,willibald,lieferdienst_periode_1,land,varchar,9,80,16,0.2,0,10,0.1125,0,0,1.0,0,10,7,80,7,1,0,7,0,8,1.0,2,10,10,0,0.1125,7,0,0,0,0,4,0,0,0,0
willibald,willibald,lieferdienst_periode_2,lieferdienstid,bigint,80,80,0,0.0,1,1,1.0,1,1,0.1,1,10,7,80,6,1,0,7,0,8,1.0,2,1,1,1,1.0,6,0,0,0,0,14,1,0,0,0
willibald,willibald,lieferdienst_periode_2,name,varchar,80,80,0,0.0,1,2,1.0,1,0,0.2,0,10,7,80,6,1,0,7,0,8,1.0,2,2,2,0,1.0,6,0,0,0,0,4,0,0,0,0
willibald,willibald,lieferdienst_periode_2,telefon,varchar,80,80,0,0.0,1,3,1.0,1,0,0.3,0,10,7,80,6,1,0,7,0,8,1.0,2,3,3,0,1.0,6,0,0,0,0,7,0,0,0,0
willibald,willibald,lieferdienst_periode_2,fax,varchar,67,80,13,0.1625,0,4,0.8375,0,0,0.4,0,10,7,80,7,1,0,7,0,8,1.0,2,8,9,0,0.8375,7,0,0,0,0,3,0,0,0,0
willibald,willibald,lieferdienst_periode_2,email,varchar,80,80,0,0.0,1,5,1.0,1,0,0.5,0,10,7,80,6,1,0,7,0,8,1.0,2,4,4,0,1.0,6,0,0,0,0,5,0,0,0,0
willibald,willibald,lieferdienst_periode_2,strasse,varchar,80,80,0,0.0,1,6,1.0,1,0,0.6,0,10,7,80,6,1,0,7,0,8,1.0,2,5,5,0,1.0,6,0,0,0,0,7,0,0,0,0
willibald,willibald,lieferdienst_periode_2,hausnummer,varchar,67,80,0,0.0,0,7,0.8375,1,0,0.7,0,10,7,80,7,1,0,7,0,8,1.0,2,9,6,0,0.8375,7,0,0,0,0,10,0,0,0,0
willibald,willibald,lieferdienst_periode_2,plz,bigint,80,80,0,0.0,1,8,1.0,1,0,0.8,0,10,7,80,6,1,0,7,0,8,1.0,2,6,7,0,1.0,6,0,0,0,0,3,0,0,0,0
willibald,willibald,lieferdienst_periode_2,ort,varchar,80,80,0,0.0,1,9,1.0,1,0,0.9,0,10,7,80,6,1,0,7,0,8,1.0,2,7,8,0,1.0,6,0,0,0,0,3,0,0,0,0
willibald,willibald,lieferdienst_periode_2,land,varchar,9,80,16,0.2,0,10,0.1125,0,0,1.0,0,10,7,80,7,1,0,7,0,8,1.0,2,10,10,0,0.1125,7,0,0,0,0,4,0,0,0,0
willibald,willibald,lieferdienst_periode_3,lieferdienstid,bigint,80,80,0,0.0,1,1,1.0,1,1,0.1,1,10,7,80,6,1,0,7,0,8,1.0,2,1,1,1,1.0,6,0,0,0,0,14,1,0,0,0
willibald,willibald,lieferdienst_periode_3,name,varchar,80,80,0,0.0,1,2,1.0,1,0,0.2,0,10,7,80,6,1,0,7,0,8,1.0,2,2,2,0,1.0,6,0,0,0,0,4,0,0,0,0
willibald,willibald,lieferdienst_periode_3,telefon,varchar,80,80,0,0.0,1,3,1.0,1,0,0.3,0,10,7,80,6,1,0,7,0,8,1.0,2,3,3,0,1.0,6,0,0,0,0,7,0,0,0,0
willibald,willibald,lieferdienst_periode_3,fax,varchar,67,80,13,0.1625,0,4,0.8375,0,0,0.4,0,10,7,80,7,1,0,7,0,8,1.0,2,8,9,0,0.8375,7,0,0,0,0,3,0,0,0,0
willibald,willibald,lieferdienst_periode_3,email,varchar,80,80,0,0.0,1,5,1.0,1,0,0.5,0,10,7,80,6,1,0,7,0,8,1.0,2,4,4,0,1.0,6,0,0,0,0,5,0,0,0,0
willibald,willibald,lieferdienst_periode_3,strasse,varchar,80,80,0,0.0,1,6,1.0,1,0,0.6,0,10,7,80,6,1,0,7,0,8,1.0,2,5,5,0,1.0,6,0,0,0,0,7,0,0,0,0
willibald,willibald,lieferdienst_periode_3,hausnummer,varchar,67,80,0,0.0,0,7,0.8375,1,0,0.7,0,10,7,80,7,1,0,7,0,8,1.0,2,9,6,0,0.8375,7,0,0,0,0,10,0,0,0,0
willibald,willibald,lieferdienst_periode_3,plz,bigint,80,80,0,0.0,1,8,1.0,1,0,0.8,0,10,7,80,6,1,0,7,0,8,1.0,2,6,7,0,1.0,6,0,0,0,0,3,0,0,0,0
willibald,willibald,lieferdienst_periode_3,ort,varchar,80,80,0,0.0,1,9,1.0,1,0,0.9,0,10,7,80,6,1,0,7,0,8,1.0,2,7,8,0,1.0,6,0,0,0,0,3,0,0,0,0
willibald,willibald,lieferdienst_periode_3,land,varchar,9,80,16,0.2,0,10,0.1125,0,0,1.0,0,10,7,80,7,1,0,7,0,8,1.0,2,10,10,0,0.1125,7,0,0,0,0,4,0,0,0,0
willibald,willibald,lieferung_periode_1,bestellungid,bigint,780,1951,0,0.0,0,1,0.3997949769349052,1,1,0.2,0,5,1,1951,1,1,0,1,0,5,1.0,4,2,1,1,0.3997949769349052,1,0,0,0,0,12,0,1,0,1
willibald,willibald,lieferung_periode_1,posid,bigint,1951,1951,0,0.0,1,2,1.0,1,0,0.4,1,5,1,1951,0,1,0,1,0,5,1.0,4,1,2,0,1.0,0,0,0,0,0,5,0,1,0,1
willibald,willibald,lieferung_periode_1,lieferadrid,bigint,780,1951,0,0.0,0,3,0.3997949769349052,1,0,0.6,0,5,1,1951,1,1,0,1,0,5,1.0,4,3,3,0,0.3997949769349052,1,0,0,0,0,11,0,1,1,0
willibald,willibald,lieferung_periode_1,lieferdienstid,bigint,61,1951,0,0.0,0,4,0.0312660174269605,1,0,0.8,0,5,1,1951,1,1,0,1,0,5,1.0,4,4,4,0,0.0312660174269605,1,0,0,0,0,14,0,1,1,0
willibald,willibald,lieferung_periode_1,lieferdatum,date,12,1951,0,0.0,0,5,0.0061506919528446,1,0,1.0,0,5,1,1951,1,1,0,1,0,5,1.0,4,5,5,0,0.0061506919528446,1,0,0,0,0,11,0,0,0,0
willibald,willibald,lieferung_periode_2,bestellungid,bigint,1507,3769,0,0.0,0,1,0.3998408065799947,1,1,0.2,0,5,1,3769,1,1,0,1,0,5,1.0,4,2,1,1,0.3998408065799947,1,0,0,0,0,12,0,1,0,1
willibald,willibald,lieferung_periode_2,posid,bigint,3769,3769,0,0.0,1,2,1.0,1,0,0.4,1,5,1,3769,0,1,0,1,0,5,1.0,4,1,2,0,1.0,0,0,0,0,0,5,0,1,0,1
willibald,willibald,lieferung_periode_2,lieferadrid,bigint,790,3769,0,0.0,0,3,0.2096046696736535,1,0,0.6,0,5,1,3769,1,1,0,1,0,5,1.0,4,3,3,0,0.2096046696736535,1,0,0,0,0,11,0,1,1,0
willibald,willibald,lieferung_periode_2,lieferdienstid,bigint,63,3769,0,0.0,0,4,0.0167153091005571,1,0,0.8,0,5,1,3769,1,1,0,1,0,5,1.0,4,4,4,0,0.0167153091005571,1,0,0,0,0,14,0,1,1,0
willibald,willibald,lieferung_periode_2,lieferdatum,date,18,3769,0,0.0,0,5,0.0047758026001591,1,0,1.0,0,5,1,3769,1,1,0,1,0,5,1.0,4,5,5,0,0.0047758026001591,1,0,0,0,0,11,0,0,0,0
willibald,willibald,lieferung_periode_3,bestellungid,bigint,2030,4319,0,0.0,0,1,0.4700162074554295,1,1,0.2,0,5,1,4319,1,1,0,1,0,5,1.0,4,2,1,1,0.4700162074554295,1,0,0,0,0,12,0,1,0,1
willibald,willibald,lieferung_periode_3,posid,bigint,4319,4319,0,0.0,1,2,1.0,1,0,0.4,1,5,1,4319,0,1,0,1,0,5,1.0,4,1,2,0,1.0,0,0,0,0,0,5,0,1,0,1
willibald,willibald,lieferung_periode_3,lieferadrid,bigint,921,4319,0,0.0,0,3,0.2132438064366751,1,0,0.6,0,5,1,4319,1,1,0,1,0,5,1.0,4,3,3,0,0.2132438064366751,1,0,0,0,0,11,0,1,1,0
willibald,willibald,lieferung_periode_3,lieferdienstid,bigint,66,4319,0,0.0,0,4,0.0152813151192405,1,0,0.8,0,5,1,4319,1,1,0,1,0,5,1.0,4,4,4,0,0.0152813151192405,1,0,0,0,0,14,0,1,1,0
willibald,willibald,lieferung_periode_3,lieferdatum,date,22,4319,0,0.0,0,5,0.0050937717064135,1,0,1.0,0,5,1,4319,1,1,0,1,0,5,1.0,4,5,5,0,0.0050937717064135,1,0,0,0,0,11,0,0,0,0
willibald,willibald,position_periode_1,bestellungid,bigint,800,2000,0,0.0,0,1,0.4,1,1,0.1666666666666666,0,6,1,2000,1,1,0,1,0,5,1.0,4,2,1,1,0.4,1,0,0,0,0,12,0,1,1,0
willibald,willibald,position_periode_1,posid,bigint,2000,2000,0,0.0,1,2,1.0,1,0,0.3333333333333333,1,6,1,2000,0,1,0,1,0,5,1.0,4,1,2,0,1.0,0,0,0,0,0,5,0,1,1,0
willibald,willibald,position_periode_1,produktid,bigint,112,2000,0,0.0,0,3,0.056,1,0,0.5,0,6,1,2000,1,1,0,1,0,5,1.0,4,4,3,0,0.056,1,0,0,0,0,9,0,0,1,0
willibald,willibald,position_periode_1,spezlieferadrid,double,300,2000,1700,0.85,0,4,0.15,0,0,0.6666666666666666,0,6,1,2000,1,1,0,1,0,5,1.0,4,3,6,0,0.15,1,0,0,0,0,15,0,0,1,0
willibald,willibald,position_periode_1,menge,bigint,11,2000,0,0.0,0,5,0.0055,1,0,0.8333333333333334,0,6,1,2000,1,1,0,1,0,5,1.0,4,6,4,0,0.0055,1,0,0,0,0,5,0,0,0,0
willibald,willibald,position_periode_1,preis,double,19,2000,0,0.0,0,6,0.0095,1,0,1.0,0,6,1,2000,1,1,0,1,0,5,1.0,4,5,5,0,0.0095,1,0,0,0,0,5,0,0,0,0
willibald,willibald,position_periode_2,bestellungid,bigint,1534,3836,0,0.0,0,1,0.399895724713243,1,1,0.1666666666666666,0,6,1,3836,1,1,0,1,0,5,1.0,4,2,1,1,0.399895724713243,1,0,0,0,0,12,0,1,1,0
willibald,willibald,position_periode_2,posid,bigint,3836,3836,0,0.0,1,2,1.0,1,0,0.3333333333333333,1,6,1,3836,0,1,0,1,0,5,1.0,4,1,2,0,1.0,0,0,0,0,0,5,0,1,1,0
willibald,willibald,position_periode_2,produktid,bigint,112,3836,0,0.0,0,3,0.0291970802919708,1,0,0.5,0,6,1,3836,1,1,0,1,0,5,1.0,4,4,3,0,0.0291970802919708,1,0,0,0,0,9,0,0,1,0
willibald,willibald,position_periode_2,spezlieferadrid,double,402,3836,3319,0.8652241918665277,0,4,0.1047966631908237,0,0,0.6666666666666666,0,6,1,3836,1,1,0,1,0,5,1.0,4,3,6,0,0.1047966631908237,1,0,0,0,0,15,0,0,1,0
willibald,willibald,position_periode_2,menge,bigint,11,3836,0,0.0,0,5,0.0028675703858185,1,0,0.8333333333333334,0,6,1,3836,1,1,0,1,0,5,1.0,4,6,4,0,0.0028675703858185,1,0,0,0,0,5,0,0,0,0
willibald,willibald,position_periode_2,preis,double,19,3836,0,0.0,0,6,0.0049530761209593,1,0,1.0,0,6,1,3836,1,1,0,1,0,5,1.0,4,5,5,0,0.0049530761209593,1,0,0,0,0,5,0,0,0,0
willibald,willibald,position_periode_3,bestellungid,bigint,2057,4355,0,0.0,0,1,0.4723306544202066,1,1,0.1666666666666666,0,6,1,4355,1,1,0,1,0,5,1.0,4,2,1,1,0.4723306544202066,1,0,0,0,0,12,0,1,1,0
willibald,willibald,position_periode_3,posid,bigint,4355,4355,0,0.0,1,2,1.0,1,0,0.3333333333333333,1,6,1,4355,0,1,0,1,0,5,1.0,4,1,2,0,1.0,0,0,0,0,0,5,0,1,1,0
willibald,willibald,position_periode_3,produktid,bigint,119,4355,0,0.0,0,3,0.027324913892078,1,0,0.5,0,6,1,4355,1,1,0,1,0,5,1.0,4,4,3,0,0.027324913892078,1,0,0,0,0,9,0,0,1,0
willibald,willibald,position_periode_3,spezlieferadrid,double,423,4355,3777,0.8672789896670494,0,4,0.097129735935706,0,0,0.6666666666666666,0,6,1,4355,1,1,0,1,0,5,1.0,4,3,6,0,0.097129735935706,1,0,0,0,0,15,0,0,1,0
willibald,willibald,position_periode_3,menge,bigint,11,4355,0,0.0,0,5,0.0025258323765786,1,0,0.8333333333333334,0,6,1,4355,1,1,0,1,0,5,1.0,4,6,4,0,0.0025258323765786,1,0,0,0,0,5,0,0,0,0
willibald,willibald,position_periode_3,preis,double,20,4355,0,0.0,0,6,0.0045924225028702,1,0,1.0,0,6,1,4355,1,1,0,1,0,5,1.0,4,5,5,0,0.0045924225028702,1,0,0,0,0,5,0,0,0,0
willibald,willibald,produkt_periode_1,produktid,bigint,126,126,0,0.0,1,1,1.0,1,1,0.125,1,8,2,126,1,1,0,2,0,8,1.0,2,1,1,1,1.0,1,0,0,0,0,9,1,0,0,0
willibald,willibald,produkt_periode_1,katid,varchar,54,126,0,0.0,0,2,0.4285714285714285,1,0,0.25,0,8,2,126,2,1,0,2,0,8,1.0,2,3,2,0,0.4285714285714285,2,0,0,0,0,5,0,0,1,0
willibald,willibald,produkt_periode_1,bezeichnung,varchar,126,126,0,0.0,1,3,1.0,1,0,0.375,0,8,2,126,1,1,0,2,0,8,1.0,2,2,3,0,1.0,1,0,0,0,0,11,0,0,0,0
willibald,willibald,produkt_periode_1,umfang,varchar,31,126,0,0.0,0,4,0.246031746031746,1,0,0.5,0,8,2,126,2,1,0,2,0,8,1.0,2,5,4,0,0.246031746031746,2,0,0,0,0,6,0,0,0,0
willibald,willibald,produkt_periode_1,typ,bigint,3,126,0,0.0,0,5,0.0238095238095238,1,0,0.625,0,8,2,126,2,1,0,2,0,8,1.0,2,8,5,0,0.0238095238095238,2,0,0,0,0,3,0,0,0,0
willibald,willibald,produkt_periode_1,preis,double,20,126,0,0.0,0,6,0.1587301587301587,1,0,0.75,0,8,2,126,2,1,0,2,0,8,1.0,2,6,6,0,0.1587301587301587,2,0,0,0,0,5,0,0,0,0
willibald,willibald,produkt_periode_1,pflanzort,varchar,6,126,0,0.0,0,7,0.0476190476190476,1,0,0.875,0,8,2,126,2,1,0,2,0,8,1.0,2,7,7,0,0.0476190476190476,2,0,0,0,0,9,0,0,0,0
willibald,willibald,produkt_periode_1,pflanzabstand,varchar,47,126,0,0.0,0,8,0.373015873015873,1,0,1.0,0,8,2,126,2,1,0,2,0,8,1.0,2,4,8,0,0.373015873015873,2,0,0,0,0,13,0,0,0,0
willibald,willibald,produkt_periode_2,produktid,bigint,126,126,0,0.0,1,1,1.0,1,1,0.125,1,8,2,126,1,1,0,2,0,8,1.0,2,1,1,1,1.0,1,0,0,0,0,9,1,0,0,0
willibald,willibald,produkt_periode_2,katid,varchar,54,126,0,0.0,0,2,0.4285714285714285,1,0,0.25,0,8,2,126,2,1,0,2,0,8,1.0,2,3,2,0,0.4285714285714285,2,0,0,0,0,5,0,0,1,0
willibald,willibald,produkt_periode_2,bezeichnung,varchar,126,126,0,0.0,1,3,1.0,1,0,0.375,0,8,2,126,1,1,0,2,0,8,1.0,2,2,3,0,1.0,1,0,0,0,0,11,0,0,0,0
willibald,willibald,produkt_periode_2,umfang,varchar,31,126,0,0.0,0,4,0.246031746031746,1,0,0.5,0,8,2,126,2,1,0,2,0,8,1.0,2,5,4,0,0.246031746031746,2,0,0,0,0,6,0,0,0,0
willibald,willibald,produkt_periode_2,typ,bigint,3,126,0,0.0,0,5,0.0238095238095238,1,0,0.625,0,8,2,126,2,1,0,2,0,8,1.0,2,8,5,0,0.0238095238095238,2,0,0,0,0,3,0,0,0,0
willibald,willibald,produkt_periode_2,preis,double,20,126,0,0.0,0,6,0.1587301587301587,1,0,0.75,0,8,2,126,2,1,0,2,0,8,1.0,2,6,6,0,0.1587301587301587,2,0,0,0,0,5,0,0,0,0
willibald,willibald,produkt_periode_2,pflanzort,varchar,6,126,0,0.0,0,7,0.0476190476190476,1,0,0.875,0,8,2,126,2,1,0,2,0,8,1.0,2,7,7,0,0.0476190476190476,2,0,0,0,0,9,0,0,0,0
willibald,willibald,produkt_periode_2,pflanzabstand,varchar,47,126,0,0.0,0,8,0.373015873015873,1,0,1.0,0,8,2,126,2,1,0,2,0,8,1.0,2,4,8,0,0.373015873015873,2,0,0,0,0,13,0,0,0,0
willibald,willibald,produkt_periode_3,produktid,bigint,126,126,0,0.0,1,1,1.0,1,1,0.125,1,8,2,126,1,1,0,2,0,8,1.0,2,1,1,1,1.0,1,0,0,0,0,9,1,0,0,0
willibald,willibald,produkt_periode_3,katid,varchar,54,126,0,0.0,0,2,0.4285714285714285,1,0,0.25,0,8,2,126,2,1,0,2,0,8,1.0,2,3,2,0,0.4285714285714285,2,0,0,0,0,5,0,0,1,0
willibald,willibald,produkt_periode_3,bezeichnung,varchar,126,126,0,0.0,1,3,1.0,1,0,0.375,0,8,2,126,1,1,0,2,0,8,1.0,2,2,3,0,1.0,1,0,0,0,0,11,0,0,0,0
willibald,willibald,produkt_periode_3,umfang,varchar,31,126,0,0.0,0,4,0.246031746031746,1,0,0.5,0,8,2,126,2,1,0,2,0,8,1.0,2,5,4,0,0.246031746031746,2,0,0,0,0,6,0,0,0,0
willibald,willibald,produkt_periode_3,typ,bigint,3,126,0,0.0,0,5,0.0238095238095238,1,0,0.625,0,8,2,126,2,1,0,2,0,8,1.0,2,8,5,0,0.0238095238095238,2,0,0,0,0,3,0,0,0,0
willibald,willibald,produkt_periode_3,preis,double,20,126,0,0.0,0,6,0.1587301587301587,1,0,0.75,0,8,2,126,2,1,0,2,0,8,1.0,2,6,6,0,0.1587301587301587,2,0,0,0,0,5,0,0,0,0
willibald,willibald,produkt_periode_3,pflanzort,varchar,6,126,0,0.0,0,7,0.0476190476190476,1,0,0.875,0,8,2,126,2,1,0,2,0,8,1.0,2,7,7,0,0.0476190476190476,2,0,0,0,0,9,0,0,0,0
willibald,willibald,produkt_periode_3,pflanzabstand,varchar,47,126,0,0.0,0,8,0.373015873015873,1,0,1.0,0,8,2,126,2,1,0,2,0,8,1.0,2,4,8,0,0.373015873015873,2,0,0,0,0,13,0,0,0,0
willibald,willibald,produktkategorie_periode_1,katid,varchar,64,64,0,0.0,1,1,1.0,1,1,0.3333333333333333,1,3,1,64,0,1,0,1,0,2,1.0,0,1,1,1,1.0,0,0,0,0,0,5,1,0,0,0
willibald,willibald,produktkategorie_periode_1,oberkatid,varchar,11,64,3,0.046875,0,2,0.171875,0,0,0.6666666666666666,0,3,1,64,1,1,0,1,0,2,1.0,0,3,3,0,0.171875,1,0,0,0,0,9,0,0,0,0
willibald,willibald,produktkategorie_periode_1,name,varchar,58,64,0,0.0,0,3,0.90625,1,0,1.0,0,3,1,64,1,1,0,1,0,2,1.0,0,2,2,0,0.90625,1,0,0,0,0,4,0,0,0,0
willibald,willibald,produktkategorie_periode_2,katid,varchar,64,64,0,0.0,1,1,1.0,1,1,0.3333333333333333,1,3,1,64,0,1,0,1,0,2,1.0,0,1,1,1,1.0,0,0,0,0,0,5,1,0,0,0
willibald,willibald,produktkategorie_periode_2,oberkatid,varchar,11,64,3,0.046875,0,2,0.171875,0,0,0.6666666666666666,0,3,1,64,1,1,0,1,0,2,1.0,0,3,3,0,0.171875,1,0,0,0,0,9,0,0,0,0
willibald,willibald,produktkategorie_periode_2,name,varchar,58,64,0,0.0,0,3,0.90625,1,0,1.0,0,3,1,64,1,1,0,1,0,2,1.0,0,2,2,0,0.90625,1,0,0,0,0,4,0,0,0,0
willibald,willibald,produktkategorie_periode_3,katid,varchar,64,64,0,0.0,1,1,1.0,1,1,0.3333333333333333,1,3,1,64,0,1,0,1,0,2,1.0,0,1,1,1,1.0,0,0,0,0,0,5,1,0,0,0
willibald,willibald,produktkategorie_periode_3,oberkatid,varchar,11,64,3,0.046875,0,2,0.171875,0,0,0.6666666666666666,0,3,1,64,1,1,0,1,0,2,1.0,0,3,3,0,0.171875,1,0,0,0,0,9,0,0,0,0
willibald,willibald,produktkategorie_periode_3,name,varchar,58,64,0,0.0,0,3,0.90625,1,0,1.0,0,3,1,64,1,1,0,1,0,2,1.0,0,2,2,0,0.90625,1,0,0,0,0,4,0,0,0,0
willibald,willibald,ref_produkt_typ,typ,bigint,5,5,0,0.0,1,1,1.0,1,1,0.5,1,2,2,5,1,1,0,2,0,2,1.0,1,1,1,1,1.0,1,0,0,0,0,3,1,0,0,0
willibald,willibald,ref_produkt_typ,bezeichnung,varchar,5,5,0,0.0,1,2,1.0,1,0,1.0,0,2,2,5,1,1,0,2,0,2,1.0,1,2,2,0,1.0,1,0,0,0,0,11,0,0,0,0
willibald,willibald,rs_bestellung_tag_1,bestellungid,varchar,900,1259,0,0.0,0,1,0.7148530579825259,1,1,0.0909090909090909,0,11,0,1259,0,0,1,0,0,7,0.7148530579825259,2,1,1,1,1.0,0,0,0,0,0,12,0,1,0,0
willibald,willibald,rs_bestellung_tag_1,kundeid,double,183,1259,912,0.7243844320889595,0,2,0.1453534551231136,0,0,0.1818181818181818,0,11,0,1259,0,0,1,0,0,7,0.7148530579825259,2,3,11,0,0.2033333333333333,0,0,0,0,0,7,0,0,1,0
willibald,willibald,rs_bestellung_tag_1,vereinspartnerid,varchar,1,1259,0,0.0,0,3,0.0007942811755361,1,0,0.2727272727272727,0,11,0,1259,0,0,1,0,0,7,0.7148530579825259,2,10,2,0,0.0011111111111111,0,0,0,0,0,16,0,0,0,0
willibald,willibald,rs_bestellung_tag_1,kaufdatum,date,1,1259,0,0.0,0,4,0.0007942811755361,1,0,0.3636363636363636,0,11,0,1259,0,0,1,0,0,7,0.7148530579825259,2,11,3,0,0.0011111111111111,0,0,0,0,0,9,0,0,0,0
willibald,willibald,rs_bestellung_tag_1,kreditkarte,varchar,270,1259,626,0.4972200158856235,0,5,0.2144559173947577,0,0,0.4545454545454545,0,11,0,1259,0,0,1,0,0,7,0.7148530579825259,2,2,8,0,0.3,0,0,0,0,0,11,0,0,0,0
willibald,willibald,rs_bestellung_tag_1,gueltigbis,varchar,145,1259,626,0.4972200158856235,0,6,0.1151707704527402,0,0,0.5454545454545454,0,11,0,1259,0,0,1,0,0,7,0.7148530579825259,2,4,9,0,0.1611111111111111,0,0,0,0,0,10,0,0,0,0
willibald,willibald,rs_bestellung_tag_1,kkfirma,varchar,3,1259,626,0.4972200158856235,0,7,0.0023828435266084,0,0,0.6363636363636364,0,11,0,1259,0,0,1,0,0,7,0.7148530579825259,2,9,10,0,0.0033333333333333,0,0,0,0,0,7,0,0,0,0
willibald,willibald,rs_bestellung_tag_1,produktid,bigint,125,1259,0,0.0,0,8,0.0992851469420174,1,0,0.7272727272727273,0,11,0,1259,0,0,1,0,0,7,0.7148530579825259,2,5,4,0,0.1388888888888888,0,0,0,0,0,9,0,1,1,0
willibald,willibald,rs_bestellung_tag_1,menge,bigint,49,1259,0,0.0,0,9,0.0389197776012708,1,0,0.8181818181818182,0,11,0,1259,0,0,1,0,0,7,0.7148530579825259,2,7,5,0,0.0544444444444444,0,0,0,0,0,5,0,0,0,0
willibald,willibald,rs_bestellung_tag_1,preis,double,37,1259,0,0.0,0,10,0.0293884034948371,1,0,0.9090909090909092,0,11,0,1259,0,0,1,0,0,7,0.7148530579825259,2,8,6,0,0.0411111111111111,0,0,0,0,0,5,0,0,0,0
willibald,willibald,rs_bestellung_tag_1,rabatt,double,124,1259,0,0.0,0,11,0.0984908657664813,1,0,1.0,0,11,0,1259,0,0,1,0,0,7,0.7148530579825259,2,6,7,0,0.1377777777777777,0,0,0,0,0,6,0,0,0,0
willibald,willibald,rs_bestellung_tag_2,bestellungid,varchar,1036,1260,0,0.0,0,1,0.8222222222222222,1,1,0.0909090909090909,0,11,0,1260,0,0,1,0,0,7,0.8222222222222222,2,1,1,1,1.0,0,0,0,0,0,12,0,1,0,0
willibald,willibald,rs_bestellung_tag_2,kundeid,double,166,1260,970,0.7698412698412699,0,2,0.1317460317460317,0,0,0.1818181818181818,0,11,0,1260,0,0,1,0,0,7,0.8222222222222222,2,3,11,0,0.1602316602316602,0,0,0,0,0,7,0,0,1,0
willibald,willibald,rs_bestellung_tag_2,vereinspartnerid,varchar,1,1260,0,0.0,0,3,0.0007936507936507,1,0,0.2727272727272727,0,11,0,1260,0,0,1,0,0,7,0.8222222222222222,2,10,2,0,0.0009652509652509,0,0,0,0,0,16,0,0,0,0
willibald,willibald,rs_bestellung_tag_2,kaufdatum,date,1,1260,0,0.0,0,4,0.0007936507936507,1,0,0.3636363636363636,0,11,0,1260,0,0,1,0,0,7,0.8222222222222222,2,11,3,0,0.0009652509652509,0,0,0,0,0,9,0,0,0,0
willibald,willibald,rs_bestellung_tag_2,kreditkarte,varchar,295,1260,575,0.4563492063492063,0,5,0.2341269841269841,0,0,0.4545454545454545,0,11,0,1260,0,0,1,0,0,7,0.8222222222222222,2,2,8,0,0.2847490347490347,0,0,0,0,0,11,0,0,0,0
willibald,willibald,rs_bestellung_tag_2,gueltigbis,varchar,156,1260,575,0.4563492063492063,0,6,0.1238095238095238,0,0,0.5454545454545454,0,11,0,1260,0,0,1,0,0,7,0.8222222222222222,2,4,9,0,0.1505791505791505,0,0,0,0,0,10,0,0,0,0
willibald,willibald,rs_bestellung_tag_2,kkfirma,varchar,3,1260,575,0.4563492063492063,0,7,0.0023809523809523,0,0,0.6363636363636364,0,11,0,1260,0,0,1,0,0,7,0.8222222222222222,2,9,10,0,0.0028957528957528,0,0,0,0,0,7,0,0,0,0
willibald,willibald,rs_bestellung_tag_2,produktid,bigint,125,1260,0,0.0,0,8,0.0992063492063492,1,0,0.7272727272727273,0,11,0,1260,0,0,1,0,0,7,0.8222222222222222,2,6,4,0,0.1206563706563706,0,0,0,0,0,9,0,1,1,0
willibald,willibald,rs_bestellung_tag_2,menge,bigint,49,1260,0,0.0,0,9,0.0388888888888888,1,0,0.8181818181818182,0,11,0,1260,0,0,1,0,0,7,0.8222222222222222,2,7,5,0,0.0472972972972973,0,0,0,0,0,5,0,0,0,0
willibald,willibald,rs_bestellung_tag_2,preis,double,37,1260,0,0.0,0,10,0.0293650793650793,1,0,0.9090909090909092,0,11,0,1260,0,0,1,0,0,7,0.8222222222222222,2,8,6,0,0.0357142857142857,0,0,0,0,0,5,0,0,0,0
willibald,willibald,rs_bestellung_tag_2,rabatt,double,152,1260,0,0.0,0,11,0.1206349206349206,1,0,1.0,0,11,0,1260,0,0,1,0,0,7,0.8222222222222222,2,5,7,0,0.1467181467181467,0,0,0,0,0,6,0,0,0,0
willibald,willibald,rs_bestellung_tag_3,bestellungid,varchar,874,1195,0,0.0,0,1,0.7313807531380753,1,1,0.0909090909090909,0,11,0,1195,0,0,1,0,0,7,0.7313807531380753,2,1,1,1,1.0,0,0,0,0,0,12,0,1,0,0
willibald,willibald,rs_bestellung_tag_3,kundeid,double,139,1195,936,0.7832635983263598,0,2,0.1163179916317991,0,0,0.1818181818181818,0,11,0,1195,0,0,1,0,0,7,0.7313807531380753,2,5,11,0,0.1590389016018306,0,0,0,0,0,7,0,0,1,0
willibald,willibald,rs_bestellung_tag_3,vereinspartnerid,varchar,1,1195,0,0.0,0,3,0.000836820083682,1,0,0.2727272727272727,0,11,0,1195,0,0,1,0,0,7,0.7313807531380753,2,10,2,0,0.0011441647597254,0,0,0,0,0,16,0,0,1,0
willibald,willibald,rs_bestellung_tag_3,kaufdatum,date,1,1195,0,0.0,0,4,0.000836820083682,1,0,0.3636363636363636,0,11,0,1195,0,0,1,0,0,7,0.7313807531380753,2,11,3,0,0.0011441647597254,0,0,0,0,0,9,0,0,0,0
willibald,willibald,rs_bestellung_tag_3,kreditkarte,varchar,258,1195,623,0.5213389121338912,0,5,0.2158995815899581,0,0,0.4545454545454545,0,11,0,1195,0,0,1,0,0,7,0.7313807531380753,2,2,8,0,0.2951945080091533,0,0,0,0,0,11,0,0,0,0
willibald,willibald,rs_bestellung_tag_3,gueltigbis,varchar,154,1195,623,0.5213389121338912,0,6,0.1288702928870292,0,0,0.5454545454545454,0,11,0,1195,0,0,1,0,0,7,0.7313807531380753,2,3,9,0,0.1762013729977116,0,0,0,0,0,10,0,0,0,0
willibald,willibald,rs_bestellung_tag_3,kkfirma,varchar,3,1195,623,0.5213389121338912,0,7,0.002510460251046,0,0,0.6363636363636364,0,11,0,1195,0,0,1,0,0,7,0.7313807531380753,2,9,10,0,0.0034324942791762,0,0,0,0,0,7,0,0,0,0
willibald,willibald,rs_bestellung_tag_3,produktid,bigint,125,1195,0,0.0,0,8,0.104602510460251,1,0,0.7272727272727273,0,11,0,1195,0,0,1,0,0,7,0.7313807531380753,2,6,4,0,0.143020594965675,0,0,0,0,0,9,0,1,1,0
willibald,willibald,rs_bestellung_tag_3,menge,bigint,49,1195,0,0.0,0,9,0.0410041841004184,1,0,0.8181818181818182,0,11,0,1195,0,0,1,0,0,7,0.7313807531380753,2,7,5,0,0.0560640732265446,0,0,0,0,0,5,0,0,0,0
willibald,willibald,rs_bestellung_tag_3,preis,double,37,1195,0,0.0,0,10,0.0309623430962343,1,0,0.9090909090909092,0,11,0,1195,0,0,1,0,0,7,0.7313807531380753,2,8,6,0,0.0423340961098398,0,0,0,0,0,5,0,0,0,0
willibald,willibald,rs_bestellung_tag_3,rabatt,double,144,1195,0,0.0,0,11,0.1205020920502092,1,0,1.0,0,11,0,1195,0,0,1,0,0,7,0.7313807531380753,2,4,7,0,0.1647597254004576,0,0,0,0,0,6,0,0,0,0
willibald,willibald,vereinspartner_periode_1,vereinspartnerid,varchar,6,6,0,0.0,1,1,1.0,1,1,0.2,1,5,2,6,1,1,0,2,0,5,1.0,4,1,1,1,1.0,1,0,0,0,0,16,1,0,0,0
willibald,willibald,vereinspartner_periode_1,kundeidverein,bigint,6,6,0,0.0,1,2,1.0,1,0,0.4,0,5,2,6,1,1,0,2,0,5,1.0,4,2,2,0,1.0,1,0,0,0,0,13,0,0,0,0
willibald,willibald,vereinspartner_periode_1,rabatt1,bigint,5,6,0,0.0,0,3,0.8333333333333334,1,0,0.6,0,5,2,6,2,1,0,2,0,5,1.0,4,3,3,0,0.8333333333333334,2,0,0,0,0,7,0,0,0,0
willibald,willibald,vereinspartner_periode_1,rabatt2,bigint,5,6,0,0.0,0,4,0.8333333333333334,1,0,0.8,0,5,2,6,2,1,0,2,0,5,1.0,4,4,4,0,0.8333333333333334,2,0,0,0,0,7,0,0,0,0
willibald,willibald,vereinspartner_periode_1,rabatt3,bigint,5,6,0,0.0,0,5,0.8333333333333334,1,0,1.0,0,5,2,6,2,1,0,2,0,5,1.0,4,5,5,0,0.8333333333333334,2,0,0,0,0,7,0,0,0,0
willibald,willibald,vereinspartner_periode_2,vereinspartnerid,varchar,7,7,0,0.0,1,1,1.0,1,1,0.2,1,5,2,7,1,1,0,2,0,5,1.0,4,1,1,1,1.0,1,0,0,0,0,16,1,0,0,0
willibald,willibald,vereinspartner_periode_2,kundeidverein,bigint,7,7,0,0.0,1,2,1.0,1,0,0.4,0,5,2,7,1,1,0,2,0,5,1.0,4,2,2,0,1.0,1,0,0,0,0,13,1,0,0,0
willibald,willibald,vereinspartner_periode_2,rabatt1,bigint,5,7,0,0.0,0,3,0.7142857142857143,1,0,0.6,0,5,2,7,2,1,0,2,0,5,1.0,4,5,3,0,0.7142857142857143,2,0,0,0,0,7,0,0,0,0
willibald,willibald,vereinspartner_periode_2,rabatt2,bigint,6,7,0,0.0,0,4,0.8571428571428571,1,0,0.8,0,5,2,7,2,1,0,2,0,5,1.0,4,3,4,0,0.8571428571428571,2,0,0,0,0,7,0,0,0,0
willibald,willibald,vereinspartner_periode_2,rabatt3,bigint,6,7,0,0.0,0,5,0.8571428571428571,1,0,1.0,0,5,2,7,2,1,0,2,0,5,1.0,4,4,5,0,0.8571428571428571,2,0,0,0,0,7,0,0,0,0
willibald,willibald,vereinspartner_periode_3,vereinspartnerid,varchar,7,7,0,0.0,1,1,1.0,1,1,0.2,1,5,2,7,1,1,0,2,0,5,1.0,4,1,1,1,1.0,1,0,0,0,0,16,1,0,0,0
willibald,willibald,vereinspartner_periode_3,kundeidverein,bigint,7,7,0,0.0,1,2,1.0,1,0,0.4,0,5,2,7,1,1,0,2,0,5,1.0,4,2,2,0,1.0,1,0,0,0,0,13,0,0,0,0
willibald,willibald,vereinspartner_periode_3,rabatt1,bigint,5,7,0,0.0,0,3,0.7142857142857143,1,0,0.6,0,5,2,7,2,1,0,2,0,5,1.0,4,5,3,0,0.7142857142857143,2,0,0,0,0,7,0,0,0,0
willibald,willibald,vereinspartner_periode_3,rabatt2,bigint,6,7,0,0.0,0,4,0.8571428571428571,1,0,0.8,0,5,2,7,2,1,0,2,0,5,1.0,4,3,4,0,0.8571428571428571,2,0,0,0,0,7,0,0,0,0
willibald,willibald,vereinspartner_periode_3,rabatt3,bigint,6,7,0,0.0,0,5,0.8571428571428571,1,0,1.0,0,5,2,7,2,1,0,2,0,5,1.0,4,4,5,0,0.8571428571428571,2,0,0,0,0,7,0,0,0,0
willibald,willibald,wohnort_periode_1,kundeid,bigint,300,700,0,0.0,0,1,0.4285714285714285,1,1,0.1111111111111111,0,9,0,700,0,0,1,1,0,6,0.9728571428571428,2,6,1,1,0.4405286343612334,1,0,0,0,0,7,0,1,1,0
willibald,willibald,wohnort_periode_1,von,date,681,700,0,0.0,0,2,0.9728571428571428,1,0,0.2222222222222222,0,9,0,700,0,0,1,1,0,6,0.9728571428571428,2,1,2,0,1.0,0,0,0,0,0,3,0,1,0,0
willibald,willibald,wohnort_periode_1,bis,date,393,700,300,0.4285714285714285,0,3,0.5614285714285714,0,0,0.3333333333333333,0,9,0,700,0,0,1,1,0,6,0.9728571428571428,2,5,7,0,0.5770925110132158,1,0,0,0,0,3,0,0,0,0
willibald,willibald,wohnort_periode_1,strasse,varchar,664,700,0,0.0,0,4,0.9485714285714286,1,0,0.4444444444444444,0,9,0,700,0,0,1,1,0,6,0.9728571428571428,2,2,3,0,0.97503671071953,1,0,0,0,0,7,0,0,0,0
willibald,willibald,wohnort_periode_1,hausnummer,varchar,224,700,0,0.0,0,5,0.32,1,0,0.5555555555555556,0,9,0,700,0,0,1,1,0,6,0.9728571428571428,2,7,4,0,0.328928046989721,1,0,0,0,0,10,0,0,0,0
willibald,willibald,wohnort_periode_1,adresszusatz,varchar,0,700,700,1.0,0,6,0.0,0,0,0.6666666666666666,0,9,0,700,0,0,1,1,0,6,0.9728571428571428,2,8,8,0,0.0,1,0,0,0,0,12,0,0,0,0
willibald,willibald,wohnort_periode_1,plz,bigint,604,700,0,0.0,0,7,0.8628571428571429,1,0,0.7777777777777778,0,9,0,700,0,0,1,1,0,6,0.9728571428571428,2,4,5,0,0.8869309838472834,1,0,0,0,0,3,0,0,0,0
willibald,willibald,wohnort_periode_1,ort,varchar,630,700,0,0.0,0,8,0.9,1,0,0.8888888888888888,0,9,0,700,0,0,1,1,0,6,0.9728571428571428,2,3,6,0,0.9251101321585904,1,0,0,0,0,3,0,0,0,0
willibald,willibald,wohnort_periode_1,land,varchar,0,700,700,1.0,0,9,0.0,0,0,1.0,0,9,0,700,0,0,1,1,0,6,0.9728571428571428,2,9,9,0,0.0,1,0,0,0,0,4,0,0,0,0
willibald,willibald,wohnort_periode_2,kundeid,bigint,350,795,0,0.0,0,1,0.440251572327044,1,1,0.1111111111111111,0,9,0,795,0,0,1,0,0,6,0.940880503144654,2,6,1,1,0.4679144385026738,0,0,0,0,0,7,0,1,1,0
willibald,willibald,wohnort_periode_2,von,date,748,795,0,0.0,0,2,0.940880503144654,1,0,0.2222222222222222,0,9,0,795,0,0,1,0,0,6,0.940880503144654,2,1,2,0,1.0,0,0,0,0,0,3,0,1,0,0
willibald,willibald,wohnort_periode_2,bis,date,427,795,350,0.440251572327044,0,3,0.5371069182389937,0,0,0.3333333333333333,0,9,0,795,0,0,1,0,0,6,0.940880503144654,2,5,7,0,0.570855614973262,0,0,0,0,0,3,0,0,0,0
willibald,willibald,wohnort_periode_2,strasse,varchar,661,795,0,0.0,0,4,0.8314465408805032,1,0,0.4444444444444444,0,9,0,795,0,0,1,0,0,6,0.940880503144654,2,2,3,0,0.8836898395721925,0,0,0,0,0,7,0,0,0,0
willibald,willibald,wohnort_periode_2,hausnummer,varchar,223,795,0,0.0,0,5,0.280503144654088,1,0,0.5555555555555556,0,9,0,795,0,0,1,0,0,6,0.940880503144654,2,7,4,0,0.2981283422459893,0,0,0,0,0,10,0,0,0,0
willibald,willibald,wohnort_periode_2,adresszusatz,varchar,0,795,795,1.0,0,6,0.0,0,0,0.6666666666666666,0,9,0,795,0,0,1,0,0,6,0.940880503144654,2,8,8,0,0.0,0,0,0,0,0,12,0,0,0,0
willibald,willibald,wohnort_periode_2,plz,bigint,601,795,0,0.0,0,7,0.7559748427672957,1,0,0.7777777777777778,0,9,0,795,0,0,1,0,0,6,0.940880503144654,2,4,5,0,0.803475935828877,0,0,0,0,0,3,0,0,0,0
willibald,willibald,wohnort_periode_2,ort,varchar,625,795,0,0.0,0,8,0.7861635220125787,1,0,0.8888888888888888,0,9,0,795,0,0,1,0,0,6,0.940880503144654,2,3,6,0,0.8355614973262032,0,0,0,0,0,3,0,0,0,0
willibald,willibald,wohnort_periode_2,land,varchar,0,795,795,1.0,0,9,0.0,0,0,1.0,0,9,0,795,0,0,1,0,0,6,0.940880503144654,2,9,9,0,0.0,0,0,0,0,0,4,0,0,0,0
willibald,willibald,wohnort_periode_3,kundeid,bigint,410,965,0,0.0,0,1,0.4248704663212435,1,1,0.1111111111111111,0,9,0,965,0,0,1,0,0,5,0.9419689119170984,2,6,1,1,0.451045104510451,0,0,0,0,0,7,0,1,1,0
willibald,willibald,wohnort_periode_3,von,date,909,965,0,0.0,0,2,0.9419689119170984,1,0,0.2222222222222222,0,9,0,965,0,0,1,0,0,5,0.9419689119170984,2,1,2,0,1.0,0,0,0,0,0,3,0,1,0,0
willibald,willibald,wohnort_periode_3,bis,date,533,965,409,0.4238341968911917,0,3,0.5523316062176166,0,0,0.3333333333333333,0,9,0,965,0,0,1,0,0,5,0.9419689119170984,2,5,7,0,0.5863586358635864,0,0,0,0,0,3,0,0,0,0
willibald,willibald,wohnort_periode_3,strasse,varchar,816,965,0,0.0,0,4,0.8455958549222798,1,0,0.4444444444444444,0,9,0,965,0,0,1,0,0,5,0.9419689119170984,2,2,3,0,0.8976897689768978,0,0,0,0,0,7,0,0,0,0
willibald,willibald,wohnort_periode_3,hausnummer,varchar,230,965,37,0.0383419689119171,0,5,0.238341968911917,0,0,0.5555555555555556,0,9,0,965,0,0,1,0,0,5,0.9419689119170984,2,7,6,0,0.253025302530253,0,0,0,0,0,10,0,0,0,0
willibald,willibald,wohnort_periode_3,adresszusatz,varchar,11,965,954,0.98860103626943,0,6,0.0113989637305699,0,0,0.6666666666666666,0,9,0,965,0,0,1,0,0,5,0.9419689119170984,2,8,8,0,0.0121012101210121,0,0,0,0,0,12,0,0,0,0
willibald,willibald,wohnort_periode_3,plz,bigint,733,965,0,0.0,0,7,0.7595854922279792,1,0,0.7777777777777778,0,9,0,965,0,0,1,0,0,5,0.9419689119170984,2,4,4,0,0.8063806380638063,0,0,0,0,0,3,0,0,0,0
willibald,willibald,wohnort_periode_3,ort,varchar,769,965,0,0.0,0,8,0.7968911917098446,1,0,0.8888888888888888,0,9,0,965,0,0,1,0,0,5,0.9419689119170984,2,3,5,0,0.845984598459846,0,0,0,0,0,3,0,0,0,0
willibald,willibald,wohnort_periode_3,land,varchar,0,965,965,1.0,0,9,0.0,0,0,1.0,0,9,0,965,0,0,1,0,0,5,0.9419689119170984,2,9,9,0,0.0,0,0,0,0,0,4,0,0,0,0
lifeally,lifeally,admission_predict,serial no.,bigint,400,400,0,0.0,1,1,1.0,1,1,0.1111111111111111,1,9,1,400,0,1,0,1,0,9,1.0,5,1,1,1,1.0,0,0,0,0,0,10,1,0,0,0
lifeally,lifeally,admission_predict,gre score,bigint,49,400,0,0.0,0,2,0.1225,1,0,0.2222222222222222,0,9,1,400,1,1,0,1,0,9,1.0,5,4,2,0,0.1225,1,0,0,0,0,9,0,0,0,0
lifeally,lifeally,admission_predict,toefl score,bigint,29,400,0,0.0,0,3,0.0725,1,0,0.3333333333333333,0,9,1,400,1,1,0,1,0,9,1.0,5,5,3,0,0.0725,1,0,0,0,0,11,0,0,0,0
lifeally,lifeally,admission_predict,university rating,bigint,5,400,0,0.0,0,4,0.0125,1,0,0.4444444444444444,0,9,1,400,1,1,0,1,0,9,1.0,5,8,4,0,0.0125,1,0,0,0,0,17,0,0,0,0
lifeally,lifeally,admission_predict,sop,double,9,400,0,0.0,0,5,0.0225,1,0,0.5555555555555556,0,9,1,400,1,1,0,1,0,9,1.0,5,6,5,0,0.0225,1,0,0,0,0,3,0,0,0,0
lifeally,lifeally,admission_predict,lor,double,9,400,0,0.0,0,6,0.0225,1,0,0.6666666666666666,0,9,1,400,1,1,0,1,0,9,1.0,5,7,6,0,0.0225,1,0,0,0,0,3,0,0,0,0
lifeally,lifeally,admission_predict,cgpa,double,168,400,0,0.0,0,7,0.42,1,0,0.7777777777777778,0,9,1,400,1,1,0,1,0,9,1.0,5,2,7,0,0.42,1,0,0,0,0,4,0,0,0,0
lifeally,lifeally,admission_predict,research,bigint,2,400,0,0.0,0,8,0.005,1,0,0.8888888888888888,0,9,1,400,1,1,0,1,0,9,1.0,5,9,8,0,0.005,1,0,0,0,0,8,0,0,0,0
lifeally,lifeally,admission_predict,chance of admit,double,60,400,0,0.0,0,9,0.15,1,0,1.0,0,9,1,400,1,1,0,1,0,9,1.0,5,3,9,0,0.15,1,0,0,0,0,15,0,0,0,0
lifeally,lifeally,admission_predict_ver_1_1,serial no.,bigint,500,500,0,0.0,1,1,1.0,1,1,0.1111111111111111,1,9,1,500,0,1,0,1,0,9,1.0,5,1,1,1,1.0,0,0,0,0,0,10,1,0,0,0
lifeally,lifeally,admission_predict_ver_1_1,gre score,bigint,49,500,0,0.0,0,2,0.098,1,0,0.2222222222222222,0,9,1,500,1,1,0,1,0,9,1.0,5,4,2,0,0.098,1,0,0,0,0,9,0,0,0,0
lifeally,lifeally,admission_predict_ver_1_1,toefl score,bigint,29,500,0,0.0,0,3,0.058,1,0,0.3333333333333333,0,9,1,500,1,1,0,1,0,9,1.0,5,5,3,0,0.058,1,0,0,0,0,11,0,0,0,0
lifeally,lifeally,admission_predict_ver_1_1,university rating,bigint,5,500,0,0.0,0,4,0.01,1,0,0.4444444444444444,0,9,1,500,1,1,0,1,0,9,1.0,5,8,4,0,0.01,1,0,0,0,0,17,0,0,0,0
lifeally,lifeally,admission_predict_ver_1_1,sop,double,9,500,0,0.0,0,5,0.018,1,0,0.5555555555555556,0,9,1,500,1,1,0,1,0,9,1.0,5,6,5,0,0.018,1,0,0,0,0,3,0,0,0,0
lifeally,lifeally,admission_predict_ver_1_1,lor,double,9,500,0,0.0,0,6,0.018,1,0,0.6666666666666666,0,9,1,500,1,1,0,1,0,9,1.0,5,7,6,0,0.018,1,0,0,0,0,3,0,0,0,0
lifeally,lifeally,admission_predict_ver_1_1,cgpa,double,184,500,0,0.0,0,7,0.368,1,0,0.7777777777777778,0,9,1,500,1,1,0,1,0,9,1.0,5,2,7,0,0.368,1,0,0,0,0,4,0,0,0,0
lifeally,lifeally,admission_predict_ver_1_1,research,bigint,2,500,0,0.0,0,8,0.004,1,0,0.8888888888888888,0,9,1,500,1,1,0,1,0,9,1.0,5,9,8,0,0.004,1,0,0,0,0,8,0,0,0,0
lifeally,lifeally,admission_predict_ver_1_1,chance of admit,double,61,500,0,0.0,0,9,0.122,1,0,1.0,0,9,1,500,1,1,0,1,0,9,1.0,5,3,9,0,0.122,1,0,0,0,0,15,0,0,0,0
lifeally,lifeally,cost_analysis,income,double,20000,20000,0,0.0,1,1,1.0,1,1,0.037037037037037,1,27,19,20000,18,1,0,20,0,27,1.0,2,1,1,1,1.0,19,0,0,0,0,6,1,0,0,0
lifeally,lifeally,cost_analysis,age,bigint,47,20000,0,0.0,0,2,0.00235,1,0,0.074074074074074,0,27,19,20000,19,1,0,20,0,27,1.0,2,24,2,0,0.00235,20,0,0,0,0,3,0,0,0,0
lifeally,lifeally,cost_analysis,dependents,bigint,5,20000,0,0.0,0,3,0.00025,1,0,0.1111111111111111,0,27,19,20000,19,1,0,20,0,27,1.0,2,25,3,0,0.00025,20,0,0,0,0,10,0,0,0,0
lifeally,lifeally,cost_analysis,occupation,varchar,4,20000,0,0.0,0,4,0.0002,1,0,0.1481481481481481,0,27,19,20000,19,1,0,20,0,27,1.0,2,26,4,0,0.0002,20,0,0,0,0,10,0,0,0,0
lifeally,lifeally,cost_analysis,city_tier,varchar,3,20000,0,0.0,0,5,0.00015,1,0,0.1851851851851851,0,27,19,20000,19,1,0,20,0,27,1.0,2,27,5,0,0.00015,20,0,0,0,0,9,0,0,0,0
lifeally,lifeally,cost_analysis,rent,double,20000,20000,0,0.0,1,6,1.0,1,0,0.2222222222222222,0,27,19,20000,18,1,0,20,0,27,1.0,2,2,6,0,1.0,19,0,0,0,0,4,0,0,0,0
lifeally,lifeally,cost_analysis,loan_repayment,double,7970,20000,0,0.0,0,7,0.3985,1,0,0.2592592592592592,0,27,19,20000,19,1,0,20,0,27,1.0,2,23,7,0,0.3985,20,0,0,0,0,14,0,0,0,0
lifeally,lifeally,cost_analysis,insurance,double,20000,20000,0,0.0,1,8,1.0,1,0,0.2962962962962963,0,27,19,20000,18,1,0,20,0,27,1.0,2,3,8,0,1.0,19,0,0,0,0,9,0,0,0,0
lifeally,lifeally,cost_analysis,groceries,double,20000,20000,0,0.0,1,9,1.0,1,0,0.3333333333333333,0,27,19,20000,18,1,0,20,0,27,1.0,2,4,9,0,1.0,19,0,0,0,0,9,0,0,0,0
lifeally,lifeally,cost_analysis,transport,double,20000,20000,0,0.0,1,10,1.0,1,0,0.3703703703703703,0,27,19,20000,18,1,0,20,0,27,1.0,2,5,10,0,1.0,19,0,0,0,0,9,0,0,0,0
lifeally,lifeally,cost_analysis,eating_out,double,20000,20000,0,0.0,1,11,1.0,1,0,0.4074074074074074,0,27,19,20000,18,1,0,20,0,27,1.0,2,6,11,0,1.0,19,0,0,0,0,10,0,0,0,0
lifeally,lifeally,cost_analysis,entertainment,double,20000,20000,0,0.0,1,12,1.0,1,0,0.4444444444444444,0,27,19,20000,18,1,0,20,0,27,1.0,2,7,12,0,1.0,19,0,0,0,0,13,0,0,0,0
lifeally,lifeally,cost_analysis,utilities,double,20000,20000,0,0.0,1,13,1.0,1,0,0.4814814814814814,0,27,19,20000,18,1,0,20,0,27,1.0,2,8,13,0,1.0,19,0,0,0,0,9,0,0,0,0
lifeally,lifeally,cost_analysis,healthcare,double,20000,20000,0,0.0,1,14,1.0,1,0,0.5185185185185185,0,27,19,20000,18,1,0,20,0,27,1.0,2,9,14,0,1.0,19,0,0,0,0,10,0,0,0,0
lifeally,lifeally,cost_analysis,education,double,15940,20000,0,0.0,0,15,0.797,1,0,0.5555555555555556,0,27,19,20000,19,1,0,20,0,27,1.0,2,21,15,0,0.797,20,0,0,0,0,9,0,0,0,0
lifeally,lifeally,cost_analysis,miscellaneous,double,20000,20000,0,0.0,1,16,1.0,1,0,0.5925925925925926,0,27,19,20000,18,1,0,20,0,27,1.0,2,10,16,0,1.0,19,0,0,0,0,13,0,0,0,0
lifeally,lifeally,cost_analysis,desired_savings_percentage,double,20000,20000,0,0.0,1,17,1.0,1,0,0.6296296296296297,0,27,19,20000,18,1,0,20,0,27,1.0,2,11,17,0,1.0,19,0,0,0,0,26,0,0,0,0
lifeally,lifeally,cost_analysis,desired_savings,double,19889,20000,0,0.0,0,18,0.99445,1,0,0.6666666666666666,0,27,19,20000,19,1,0,20,0,27,1.0,2,20,18,0,0.99445,19,0,0,0,0,15,0,0,0,0
lifeally,lifeally,cost_analysis,disposable_income,double,20000,20000,0,0.0,1,19,1.0,1,0,0.7037037037037037,0,27,19,20000,18,1,0,20,0,27,1.0,2,12,19,0,1.0,19,0,0,0,0,17,0,0,0,0
lifeally,lifeally,cost_analysis,potential_savings_groceries,double,20000,20000,0,0.0,1,20,1.0,1,0,0.7407407407407407,0,27,19,20000,18,1,0,20,0,27,1.0,2,13,20,0,1.0,19,0,0,0,0,27,0,0,0,0
lifeally,lifeally,cost_analysis,potential_savings_transport,double,20000,20000,0,0.0,1,21,1.0,1,0,0.7777777777777778,0,27,19,20000,18,1,0,20,0,27,1.0,2,14,21,0,1.0,19,0,0,0,0,27,0,0,0,0
lifeally,lifeally,cost_analysis,potential_savings_eating_out,double,20000,20000,0,0.0,1,22,1.0,1,0,0.8148148148148148,0,27,19,20000,18,1,0,20,0,27,1.0,2,15,22,0,1.0,19,0,0,0,0,28,0,0,0,0
lifeally,lifeally,cost_analysis,potential_savings_entertainment,double,20000,20000,0,0.0,1,23,1.0,1,0,0.8518518518518519,0,27,19,20000,18,1,0,20,0,27,1.0,2,16,23,0,1.0,19,0,0,0,0,31,0,0,0,0
lifeally,lifeally,cost_analysis,potential_savings_utilities,double,20000,20000,0,0.0,1,24,1.0,1,0,0.8888888888888888,0,27,19,20000,18,1,0,20,0,27,1.0,2,17,24,0,1.0,19,0,0,0,0,27,0,0,0,0
lifeally,lifeally,cost_analysis,potential_savings_healthcare,double,20000,20000,0,0.0,1,25,1.0,1,0,0.925925925925926,0,27,19,20000,18,1,0,20,0,27,1.0,2,18,25,0,1.0,19,0,0,0,0,28,0,0,0,0
lifeally,lifeally,cost_analysis,potential_savings_education,double,15940,20000,0,0.0,0,26,0.797,1,0,0.9629629629629628,0,27,19,20000,19,1,0,20,0,27,1.0,2,22,26,0,0.797,20,0,0,0,0,27,0,0,0,0
lifeally,lifeally,cost_analysis,potential_savings_miscellaneous,double,20000,20000,0,0.0,1,27,1.0,1,0,1.0,0,27,19,20000,18,1,0,20,0,27,1.0,2,19,27,0,1.0,19,0,0,0,0,31,0,0,0,0
lifeally,lifeally,education_career_success,student_id,varchar,400,400,0,0.0,1,1,1.0,1,1,0.0526315789473684,1,19,1,400,0,1,0,1,1,19,1.0,12,1,1,1,1.0,0,1,0,0,0,10,1,0,0,0
lifeally,lifeally,education_career_success,age,bigint,5,400,0,0.0,0,2,0.0125,1,0,0.1052631578947368,0,19,1,400,1,1,0,1,1,19,1.0,12,13,2,0,0.0125,1,0,0,0,0,3,0,0,0,0
lifeally,lifeally,education_career_success,gender,varchar,2,400,0,0.0,0,3,0.005,1,0,0.1578947368421052,0,19,1,400,1,1,0,1,1,19,1.0,12,18,3,0,0.005,1,0,0,0,0,6,0,0,0,0
lifeally,lifeally,education_career_success,high_school_gpa,double,8,400,0,0.0,0,4,0.02,1,0,0.2105263157894736,0,19,1,400,1,1,0,1,1,19,1.0,12,6,4,0,0.02,1,0,0,0,0,15,0,0,0,0
lifeally,lifeally,education_career_success,sat_score,bigint,35,400,0,0.0,0,5,0.0875,1,0,0.2631578947368421,0,19,1,400,1,1,0,1,1,19,1.0,12,3,5,0,0.0875,1,0,0,0,0,9,0,0,0,0
lifeally,lifeally,education_career_success,university_gpa,double,13,400,0,0.0,0,6,0.0325,1,0,0.3157894736842105,0,19,1,400,1,1,0,1,1,19,1.0,12,4,6,0,0.0325,1,0,0,0,0,14,0,0,0,0
lifeally,lifeally,education_career_success,field_of_study,varchar,11,400,0,0.0,0,7,0.0275,1,0,0.3684210526315789,0,19,1,400,1,1,0,1,1,19,1.0,12,5,7,0,0.0275,1,0,0,0,0,14,0,0,0,0
lifeally,lifeally,education_career_success,internships_completed,bigint,5,400,0,0.0,0,8,0.0125,1,0,0.4210526315789473,0,19,1,400,1,1,0,1,1,19,1.0,12,14,8,0,0.0125,1,0,0,0,0,21,0,0,0,0
lifeally,lifeally,education_career_success,projects_completed,bigint,8,400,0,0.0,0,9,0.02,1,0,0.4736842105263157,0,19,1,400,1,1,0,1,1,19,1.0,12,7,9,0,0.02,1,0,0,0,0,18,0,0,0,0
lifeally,lifeally,education_career_success,certifications,bigint,6,400,0,0.0,0,10,0.015,1,0,0.5263157894736842,0,19,1,400,1,1,0,1,1,19,1.0,12,8,10,0,0.015,1,0,0,0,0,14,0,0,0,0
lifeally,lifeally,education_career_success,soft_skills_score,bigint,6,400,0,0.0,0,11,0.015,1,0,0.5789473684210527,0,19,1,400,1,1,0,1,1,19,1.0,12,9,11,0,0.015,1,0,0,0,0,17,0,0,0,0
lifeally,lifeally,education_career_success,networking_score,bigint,6,400,0,0.0,0,12,0.015,1,0,0.631578947368421,0,19,1,400,1,1,0,1,1,19,1.0,12,10,12,0,0.015,1,0,0,0,0,16,0,0,0,0
lifeally,lifeally,education_career_success,job_offers,bigint,6,400,0,0.0,0,13,0.015,1,0,0.6842105263157895,0,19,1,400,1,1,0,1,1,19,1.0,12,11,13,0,0.015,1,0,0,0,0,10,0,0,0,0
lifeally,lifeally,education_career_success,starting_salary,bigint,63,400,0,0.0,0,14,0.1575,1,0,0.7368421052631579,0,19,1,400,1,1,0,1,1,19,1.0,12,2,14,0,0.1575,1,0,0,0,0,15,0,0,0,0
lifeally,lifeally,education_career_success,career_satisfaction,bigint,6,400,0,0.0,0,15,0.015,1,0,0.7894736842105263,0,19,1,400,1,1,0,1,1,19,1.0,12,12,15,0,0.015,1,0,0,0,0,19,0,0,0,0
lifeally,lifeally,education_career_success,years_to_promotion,bigint,5,400,0,0.0,0,16,0.0125,1,0,0.8421052631578947,0,19,1,400,1,1,0,1,1,19,1.0,12,15,16,0,0.0125,1,0,0,0,0,18,0,0,0,0
lifeally,lifeally,education_career_success,current_job_level,varchar,3,400,0,0.0,0,17,0.0075,1,0,0.8947368421052632,0,19,1,400,1,1,0,1,1,19,1.0,12,17,17,0,0.0075,1,0,0,0,0,17,0,0,0,0
lifeally,lifeally,education_career_success,work_life_balance,bigint,5,400,0,0.0,0,18,0.0125,1,0,0.9473684210526316,0,19,1,400,1,1,0,1,1,19,1.0,12,16,18,0,0.0125,1,0,0,0,0,17,0,0,0,0
lifeally,lifeally,education_career_success,entrepreneurship,boolean,1,400,0,0.0,0,19,0.0025,1,0,1.0,0,19,1,400,1,1,0,1,1,19,1.0,12,19,19,0,0.0025,1,0,0,0,0,16,0,0,0,0
lifeally,lifeally,personal_finance_tracker_dataset,date,date,60,3000,0,0.0,0,1,0.02,1,1,0.04,0,25,0,3000,0,0,1,8,1,25,0.995,5,15,1,1,0.0201005025125628,8,0,0,0,0,4,0,1,0,0
lifeally,lifeally,personal_finance_tracker_dataset,user_id,bigint,944,3000,0,0.0,0,2,0.3146666666666666,1,0,0.08,0,25,0,3000,0,0,1,8,1,25,0.995,5,12,2,0,0.3162479061976549,8,1,0,0,0,7,0,1,0,0
lifeally,lifeally,personal_finance_tracker_dataset,monthly_income,double,2985,3000,0,0.0,0,3,0.995,1,0,0.12,0,25,0,3000,0,0,1,8,1,25,0.995,5,1,3,0,1.0,7,0,0,0,0,14,0,1,0,0
lifeally,lifeally,personal_finance_tracker_dataset,monthly_expense_total,double,2983,3000,0,0.0,0,4,0.9943333333333332,1,0,0.16,0,25,0,3000,0,0,1,8,1,25,0.995,5,2,4,0,0.9993299832495812,7,0,0,0,0,21,0,0,0,0
lifeally,lifeally,personal_finance_tracker_dataset,savings_rate,double,36,3000,0,0.0,0,5,0.012,1,0,0.2,0,25,0,3000,0,0,1,8,1,25,0.995,5,17,5,0,0.0120603015075376,8,0,0,0,0,12,0,0,0,0
lifeally,lifeally,personal_finance_tracker_dataset,budget_goal,double,2967,3000,0,0.0,0,6,0.989,1,0,0.24,0,25,0,3000,0,0,1,8,1,25,0.995,5,3,6,0,0.9939698492462312,7,0,0,0,0,11,0,0,0,0
lifeally,lifeally,personal_finance_tracker_dataset,financial_scenario,varchar,3,3000,0,0.0,0,7,0.001,1,0,0.28,0,25,0,3000,0,0,1,8,1,25,0.995,5,20,7,0,0.0010050251256281,8,0,0,0,0,18,0,0,0,0
lifeally,lifeally,personal_finance_tracker_dataset,credit_score,double,264,3000,0,0.0,0,8,0.088,1,0,0.32,0,25,0,3000,0,0,1,8,1,25,0.995,5,13,8,0,0.0884422110552763,8,0,0,0,0,12,0,0,0,0
lifeally,lifeally,personal_finance_tracker_dataset,debt_to_income_ratio,double,51,3000,0,0.0,0,9,0.017,1,0,0.36,0,25,0,3000,0,0,1,8,1,25,0.995,5,16,9,0,0.0170854271356783,8,0,0,0,0,20,0,0,0,0
lifeally,lifeally,personal_finance_tracker_dataset,loan_payment,double,2925,3000,0,0.0,0,10,0.975,1,0,0.4,0,25,0,3000,0,0,1,8,1,25,0.995,5,5,10,0,0.9798994974874372,7,0,0,0,0,12,0,0,0,0
lifeally,lifeally,personal_finance_tracker_dataset,investment_amount,double,2785,3000,0,0.0,0,11,0.9283333333333332,1,0,0.44,0,25,0,3000,0,0,1,8,1,25,0.995,5,9,11,0,0.932998324958124,8,0,0,0,0,17,0,0,0,0
lifeally,lifeally,personal_finance_tracker_dataset,subscription_services,bigint,9,3000,0,0.0,0,12,0.003,1,0,0.48,0,25,0,3000,0,0,1,8,1,25,0.995,5,19,12,0,0.0030150753768844,8,0,0,0,0,21,0,0,0,0
lifeally,lifeally,personal_finance_tracker_dataset,emergency_fund,double,2910,3000,0,0.0,0,13,0.97,1,0,0.52,0,25,0,3000,0,0,1,8,1,25,0.995,5,8,13,0,0.9748743718592964,7,0,0,0,0,14,0,0,0,0
lifeally,lifeally,personal_finance_tracker_dataset,transaction_count,bigint,80,3000,0,0.0,0,14,0.0266666666666666,1,0,0.56,0,25,0,3000,0,0,1,8,1,25,0.995,5,14,14,0,0.0268006700167504,8,0,0,0,0,17,0,0,0,0
lifeally,lifeally,personal_finance_tracker_dataset,fraud_flag,bigint,2,3000,0,0.0,0,15,0.0006666666666666,1,0,0.6,0,25,0,3000,0,0,1,8,1,25,0.995,5,24,15,0,0.0006700167504187,8,0,0,0,0,10,0,0,0,0
lifeally,lifeally,personal_finance_tracker_dataset,discretionary_spending,double,2912,3000,0,0.0,0,16,0.9706666666666668,1,0,0.64,0,25,0,3000,0,0,1,8,1,25,0.995,5,6,16,0,0.9755443886097152,7,0,0,0,0,22,0,0,0,0
lifeally,lifeally,personal_finance_tracker_dataset,essential_spending,double,2911,3000,0,0.0,0,17,0.9703333333333334,1,0,0.68,0,25,0,3000,0,0,1,8,1,25,0.995,5,7,17,0,0.975209380234506,7,0,0,0,0,18,0,0,0,0
lifeally,lifeally,personal_finance_tracker_dataset,income_type,varchar,3,3000,0,0.0,0,18,0.001,1,0,0.72,0,25,0,3000,0,0,1,8,1,25,0.995,5,21,18,0,0.0010050251256281,8,0,0,0,0,11,0,0,0,0
lifeally,lifeally,personal_finance_tracker_dataset,rent_or_mortgage,double,2927,3000,0,0.0,0,19,0.9756666666666668,1,0,0.76,0,25,0,3000,0,0,1,8,1,25,0.995,5,4,19,0,0.980569514237856,7,0,0,0,0,16,0,0,0,0
lifeally,lifeally,personal_finance_tracker_dataset,category,varchar,10,3000,0,0.0,0,20,0.0033333333333333,1,0,0.8,0,25,0,3000,0,0,1,8,1,25,0.995,5,18,20,0,0.0033500837520938,8,0,0,0,0,8,0,0,0,0
lifeally,lifeally,personal_finance_tracker_dataset,cash_flow_status,varchar,3,3000,0,0.0,0,21,0.001,1,0,0.84,0,25,0,3000,0,0,1,8,1,25,0.995,5,22,21,0,0.0010050251256281,8,0,0,0,0,16,0,0,0,0
lifeally,lifeally,personal_finance_tracker_dataset,financial_advice_score,double,952,3000,0,0.0,0,22,0.3173333333333333,1,0,0.88,0,25,0,3000,0,0,1,8,1,25,0.995,5,11,22,0,0.31892797319933,8,0,0,0,0,22,0,0,0,0
lifeally,lifeally,personal_finance_tracker_dataset,financial_stress_level,varchar,3,3000,0,0.0,0,23,0.001,1,0,0.92,0,25,0,3000,0,0,1,8,1,25,0.995,5,23,23,0,0.0010050251256281,8,0,0,0,0,22,0,0,0,0
lifeally,lifeally,personal_finance_tracker_dataset,actual_savings,double,2342,3000,0,0.0,0,24,0.7806666666666666,1,0,0.96,0,25,0,3000,0,0,1,8,1,25,0.995,5,10,24,0,0.7845896147403685,8,0,0,0,0,14,0,0,0,0
lifeally,lifeally,personal_finance_tracker_dataset,savings_goal_met,bigint,2,3000,0,0.0,0,25,0.0006666666666666,1,0,1.0,0,25,0,3000,0,0,1,8,1,25,0.995,5,25,25,0,0.0006700167504187,8,0,0,0,0,16,0,0,0,0
lifeally,lifeally,synthetic_personal_finance_dataset,user_id,varchar,32424,32424,0,0.0,1,1,1.0,1,1,0.05,1,20,1,32424,0,1,0,3,1,20,1.0,3,1,1,1,1.0,2,1,0,0,0,7,1,0,0,0
lifeally,lifeally,synthetic_personal_finance_dataset,age,bigint,52,32424,0,0.0,0,2,0.0016037503084135,1,0,0.1,0,20,1,32424,1,1,0,3,1,20,1.0,3,12,2,0,0.0016037503084135,3,0,0,0,0,3,0,0,0,0
lifeally,lifeally,synthetic_personal_finance_dataset,gender,varchar,3,32424,0,0.0,0,3,9.25240562546262e-05,1,0,0.15,0,20,1,32424,1,1,0,3,1,20,1.0,3,19,3,0,9.25240562546262e-05,3,0,0,0,0,6,0,0,0,0
lifeally,lifeally,synthetic_personal_finance_dataset,education_level,varchar,5,32424,0,0.0,0,4,0.0001542067604243,1,0,0.2,0,20,1,32424,1,1,0,3,1,20,1.0,3,15,4,0,0.0001542067604243,3,0,0,0,0,15,0,0,0,0
lifeally,lifeally,synthetic_personal_finance_dataset,employment_status,varchar,4,32424,0,0.0,0,5,0.0001233654083395,1,0,0.25,0,20,1,32424,1,1,0,3,1,20,1.0,3,18,5,0,0.0001233654083395,3,0,0,0,0,17,0,0,0,0
lifeally,lifeally,synthetic_personal_finance_dataset,job_title,varchar,9,32424,0,0.0,0,6,0.0002775721687638,1,0,0.3,0,20,1,32424,1,1,0,3,1,20,1.0,3,14,6,0,0.0002775721687638,3,0,0,0,0,9,0,0,0,0
lifeally,lifeally,synthetic_personal_finance_dataset,monthly_income_usd,double,30449,32424,0,0.0,0,7,0.9390883296323712,1,0,0.35,0,20,1,32424,1,1,0,3,1,20,1.0,3,4,7,0,0.9390883296323712,3,0,0,0,0,18,0,0,0,0
lifeally,lifeally,synthetic_personal_finance_dataset,monthly_expenses_usd,double,31319,32424,0,0.0,0,8,0.9659203059462128,1,0,0.4,0,20,1,32424,1,1,0,3,1,20,1.0,3,3,8,0,0.9659203059462128,2,0,0,0,0,20,0,0,0,0
lifeally,lifeally,synthetic_personal_finance_dataset,savings_usd,double,32415,32424,0,0.0,0,9,0.999722427831236,1,0,0.45,0,20,1,32424,1,1,0,3,1,20,1.0,3,2,9,0,0.999722427831236,2,0,0,0,0,11,0,0,0,0
lifeally,lifeally,synthetic_personal_finance_dataset,has_loan,boolean,2,32424,0,0.0,0,10,6.16827041697508e-05,1,0,0.5,0,20,1,32424,1,1,0,3,1,20,1.0,3,20,10,0,6.16827041697508e-05,3,0,0,0,0,8,0,0,0,0
lifeally,lifeally,synthetic_personal_finance_dataset,loan_type,varchar,5,32424,0,0.0,0,11,0.0001542067604243,1,0,0.55,0,20,1,32424,1,1,0,3,1,20,1.0,3,16,11,0,0.0001542067604243,3,0,0,0,0,9,0,0,0,0
lifeally,lifeally,synthetic_personal_finance_dataset,loan_amount_usd,double,12993,32424,0,0.0,0,12,0.4007216876387861,1,0,0.6,0,20,1,32424,1,1,0,3,1,20,1.0,3,5,12,0,0.4007216876387861,3,0,0,0,0,15,0,0,0,0
lifeally,lifeally,synthetic_personal_finance_dataset,loan_term_months,bigint,10,32424,0,0.0,0,13,0.0003084135208487,1,0,0.65,0,20,1,32424,1,1,0,3,1,20,1.0,3,13,13,0,0.0003084135208487,3,0,0,0,0,16,0,0,0,0
lifeally,lifeally,synthetic_personal_finance_dataset,monthly_emi_usd,double,12948,32424,0,0.0,0,14,0.3993338267949667,1,0,0.7,0,20,1,32424,1,1,0,3,1,20,1.0,3,6,14,0,0.3993338267949667,3,0,0,0,0,15,0,0,0,0
lifeally,lifeally,synthetic_personal_finance_dataset,loan_interest_rate_pct,double,2684,32424,0,0.0,0,15,0.0827781889958055,1,0,0.75,0,20,1,32424,1,1,0,3,1,20,1.0,3,7,15,0,0.0827781889958055,3,0,0,0,0,22,0,0,0,0
lifeally,lifeally,synthetic_personal_finance_dataset,debt_to_income_ratio,double,1541,32424,0,0.0,0,16,0.0475265235627929,1,0,0.8,0,20,1,32424,1,1,0,3,1,20,1.0,3,8,16,0,0.0475265235627929,3,0,0,0,0,20,0,0,0,0
lifeally,lifeally,synthetic_personal_finance_dataset,credit_score,bigint,551,32424,0,0.0,0,17,0.0169935849987663,1,0,0.85,0,20,1,32424,1,1,0,3,1,20,1.0,3,11,17,0,0.0169935849987663,3,0,0,0,0,12,0,0,0,0
lifeally,lifeally,synthetic_personal_finance_dataset,savings_to_income_ratio,double,991,32424,0,0.0,0,18,0.0305637799161115,1,0,0.9,0,20,1,32424,1,1,0,3,1,20,1.0,3,10,18,0,0.0305637799161115,3,0,0,0,0,23,0,0,0,0
lifeally,lifeally,synthetic_personal_finance_dataset,region,varchar,5,32424,0,0.0,0,19,0.0001542067604243,1,0,0.95,0,20,1,32424,1,1,0,3,1,20,1.0,3,17,19,0,0.0001542067604243,3,0,0,0,0,6,0,0,0,0
lifeally,lifeally,synthetic_personal_finance_dataset,record_date,date,1461,32424,0,0.0,0,20,0.0450592153960029,1,0,1.0,0,20,1,32424,1,1,0,3,1,20,1.0,3,9,20,0,0.0450592153960029,3,0,0,0,0,11,0,0,0,0
calculated_field_examples,calculated_field_examples,customers,customer_id,varchar,150,150,0,0.0,1,1,1.0,1,1,0.2,1,5,1,150,0,1,0,1,1,5,1.0,1,1,1,1,1.0,0,1,0,0,1,11,1,0,0,0
calculated_field_examples,calculated_field_examples,customers,name,varchar,125,150,0,0.0,0,2,0.8333333333333334,1,0,0.4,0,5,1,150,1,1,0,1,1,5,1.0,1,2,2,0,0.8333333333333334,1,0,0,0,0,4,0,0,0,0
calculated_field_examples,calculated_field_examples,customers,age,bigint,48,150,0,0.0,0,3,0.32,1,0,0.6,0,5,1,150,1,1,0,1,1,5,1.0,1,3,3,0,0.32,1,0,0,0,0,3,0,0,0,0
calculated_field_examples,calculated_field_examples,customers,gender,varchar,2,150,0,0.0,0,4,0.0133333333333333,1,0,0.8,0,5,1,150,1,1,0,1,1,5,1.0,1,5,4,0,0.0133333333333333,1,0,0,0,0,6,0,0,0,0
calculated_field_examples,calculated_field_examples,customers,region,varchar,5,150,0,0.0,0,5,0.0333333333333333,1,0,1.0,0,5,1,150,1,1,0,1,1,5,1.0,1,4,5,0,0.0333333333333333,1,0,0,0,0,6,0,0,0,0
calculated_field_examples,calculated_field_examples,product,product_id,varchar,53,53,0,0.0,1,1,1.0,1,1,0.2,1,5,2,53,1,1,0,3,2,5,1.0,0,1,1,1,1.0,2,1,0,1,1,10,1,0,0,0
calculated_field_examples,calculated_field_examples,product,product_name,varchar,53,53,0,0.0,1,2,1.0,1,0,0.4,0,5,2,53,1,1,0,3,2,5,1.0,0,2,2,0,1.0,2,0,0,1,0,12,0,0,0,0
calculated_field_examples,calculated_field_examples,product,category,varchar,5,53,0,0.0,0,3,0.0943396226415094,1,0,0.6,0,5,2,53,2,1,0,3,2,5,1.0,0,5,3,0,0.0943396226415094,3,0,0,0,0,8,0,0,0,0
calculated_field_examples,calculated_field_examples,product,supplier_id,varchar,10,53,0,0.0,0,4,0.1886792452830188,1,0,0.8,0,5,2,53,2,1,0,3,2,5,1.0,0,4,4,0,0.1886792452830188,3,1,0,0,0,11,0,0,1,0
calculated_field_examples,calculated_field_examples,product,cost_price,varchar,52,53,0,0.0,0,5,0.981132075471698,1,0,1.0,0,5,2,53,2,1,0,3,2,5,1.0,0,3,5,0,0.981132075471698,2,0,0,0,0,10,0,0,0,0
calculated_field_examples,calculated_field_examples,sales,sale_id,bigint,6135,6135,0,0.0,1,1,1.0,1,1,0.1428571428571428,1,7,1,6135,0,1,0,1,3,7,1.0,2,1,1,1,1.0,0,1,0,0,1,7,1,0,0,0
calculated_field_examples,calculated_field_examples,sales,customer_id,varchar,150,6135,0,0.0,0,2,0.0244498777506112,1,0,0.2857142857142857,0,7,1,6135,1,1,0,1,3,7,1.0,2,3,2,0,0.0244498777506112,1,1,0,0,0,11,0,0,1,0
calculated_field_examples,calculated_field_examples,sales,product_id,varchar,53,6135,0,0.0,0,3,0.0086389568052159,1,0,0.4285714285714285,0,7,1,6135,1,1,0,1,3,7,1.0,2,4,3,0,0.0086389568052159,1,1,0,0,0,10,0,0,1,0
calculated_field_examples,calculated_field_examples,sales,date,date,366,6135,0,0.0,0,4,0.0596577017114914,1,0,0.5714285714285714,0,7,1,6135,1,1,0,1,3,7,1.0,2,2,4,0,0.0596577017114914,1,0,0,0,0,4,0,0,0,0
calculated_field_examples,calculated_field_examples,sales,quantity,bigint,10,6135,0,0.0,0,5,0.0016299918500407,1,0,0.7142857142857143,0,7,1,6135,1,1,0,1,3,7,1.0,2,7,5,0,0.0016299918500407,1,0,0,0,0,8,0,0,0,0
calculated_field_examples,calculated_field_examples,sales,price,varchar,52,6135,0,0.0,0,6,0.0084759576202118,1,0,0.8571428571428571,0,7,1,6135,1,1,0,1,3,7,1.0,2,5,6,0,0.0084759576202118,1,0,0,0,0,5,0,0,0,0
calculated_field_examples,calculated_field_examples,sales,discount,double,11,6135,0,0.0,0,7,0.0017929910350448,1,0,1.0,0,7,1,6135,1,1,0,1,3,7,1.0,2,6,7,0,0.0017929910350448,1,0,0,0,0,8,0,0,0,0
calculated_field_examples,calculated_field_examples,supplier,supplier_id,varchar,10,10,0,0.0,1,1,1.0,1,1,0.1666666666666666,1,6,5,10,4,1,0,5,1,6,1.0,0,1,1,1,1.0,4,1,0,1,1,11,1,0,0,0
calculated_field_examples,calculated_field_examples,supplier,supplier_name,varchar,10,10,0,0.0,1,2,1.0,1,0,0.3333333333333333,0,6,5,10,4,1,0,5,1,6,1.0,0,2,2,0,1.0,4,0,0,1,0,13,0,0,0,0
calculated_field_examples,calculated_field_examples,supplier,contact_person,varchar,10,10,0,0.0,1,3,1.0,1,0,0.5,0,6,5,10,4,1,0,5,1,6,1.0,0,3,3,0,1.0,4,0,0,0,0,14,0,0,0,0
calculated_field_examples,calculated_field_examples,supplier,contact_email,varchar,10,10,0,0.0,1,4,1.0,1,0,0.6666666666666666,0,6,5,10,4,1,0,5,1,6,1.0,0,4,4,0,1.0,4,0,0,0,0,13,0,0,0,0
calculated_field_examples,calculated_field_examples,supplier,city,varchar,10,10,0,0.0,1,5,1.0,1,0,0.8333333333333334,0,6,5,10,4,1,0,5,1,6,1.0,0,5,5,0,1.0,4,0,0,0,0,4,0,0,0,0
calculated_field_examples,calculated_field_examples,supplier,state,varchar,9,10,0,0.0,0,6,0.9,1,0,1.0,0,6,5,10,5,1,0,5,1,6,1.0,0,6,6,0,0.9,5,0,0,0,0,5,0,0,0,0
bike_store,bike_store,brands,brand_id,bigint,9,9,0,0.0,1,1,1.0,1,1,0.5,1,2,2,9,1,1,0,2,1,2,1.0,1,1,1,1,1.0,1,1,0,0,1,8,1,0,0,0
bike_store,bike_store,brands,brand_name,varchar,9,9,0,0.0,1,2,1.0,1,0,1.0,0,2,2,9,1,1,0,2,1,2,1.0,1,2,2,0,1.0,1,0,0,0,0,10,0,0,0,0
bike_store,bike_store,categories,category_id,bigint,7,7,0,0.0,1,1,1.0,1,1,0.5,1,2,2,7,1,1,0,2,1,2,1.0,1,1,1,1,1.0,1,1,0,0,0,11,1,0,0,0
bike_store,bike_store,categories,category_name,varchar,7,7,0,0.0,1,2,1.0,1,0,1.0,0,2,2,7,1,1,0,2,1,2,1.0,1,2,2,0,1.0,1,0,0,0,0,13,0,0,0,0
bike_store,bike_store,customers,customer_id,bigint,1445,1445,0,0.0,1,1,1.0,1,1,0.1111111111111111,1,9,3,1445,2,1,0,3,1,9,1.0,2,1,1,1,1.0,2,1,0,0,1,11,1,0,0,0
bike_store,bike_store,customers,first_name,varchar,1265,1445,0,0.0,0,2,0.8754325259515571,1,0,0.2222222222222222,0,9,3,1445,3,1,0,3,1,9,1.0,2,4,2,0,0.8754325259515571,3,0,0,0,0,10,0,0,0,0
bike_store,bike_store,customers,last_name,varchar,753,1445,0,0.0,0,3,0.5211072664359861,1,0,0.3333333333333333,0,9,3,1445,3,1,0,3,1,9,1.0,2,5,3,0,0.5211072664359861,3,0,0,0,0,9,0,0,0,0
bike_store,bike_store,customers,phone,varchar,179,1445,0,0.0,0,4,0.1238754325259515,1,0,0.4444444444444444,0,9,3,1445,3,1,0,3,1,9,1.0,2,8,4,0,0.1238754325259515,3,0,0,0,0,5,0,0,0,0
bike_store,bike_store,customers,email,varchar,1445,1445,0,0.0,1,5,1.0,1,0,0.5555555555555556,0,9,3,1445,2,1,0,3,1,9,1.0,2,2,5,0,1.0,2,0,0,0,0,5,0,0,0,0
bike_store,bike_store,customers,street,varchar,1445,1445,0,0.0,1,6,1.0,1,0,0.6666666666666666,0,9,3,1445,2,1,0,3,1,9,1.0,2,3,6,0,1.0,2,0,0,0,0,6,0,0,0,0
bike_store,bike_store,customers,city,varchar,195,1445,0,0.0,0,7,0.1349480968858131,1,0,0.7777777777777778,0,9,3,1445,3,1,0,3,1,9,1.0,2,6,7,0,0.1349480968858131,3,0,0,0,0,4,0,0,0,0
bike_store,bike_store,customers,state,varchar,3,1445,0,0.0,0,8,0.002076124567474,1,0,0.8888888888888888,0,9,3,1445,3,1,0,3,1,9,1.0,2,9,8,0,0.002076124567474,3,0,0,0,0,5,0,0,0,0
bike_store,bike_store,customers,zip_code,bigint,195,1445,0,0.0,0,9,0.1349480968858131,1,0,1.0,0,9,3,1445,3,1,0,3,1,9,1.0,2,7,9,0,0.1349480968858131,3,0,0,0,0,8,0,0,0,0
bike_store,bike_store,order_items,order_id,bigint,1615,4722,0,0.0,0,1,0.3420160948750529,1,1,0.1666666666666666,0,6,0,4722,0,0,1,0,3,6,0.3420160948750529,4,1,1,1,1.0,0,1,0,0,0,8,0,0,0,0
bike_store,bike_store,order_items,item_id,bigint,5,4722,0,0.0,0,2,0.0010588733587462,1,0,0.3333333333333333,0,6,0,4722,0,0,1,0,3,6,0.3420160948750529,4,4,2,0,0.0030959752321981,0,1,0,0,0,7,0,1,0,0
bike_store,bike_store,order_items,product_id,bigint,307,4722,0,0.0,0,3,0.0650148242270224,1,0,0.5,0,6,0,4722,0,0,1,0,3,6,0.3420160948750529,4,2,3,0,0.1900928792569659,0,1,0,0,0,10,0,1,1,0
bike_store,bike_store,order_items,quantity,bigint,2,4722,0,0.0,0,4,0.0004235493434985,1,0,0.6666666666666666,0,6,0,4722,0,0,1,0,3,6,0.3420160948750529,4,6,4,0,0.0012383900928792,0,0,0,0,0,8,0,0,0,0
bike_store,bike_store,order_items,list_price,double,104,4722,0,0.0,0,5,0.0220245658619229,1,0,0.8333333333333334,0,6,0,4722,0,0,1,0,3,6,0.3420160948750529,4,3,5,0,0.0643962848297213,0,0,0,0,0,10,0,0,0,0
bike_store,bike_store,order_items,discount,double,4,4722,0,0.0,0,6,0.000847098686997,1,0,1.0,0,6,0,4722,0,0,1,0,3,6,0.3420160948750529,4,5,6,0,0.0024767801857585,0,0,0,0,0,8,0,0,0,0
bike_store,bike_store,orders,order_id,bigint,1615,1615,0,0.0,1,1,1.0,1,1,0.125,1,8,1,1615,0,1,0,1,4,8,1.0,5,1,1,1,1.0,0,1,0,0,1,8,1,0,0,0
bike_store,bike_store,orders,customer_id,bigint,1445,1615,0,0.0,0,2,0.8947368421052632,1,0,0.25,0,8,1,1615,1,1,0,1,4,8,1.0,5,2,2,0,0.8947368421052632,1,1,0,0,0,11,0,0,1,0
bike_store,bike_store,orders,order_status,bigint,4,1615,0,0.0,0,3,0.0024767801857585,1,0,0.375,0,8,1,1615,1,1,0,1,4,8,1.0,5,7,3,0,0.0024767801857585,1,0,0,0,0,12,0,0,0,0
bike_store,bike_store,orders,order_date,date,725,1615,0,0.0,0,4,0.4489164086687306,1,0,0.5,0,8,1,1615,1,1,0,1,4,8,1.0,5,4,4,0,0.4489164086687306,1,0,0,0,0,10,0,0,0,0
bike_store,bike_store,orders,required_date,date,734,1615,0,0.0,0,5,0.4544891640866873,1,0,0.625,0,8,1,1615,1,1,0,1,4,8,1.0,5,3,5,0,0.4544891640866873,1,0,0,0,0,13,0,0,0,0
bike_store,bike_store,orders,shipped_date,varchar,676,1615,0,0.0,0,6,0.4185758513931888,1,0,0.75,0,8,1,1615,1,1,0,1,4,8,1.0,5,5,6,0,0.4185758513931888,1,0,0,0,0,12,0,0,0,0
bike_store,bike_store,orders,store_id,bigint,3,1615,0,0.0,0,7,0.0018575851393188,1,0,0.875,0,8,1,1615,1,1,0,1,4,8,1.0,5,8,7,0,0.0018575851393188,1,1,0,0,0,8,0,0,1,0
bike_store,bike_store,orders,staff_id,bigint,6,1615,0,0.0,0,8,0.0037151702786377,1,0,1.0,0,8,1,1615,1,1,0,1,4,8,1.0,5,6,8,0,0.0037151702786377,1,1,0,0,0,8,0,0,1,0
bike_store,bike_store,products,product_id,bigint,321,321,0,0.0,1,1,1.0,1,1,0.1666666666666666,1,6,1,321,0,1,0,1,3,6,1.0,4,1,1,1,1.0,0,1,0,0,1,10,1,0,0,0
bike_store,bike_store,products,product_name,varchar,291,321,0,0.0,0,2,0.9065420560747663,1,0,0.3333333333333333,0,6,1,321,1,1,0,1,3,6,1.0,4,2,2,0,0.9065420560747663,1,0,0,0,0,12,0,0,0,0
bike_store,bike_store,products,brand_id,bigint,9,321,0,0.0,0,3,0.02803738317757,1,0,0.5,0,6,1,321,1,1,0,1,3,6,1.0,4,4,3,0,0.02803738317757,1,1,0,0,0,8,0,0,1,0
bike_store,bike_store,products,category_id,bigint,7,321,0,0.0,0,4,0.0218068535825545,1,0,0.6666666666666666,0,6,1,321,1,1,0,1,3,6,1.0,4,5,4,0,0.0218068535825545,1,1,0,0,0,11,0,0,0,0
bike_store,bike_store,products,model_year,bigint,4,321,0,0.0,0,5,0.0124610591900311,1,0,0.8333333333333334,0,6,1,321,1,1,0,1,3,6,1.0,4,6,5,0,0.0124610591900311,1,0,0,0,0,10,0,0,0,0
bike_store,bike_store,products,list_price,double,106,321,0,0.0,0,6,0.3302180685358255,1,0,1.0,0,6,1,321,1,1,0,1,3,6,1.0,4,3,6,0,0.3302180685358255,1,0,0,0,0,10,0,0,0,0
bike_store,bike_store,staffs,staff_id,bigint,10,10,0,0.0,1,1,1.0,1,1,0.125,1,8,5,10,4,1,0,5,3,8,1.0,3,1,1,1,1.0,4,1,0,0,1,8,1,0,0,0
bike_store,bike_store,staffs,first_name,varchar,10,10,0,0.0,1,2,1.0,1,0,0.25,0,8,5,10,4,1,0,5,3,8,1.0,3,2,2,0,1.0,4,0,0,0,0,10,0,0,0,0
bike_store,bike_store,staffs,last_name,varchar,10,10,0,0.0,1,3,1.0,1,0,0.375,0,8,5,10,4,1,0,5,3,8,1.0,3,3,3,0,1.0,4,0,0,0,0,9,0,0,0,0
bike_store,bike_store,staffs,email,varchar,10,10,0,0.0,1,4,1.0,1,0,0.5,0,8,5,10,4,1,0,5,3,8,1.0,3,4,4,0,1.0,4,0,0,0,0,5,0,0,0,0
bike_store,bike_store,staffs,phone,varchar,10,10,0,0.0,1,5,1.0,1,0,0.625,0,8,5,10,4,1,0,5,3,8,1.0,3,5,5,0,1.0,4,0,0,0,0,5,0,0,0,0
bike_store,bike_store,staffs,active,bigint,1,10,0,0.0,0,6,0.1,1,0,0.75,0,8,5,10,5,1,0,5,3,8,1.0,3,8,6,0,0.1,5,0,0,0,0,6,0,0,0,0
bike_store,bike_store,staffs,store_id,bigint,3,10,0,0.0,0,7,0.3,1,0,0.875,0,8,5,10,5,1,0,5,3,8,1.0,3,7,7,0,0.3,5,1,0,0,0,8,0,0,1,0
bike_store,bike_store,staffs,manager_id,varchar,5,10,0,0.0,0,8,0.5,1,0,1.0,0,8,5,10,5,1,0,5,3,8,1.0,3,6,8,0,0.5,5,1,0,0,0,10,0,0,1,0
bike_store,bike_store,stocks,store_id,bigint,3,939,0,0.0,0,1,0.0031948881789137,1,1,0.3333333333333333,0,3,0,939,0,0,1,0,2,3,0.3333333333333333,3,3,1,1,0.0095846645367412,0,1,0,0,0,8,0,1,0,0
bike_store,bike_store,stocks,product_id,bigint,313,939,0,0.0,0,2,0.3333333333333333,1,0,0.6666666666666666,0,3,0,939,0,0,1,0,2,3,0.3333333333333333,3,1,2,0,1.0,0,1,0,0,0,10,0,1,0,0
bike_store,bike_store,stocks,quantity,bigint,31,939,0,0.0,0,3,0.0330138445154419,1,0,1.0,0,3,0,939,0,0,1,0,2,3,0.3333333333333333,3,2,3,0,0.0990415335463258,0,0,0,0,0,8,0,0,0,0
bike_store,bike_store,stores,store_id,bigint,3,3,0,0.0,1,1,1.0,1,1,0.125,1,8,8,3,7,1,0,8,1,8,1.0,2,1,1,1,1.0,7,1,0,0,1,8,1,0,0,0
bike_store,bike_store,stores,store_name,varchar,3,3,0,0.0,1,2,1.0,1,0,0.25,0,8,8,3,7,1,0,8,1,8,1.0,2,2,2,0,1.0,7,0,0,0,0,10,0,0,0,0
bike_store,bike_store,stores,phone,varchar,3,3,0,0.0,1,3,1.0,1,0,0.375,0,8,8,3,7,1,0,8,1,8,1.0,2,3,3,0,1.0,7,0,0,0,0,5,0,0,0,0
bike_store,bike_store,stores,email,varchar,3,3,0,0.0,1,4,1.0,1,0,0.5,0,8,8,3,7,1,0,8,1,8,1.0,2,4,4,0,1.0,7,0,0,0,0,5,0,0,0,0
bike_store,bike_store,stores,street,varchar,3,3,0,0.0,1,5,1.0,1,0,0.625,0,8,8,3,7,1,0,8,1,8,1.0,2,5,5,0,1.0,7,0,0,0,0,6,0,0,0,0
bike_store,bike_store,stores,city,varchar,3,3,0,0.0,1,6,1.0,1,0,0.75,0,8,8,3,7,1,0,8,1,8,1.0,2,6,6,0,1.0,7,0,0,0,0,4,0,0,0,0
bike_store,bike_store,stores,state,varchar,3,3,0,0.0,1,7,1.0,1,0,0.875,0,8,8,3,7,1,0,8,1,8,1.0,2,7,7,0,1.0,7,0,0,0,0,5,0,0,0,0
bike_store,bike_store,stores,zip_code,bigint,3,3,0,0.0,1,8,1.0,1,0,1.0,0,8,8,3,7,1,0,8,1,8,1.0,2,8,8,0,1.0,7,0,0,0,0,8,0,0,0,0
f1_grand_prix_dataset,f1_grand_prix_dataset,circuits,circuitid,bigint,77,77,0,0.0,1,1,1.0,1,1,0.1111111111111111,1,9,6,77,5,1,0,7,0,9,1.0,2,1,1,1,1.0,6,0,0,0,0,9,1,0,0,0
f1_grand_prix_dataset,f1_grand_prix_dataset,circuits,circuitref,varchar,77,77,0,0.0,1,2,1.0,1,0,0.2222222222222222,0,9,6,77,5,1,0,7,0,9,1.0,2,2,2,0,1.0,6,0,0,0,0,10,0,0,0,0
f1_grand_prix_dataset,f1_grand_prix_dataset,circuits,name,varchar,77,77,0,0.0,1,3,1.0,1,0,0.3333333333333333,0,9,6,77,5,1,0,7,0,9,1.0,2,3,3,0,1.0,6,0,0,0,0,4,0,0,0,0
f1_grand_prix_dataset,f1_grand_prix_dataset,circuits,location,varchar,75,77,0,0.0,0,4,0.974025974025974,1,0,0.4444444444444444,0,9,6,77,6,1,0,7,0,9,1.0,2,7,4,0,0.974025974025974,6,0,0,0,0,8,0,0,0,0
f1_grand_prix_dataset,f1_grand_prix_dataset,circuits,country,varchar,35,77,0,0.0,0,5,0.4545454545454545,1,0,0.5555555555555556,0,9,6,77,6,1,0,7,0,9,1.0,2,9,5,0,0.4545454545454545,7,0,0,0,0,7,0,0,0,0
f1_grand_prix_dataset,f1_grand_prix_dataset,circuits,lat,double,77,77,0,0.0,1,6,1.0,1,0,0.6666666666666666,0,9,6,77,5,1,0,7,0,9,1.0,2,4,6,0,1.0,6,0,0,0,0,3,0,0,0,0
f1_grand_prix_dataset,f1_grand_prix_dataset,circuits,lng,double,77,77,0,0.0,1,7,1.0,1,0,0.7777777777777778,0,9,6,77,5,1,0,7,0,9,1.0,2,5,7,0,1.0,6,0,0,0,0,3,0,0,0,0
f1_grand_prix_dataset,f1_grand_prix_dataset,circuits,alt,bigint,66,77,0,0.0,0,8,0.8571428571428571,1,0,0.8888888888888888,0,9,6,77,6,1,0,7,0,9,1.0,2,8,8,0,0.8571428571428571,7,0,0,0,0,3,0,0,0,0
f1_grand_prix_dataset,f1_grand_prix_dataset,circuits,url,varchar,77,77,0,0.0,1,9,1.0,1,0,1.0,0,9,6,77,5,1,0,7,0,9,1.0,2,6,9,0,1.0,6,0,0,0,0,3,0,0,0,0
f1_grand_prix_dataset,f1_grand_prix_dataset,constructor_results,constructorresultsid,bigint,12515,12515,0,0.0,1,1,1.0,1,1,0.2,1,5,1,12515,0,1,0,1,0,5,1.0,3,1,1,1,1.0,0,0,0,0,0,20,1,0,0,0
f1_grand_prix_dataset,f1_grand_prix_dataset,constructor_results,raceid,bigint,1049,12515,0,0.0,0,2,0.08381941669996,1,0,0.4,0,5,1,12515,1,1,0,1,0,5,1.0,3,2,2,0,0.08381941669996,1,0,0,0,0,6,0,0,1,0
f1_grand_prix_dataset,f1_grand_prix_dataset,constructor_results,constructorid,bigint,175,12515,0,0.0,0,3,0.0139832201358369,1,0,0.6,0,5,1,12515,1,1,0,1,0,5,1.0,3,3,3,0,0.0139832201358369,1,0,0,0,0,13,0,0,1,0
f1_grand_prix_dataset,f1_grand_prix_dataset,constructor_results,points,double,60,12515,0,0.0,0,4,0.0047942469037155,1,0,0.8,0,5,1,12515,1,1,0,1,0,5,1.0,3,4,4,0,0.0047942469037155,1,0,0,0,0,6,0,0,0,0
f1_grand_prix_dataset,f1_grand_prix_dataset,constructor_results,status,varchar,2,12515,0,0.0,0,5,0.0001598082301238,1,0,1.0,0,5,1,12515,1,1,0,1,0,5,1.0,3,5,5,0,0.0001598082301238,1,0,0,0,0,6,0,0,0,0
f1_grand_prix_dataset,f1_grand_prix_dataset,constructor_standings,constructorstandingsid,bigint,13281,13281,0,0.0,1,1,1.0,1,1,0.1428571428571428,1,7,1,13281,0,1,0,1,0,7,1.0,5,1,1,1,1.0,0,0,0,0,0,22,1,0,0,0
f1_grand_prix_dataset,f1_grand_prix_dataset,constructor_standings,raceid,bigint,1050,13281,0,0.0,0,2,0.0790603117235148,1,0,0.2857142857142857,0,7,1,13281,1,1,0,1,0,7,1.0,5,2,2,0,0.0790603117235148,1,0,0,0,0,6,0,0,1,0
f1_grand_prix_dataset,f1_grand_prix_dataset,constructor_standings,constructorid,bigint,160,13281,0,0.0,0,3,0.0120472855959641,1,0,0.4285714285714285,0,7,1,13281,1,1,0,1,0,7,1.0,5,4,3,0,0.0120472855959641,1,0,0,0,0,13,0,0,1,0
f1_grand_prix_dataset,f1_grand_prix_dataset,constructor_standings,points,double,558,13281,0,0.0,0,4,0.042014908515925,1,0,0.5714285714285714,0,7,1,13281,1,1,0,1,0,7,1.0,5,3,4,0,0.042014908515925,1,0,0,0,0,6,0,0,0,0
f1_grand_prix_dataset,f1_grand_prix_dataset,constructor_standings,position,bigint,22,13281,0,0.0,0,5,0.001656501769445,1,0,0.7142857142857143,0,7,1,13281,1,1,0,1,0,7,1.0,5,6,5,0,0.001656501769445,1,0,0,0,0,8,0,0,0,0
f1_grand_prix_dataset,f1_grand_prix_dataset,constructor_standings,positiontext,varchar,23,13281,0,0.0,0,6,0.0017317973044198,1,0,0.8571428571428571,0,7,1,13281,1,1,0,1,0,7,1.0,5,5,6,0,0.0017317973044198,1,0,0,0,0,12,0,0,0,0
f1_grand_prix_dataset,f1_grand_prix_dataset,constructor_standings,wins,bigint,22,13281,0,0.0,0,7,0.001656501769445,1,0,1.0,0,7,1,13281,1,1,0,1,0,7,1.0,5,7,7,0,0.001656501769445,1,0,0,0,0,4,0,0,0,0
f1_grand_prix_dataset,f1_grand_prix_dataset,constructors,constructorid,bigint,212,212,0,0.0,1,1,1.0,1,1,0.2,1,5,3,212,2,1,0,3,0,5,1.0,1,1,1,1,1.0,2,0,0,0,0,13,1,0,0,0
f1_grand_prix_dataset,f1_grand_prix_dataset,constructors,constructorref,varchar,212,212,0,0.0,1,2,1.0,1,0,0.4,0,5,3,212,2,1,0,3,0,5,1.0,1,2,2,0,1.0,2,0,0,0,0,14,0,0,0,0
f1_grand_prix_dataset,f1_grand_prix_dataset,constructors,name,varchar,212,212,0,0.0,1,3,1.0,1,0,0.6,0,5,3,212,2,1,0,3,0,5,1.0,1,3,3,0,1.0,2,0,0,0,0,4,0,0,0,0
f1_grand_prix_dataset,f1_grand_prix_dataset,constructors,nationality,varchar,24,212,0,0.0,0,4,0.1132075471698113,1,0,0.8,0,5,3,212,3,1,0,3,0,5,1.0,1,5,4,0,0.1132075471698113,3,0,0,0,0,11,0,0,0,0
f1_grand_prix_dataset,f1_grand_prix_dataset,constructors,url,varchar,175,212,0,0.0,0,5,0.8254716981132075,1,0,1.0,0,5,3,212,3,1,0,3,0,5,1.0,1,4,5,0,0.8254716981132075,3,0,0,0,0,3,0,0,0,0
f1_grand_prix_dataset,f1_grand_prix_dataset,driver_standings,driverstandingsid,bigint,34616,34616,0,0.0,1,1,1.0,1,1,0.1428571428571428,1,7,1,34616,0,1,0,1,0,7,1.0,5,1,1,1,1.0,0,0,0,0,0,17,1,0,0,0
f1_grand_prix_dataset,f1_grand_prix_dataset,driver_standings,raceid,bigint,1114,34616,0,0.0,0,2,0.0321816501039981,1,0,0.2857142857142857,0,7,1,34616,1,1,0,1,0,7,1.0,5,2,2,0,0.0321816501039981,1,0,0,0,0,6,0,0,1,0
f1_grand_prix_dataset,f1_grand_prix_dataset,driver_standings,driverid,bigint,852,34616,0,0.0,0,3,0.0246128957707418,1,0,0.4285714285714285,0,7,1,34616,1,1,0,1,0,7,1.0,5,3,3,0,0.0246128957707418,1,0,0,0,0,8,0,0,1,0
f1_grand_prix_dataset,f1_grand_prix_dataset,driver_standings,points,double,429,34616,0,0.0,0,4,0.0123931130113242,1,0,0.5714285714285714,0,7,1,34616,1,1,0,1,0,7,1.0,5,4,4,0,0.0123931130113242,1,0,0,0,0,6,0,0,0,0
f1_grand_prix_dataset,f1_grand_prix_dataset,driver_standings,position,bigint,108,34616,0,0.0,0,5,0.0031199445343193,1,0,0.7142857142857143,0,7,1,34616,1,1,0,1,0,7,1.0,5,6,5,0,0.0031199445343193,1,0,0,0,0,8,0,0,0,0
f1_grand_prix_dataset,f1_grand_prix_dataset,driver_standings,positiontext,varchar,109,34616,0,0.0,0,6,0.0031488329096371,1,0,0.8571428571428571,0,7,1,34616,1,1,0,1,0,7,1.0,5,5,6,0,0.0031488329096371,1,0,0,0,0,12,0,0,0,0
f1_grand_prix_dataset,f1_grand_prix_dataset,driver_standings,wins,bigint,20,34616,0,0.0,0,7,0.0005777675063554,1,0,1.0,0,7,1,34616,1,1,0,1,0,7,1.0,5,7,7,0,0.0005777675063554,1,0,0,0,0,4,0,0,0,0
f1_grand_prix_dataset,f1_grand_prix_dataset,drivers,driverid,bigint,859,859,0,0.0,1,1,1.0,1,1,0.1111111111111111,1,9,3,859,2,1,0,4,0,9,1.0,1,1,1,1,1.0,3,0,0,0,0,8,1,0,0,0
f1_grand_prix_dataset,f1_grand_prix_dataset,drivers,driverref,varchar,859,859,0,0.0,1,2,1.0,1,0,0.2222222222222222,0,9,3,859,2,1,0,4,0,9,1.0,1,2,2,0,1.0,3,0,0,0,0,9,0,0,0,0
f1_grand_prix_dataset,f1_grand_prix_dataset,drivers,number,varchar,47,859,0,0.0,0,3,0.0547147846332945,1,0,0.3333333333333333,0,9,3,859,3,1,0,4,0,9,1.0,1,8,3,0,0.0547147846332945,4,0,0,0,0,6,0,0,0,0
f1_grand_prix_dataset,f1_grand_prix_dataset,drivers,code,varchar,97,859,0,0.0,0,4,0.1129220023282887,1,0,0.4444444444444444,0,9,3,859,3,1,0,4,0,9,1.0,1,7,4,0,0.1129220023282887,4,0,0,0,0,4,0,0,0,0
f1_grand_prix_dataset,f1_grand_prix_dataset,drivers,forename,varchar,478,859,0,0.0,0,5,0.5564610011641443,1,0,0.5555555555555556,0,9,3,859,3,1,0,4,0,9,1.0,1,6,5,0,0.5564610011641443,4,0,0,0,0,8,0,0,0,0
f1_grand_prix_dataset,f1_grand_prix_dataset,drivers,surname,varchar,800,859,0,0.0,0,6,0.9313154831199068,1,0,0.6666666666666666,0,9,3,859,3,1,0,4,0,9,1.0,1,5,6,0,0.9313154831199068,4,0,0,0,0,7,0,0,0,0
f1_grand_prix_dataset,f1_grand_prix_dataset,drivers,dob,date,841,859,0,0.0,0,7,0.979045401629802,1,0,0.7777777777777778,0,9,3,859,3,1,0,4,0,9,1.0,1,4,7,0,0.979045401629802,3,0,0,0,0,3,0,0,0,0
f1_grand_prix_dataset,f1_grand_prix_dataset,drivers,nationality,varchar,42,859,0,0.0,0,8,0.0488940628637951,1,0,0.8888888888888888,0,9,3,859,3,1,0,4,0,9,1.0,1,9,8,0,0.0488940628637951,4,0,0,0,0,11,0,0,0,0
f1_grand_prix_dataset,f1_grand_prix_dataset,drivers,url,varchar,859,859,0,0.0,1,9,1.0,1,0,1.0,0,9,3,859,2,1,0,4,0,9,1.0,1,3,9,0,1.0,3,0,0,0,0,3,0,0,0,0
f1_grand_prix_dataset,f1_grand_prix_dataset,lap_times,raceid,bigint,532,575989,0,0.0,0,1,0.0009236287498545,1,1,0.1666666666666666,0,6,0,575989,0,0,1,0,0,6,0.1311188234497533,5,3,1,1,0.0070442116970988,0,0,0,0,0,6,0,1,1,0
f1_grand_prix_dataset,f1_grand_prix_dataset,lap_times,driverid,bigint,141,575989,0,0.0,0,2,0.0002447963415968,1,0,0.3333333333333333,0,6,0,575989,0,0,1,0,0,6,0.1311188234497533,5,4,2,0,0.0018669809197198,0,0,0,0,0,8,0,1,1,0
f1_grand_prix_dataset,f1_grand_prix_dataset,lap_times,lap,bigint,87,575989,0,0.0,0,3,0.000151044551198,1,0,0.5,0,6,0,575989,0,0,1,0,0,6,0.1311188234497533,5,5,3,0,0.0011519669504654,0,0,0,0,0,3,0,1,0,0
f1_grand_prix_dataset,f1_grand_prix_dataset,lap_times,position,bigint,24,575989,0,0.0,0,4,4.1667462399455544e-05,1,0,0.6666666666666666,0,6,0,575989,0,0,1,0,0,6,0.1311188234497533,5,6,4,0,0.0003177839863352,0,0,0,0,0,8,0,0,0,0
f1_grand_prix_dataset,f1_grand_prix_dataset,lap_times,time,varchar,75523,575989,0,0.0,0,5,0.1311188234497533,1,0,0.8333333333333334,0,6,0,575989,0,0,1,0,0,6,0.1311188234497533,5,1,5,0,1.0,0,0,0,0,0,4,0,0,0,0
f1_grand_prix_dataset,f1_grand_prix_dataset,lap_times,milliseconds,bigint,75523,575989,0,0.0,0,6,0.1311188234497533,1,0,1.0,0,6,0,575989,0,0,1,0,0,6,0.1311188234497533,5,2,6,0,1.0,0,0,0,0,0,12,0,0,0,0
f1_grand_prix_dataset,f1_grand_prix_dataset,pit_stops,raceid,bigint,274,11030,0,0.0,0,1,0.0248413417951042,1,1,0.1666666666666666,0,6,0,11030,0,0,1,0,0,6,0.6748866727107887,5,3,1,1,0.0368081676518001,0,0,0,0,0,6,0,1,1,0
f1_grand_prix_dataset,f1_grand_prix_dataset,pit_stops,driverid,bigint,74,11030,0,0.0,0,2,0.0067089755213055,1,0,0.3333333333333333,0,6,0,11030,0,0,1,0,0,6,0.6748866727107887,5,4,2,0,0.0099408919935518,0,0,0,0,0,8,0,1,1,0
f1_grand_prix_dataset,f1_grand_prix_dataset,pit_stops,stop,bigint,14,11030,0,0.0,0,3,0.0012692656391659,1,0,0.5,0,6,0,11030,0,0,1,0,0,6,0.6748866727107887,5,6,3,0,0.0018807092960773,0,0,0,0,0,4,0,1,0,0
f1_grand_prix_dataset,f1_grand_prix_dataset,pit_stops,lap,bigint,74,11030,0,0.0,0,4,0.0067089755213055,1,0,0.6666666666666666,0,6,0,11030,0,0,1,0,0,6,0.6748866727107887,5,5,4,0,0.0099408919935518,0,0,0,0,0,3,0,0,0,0
f1_grand_prix_dataset,f1_grand_prix_dataset,pit_stops,duration,varchar,7444,11030,0,0.0,0,5,0.6748866727107887,1,0,0.8333333333333334,0,6,0,11030,0,0,1,0,0,6,0.6748866727107887,5,1,5,0,1.0,0,0,0,0,0,8,0,0,0,0
f1_grand_prix_dataset,f1_grand_prix_dataset,pit_stops,milliseconds,bigint,7444,11030,0,0.0,0,6,0.6748866727107887,1,0,1.0,0,6,0,11030,0,0,1,0,0,6,0.6748866727107887,5,2,6,0,1.0,0,0,0,0,0,12,0,0,0,0
f1_grand_prix_dataset,f1_grand_prix_dataset,qualifying,qualifyid,bigint,10274,10274,0,0.0,1,1,1.0,1,1,0.1111111111111111,1,9,1,10274,0,1,0,1,0,7,1.0,6,1,1,1,1.0,0,0,0,0,0,9,1,0,0,0
f1_grand_prix_dataset,f1_grand_prix_dataset,qualifying,raceid,bigint,483,10274,0,0.0,0,2,0.0470118746350009,1,0,0.2222222222222222,0,9,1,10274,1,1,0,1,0,7,1.0,6,5,2,0,0.0470118746350009,1,0,0,0,0,6,0,0,0,0
f1_grand_prix_dataset,f1_grand_prix_dataset,qualifying,driverid,bigint,170,10274,0,0.0,0,3,0.0165466225423398,1,0,0.3333333333333333,0,9,1,10274,1,1,0,1,0,7,1.0,6,6,3,0,0.0165466225423398,1,0,0,0,0,8,0,0,1,0
f1_grand_prix_dataset,f1_grand_prix_dataset,qualifying,constructorid,bigint,47,10274,0,0.0,0,4,0.004574654467588,1,0,0.4444444444444444,0,9,1,10274,1,1,0,1,0,7,1.0,6,8,4,0,0.004574654467588,1,0,0,0,0,13,0,0,1,0
f1_grand_prix_dataset,f1_grand_prix_dataset,qualifying,number,bigint,55,10274,0,0.0,0,5,0.0053533190578158,1,0,0.5555555555555556,0,9,1,10274,1,1,0,1,0,7,1.0,6,7,5,0,0.0053533190578158,1,0,0,0,0,6,0,0,0,0
f1_grand_prix_dataset,f1_grand_prix_dataset,qualifying,position,bigint,28,10274,0,0.0,0,6,0.0027253260657971,1,0,0.6666666666666666,0,9,1,10274,1,1,0,1,0,7,1.0,6,9,6,0,0.0027253260657971,1,0,0,0,0,8,0,0,0,0
f1_grand_prix_dataset,f1_grand_prix_dataset,qualifying,q1,varchar,8970,10274,0,0.0,0,7,0.8730776717928752,1,0,0.7777777777777778,0,9,1,10274,1,1,0,1,0,7,1.0,6,2,7,0,0.8730776717928752,1,0,0,0,0,2,0,0,0,0
f1_grand_prix_dataset,f1_grand_prix_dataset,qualifying,q2,varchar,5331,10274,13,0.0012653299591201,0,8,0.5188826163130231,0,0,0.8888888888888888,0,9,1,10274,1,1,0,1,0,7,1.0,6,3,8,0,0.5188826163130231,1,0,0,0,0,2,0,0,0,0
f1_grand_prix_dataset,f1_grand_prix_dataset,qualifying,q3,varchar,3382,10274,27,0.0026279929920186,0,9,0.3291804555187853,0,0,1.0,0,9,1,10274,1,1,0,1,0,7,1.0,6,4,9,0,0.3291804555187853,1,0,0,0,0,2,0,0,0,0
f1_grand_prix_dataset,f1_grand_prix_dataset,races,raceid,bigint,1125,1125,0,0.0,1,1,1.0,1,1,0.0555555555555555,1,18,3,1125,2,1,0,3,0,18,1.0,4,1,1,1,1.0,2,0,0,0,0,6,1,0,0,0
f1_grand_prix_dataset,f1_grand_prix_dataset,races,year,bigint,75,1125,0,0.0,0,2,0.0666666666666666,1,0,0.1111111111111111,0,18,3,1125,3,1,0,3,0,18,1.0,4,8,2,0,0.0666666666666666,3,0,0,0,0,4,0,0,0,0
f1_grand_prix_dataset,f1_grand_prix_dataset,races,round,bigint,24,1125,0,0.0,0,3,0.0213333333333333,1,0,0.1666666666666666,0,18,3,1125,3,1,0,3,0,18,1.0,4,12,3,0,0.0213333333333333,3,0,0,0,0,5,0,0,0,0
f1_grand_prix_dataset,f1_grand_prix_dataset,races,circuitid,bigint,77,1125,0,0.0,0,4,0.0684444444444444,1,0,0.2222222222222222,0,18,3,1125,3,1,0,3,0,18,1.0,4,7,4,0,0.0684444444444444,3,0,0,0,0,9,0,0,1,0
f1_grand_prix_dataset,f1_grand_prix_dataset,races,name,varchar,54,1125,0,0.0,0,5,0.048,1,0,0.2777777777777778,0,18,3,1125,3,1,0,3,0,18,1.0,4,10,5,0,0.048,3,0,0,0,0,4,0,0,0,0
f1_grand_prix_dataset,f1_grand_prix_dataset,races,date,date,1125,1125,0,0.0,1,6,1.0,1,0,0.3333333333333333,0,18,3,1125,2,1,0,3,0,18,1.0,4,2,6,0,1.0,2,0,0,0,0,4,0,0,0,0
f1_grand_prix_dataset,f1_grand_prix_dataset,races,time,varchar,35,1125,0,0.0,0,7,0.0311111111111111,1,0,0.3888888888888889,0,18,3,1125,3,1,0,3,0,18,1.0,4,11,7,0,0.0311111111111111,3,0,0,0,0,4,0,0,0,0
f1_grand_prix_dataset,f1_grand_prix_dataset,races,url,varchar,1125,1125,0,0.0,1,8,1.0,1,0,0.4444444444444444,0,18,3,1125,2,1,0,3,0,18,1.0,4,3,8,0,1.0,2,0,0,0,0,3,0,0,0,0
f1_grand_prix_dataset,f1_grand_prix_dataset,races,fp1_date,varchar,91,1125,0,0.0,0,9,0.0808888888888888,1,0,0.5,0,18,3,1125,3,1,0,3,0,18,1.0,4,4,9,0,0.0808888888888888,3,0,0,0,0,8,0,0,0,0
f1_grand_prix_dataset,f1_grand_prix_dataset,races,fp1_time,varchar,21,1125,0,0.0,0,10,0.0186666666666666,1,0,0.5555555555555556,0,18,3,1125,3,1,0,3,0,18,1.0,4,13,10,0,0.0186666666666666,3,0,0,0,0,8,0,0,0,0
f1_grand_prix_dataset,f1_grand_prix_dataset,races,fp2_date,varchar,91,1125,0,0.0,0,11,0.0808888888888888,1,0,0.6111111111111112,0,18,3,1125,3,1,0,3,0,18,1.0,4,5,11,0,0.0808888888888888,3,0,0,0,0,8,0,0,0,0
f1_grand_prix_dataset,f1_grand_prix_dataset,races,fp2_time,varchar,20,1125,0,0.0,0,12,0.0177777777777777,1,0,0.6666666666666666,0,18,3,1125,3,1,0,3,0,18,1.0,4,14,12,0,0.0177777777777777,3,0,0,0,0,8,0,0,0,0
f1_grand_prix_dataset,f1_grand_prix_dataset,races,fp3_date,varchar,73,1125,0,0.0,0,13,0.0648888888888888,1,0,0.7222222222222222,0,18,3,1125,3,1,0,3,0,18,1.0,4,9,13,0,0.0648888888888888,3,0,0,0,0,8,0,0,0,0
f1_grand_prix_dataset,f1_grand_prix_dataset,races,fp3_time,varchar,19,1125,0,0.0,0,14,0.0168888888888888,1,0,0.7777777777777778,0,18,3,1125,3,1,0,3,0,18,1.0,4,15,14,0,0.0168888888888888,3,0,0,0,0,8,0,0,0,0
f1_grand_prix_dataset,f1_grand_prix_dataset,races,quali_date,varchar,91,1125,0,0.0,0,15,0.0808888888888888,1,0,0.8333333333333334,0,18,3,1125,3,1,0,3,0,18,1.0,4,6,15,0,0.0808888888888888,3,0,0,0,0,10,0,0,0,0
f1_grand_prix_dataset,f1_grand_prix_dataset,races,quali_time,varchar,16,1125,0,0.0,0,16,0.0142222222222222,1,0,0.8888888888888888,0,18,3,1125,3,1,0,3,0,18,1.0,4,17,16,0,0.0142222222222222,3,0,0,0,0,10,0,0,0,0
f1_grand_prix_dataset,f1_grand_prix_dataset,races,sprint_date,varchar,19,1125,0,0.0,0,17,0.0168888888888888,1,0,0.9444444444444444,0,18,3,1125,3,1,0,3,0,18,1.0,4,16,17,0,0.0168888888888888,3,0,0,0,0,11,0,0,0,0
f1_grand_prix_dataset,f1_grand_prix_dataset,races,sprint_time,varchar,13,1125,0,0.0,0,18,0.0115555555555555,1,0,1.0,0,18,3,1125,3,1,0,3,0,18,1.0,4,18,18,0,0.0115555555555555,3,0,0,0,0,11,0,0,0,0
f1_grand_prix_dataset,f1_grand_prix_dataset,results,resultid,bigint,26539,26539,0,0.0,1,1,1.0,1,1,0.0555555555555555,1,18,1,26539,0,1,0,1,0,18,1.0,8,1,1,1,1.0,0,0,0,0,0,8,1,0,0,0
f1_grand_prix_dataset,f1_grand_prix_dataset,results,raceid,bigint,1114,26539,0,0.0,0,2,0.0419759599080598,1,0,0.1111111111111111,0,18,1,26539,1,1,0,1,0,18,1.0,8,6,2,0,0.0419759599080598,1,0,0,0,0,6,0,0,1,0
f1_grand_prix_dataset,f1_grand_prix_dataset,results,driverid,bigint,859,26539,0,0.0,0,3,0.0323674592109725,1,0,0.1666666666666666,0,18,1,26539,1,1,0,1,0,18,1.0,8,7,3,0,0.0323674592109725,1,0,0,0,0,8,0,0,1,0
f1_grand_prix_dataset,f1_grand_prix_dataset,results,constructorid,bigint,211,26539,0,0.0,0,4,0.0079505633219036,1,0,0.2222222222222222,0,18,1,26539,1,1,0,1,0,18,1.0,8,8,4,0,0.0079505633219036,1,0,0,0,0,13,0,0,1,0
f1_grand_prix_dataset,f1_grand_prix_dataset,results,number,varchar,130,26539,0,0.0,0,5,0.0048984513357699,1,0,0.2777777777777778,0,18,1,26539,1,1,0,1,0,18,1.0,8,11,5,0,0.0048984513357699,1,0,0,0,0,6,0,0,0,0
f1_grand_prix_dataset,f1_grand_prix_dataset,results,grid,bigint,35,26539,0,0.0,0,6,0.0013188138211688,1,0,0.3333333333333333,0,18,1,26539,1,1,0,1,0,18,1.0,8,16,6,0,0.0013188138211688,1,0,0,0,0,4,0,0,0,0
f1_grand_prix_dataset,f1_grand_prix_dataset,results,position,varchar,34,26539,0,0.0,0,7,0.0012811334262783,1,0,0.3888888888888889,0,18,1,26539,1,1,0,1,0,18,1.0,8,17,7,0,0.0012811334262783,1,0,0,0,0,8,0,0,0,0
f1_grand_prix_dataset,f1_grand_prix_dataset,results,positiontext,varchar,39,26539,0,0.0,0,8,0.0014695354007309,1,0,0.4444444444444444,0,18,1,26539,1,1,0,1,0,18,1.0,8,13,8,0,0.0014695354007309,1,0,0,0,0,12,0,0,0,0
f1_grand_prix_dataset,f1_grand_prix_dataset,results,positionorder,bigint,39,26539,0,0.0,0,9,0.0014695354007309,1,0,0.5,0,18,1,26539,1,1,0,1,0,18,1.0,8,14,9,0,0.0014695354007309,1,0,0,0,0,13,0,0,0,0
f1_grand_prix_dataset,f1_grand_prix_dataset,results,points,double,39,26539,0,0.0,0,10,0.0014695354007309,1,0,0.5555555555555556,0,18,1,26539,1,1,0,1,0,18,1.0,8,15,10,0,0.0014695354007309,1,0,0,0,0,6,0,0,0,0
f1_grand_prix_dataset,f1_grand_prix_dataset,results,laps,bigint,172,26539,0,0.0,0,11,0.0064810279211726,1,0,0.6111111111111112,0,18,1,26539,1,1,0,1,0,18,1.0,8,9,11,0,0.0064810279211726,1,0,0,0,0,4,0,0,0,0
f1_grand_prix_dataset,f1_grand_prix_dataset,results,time,varchar,7283,26539,0,0.0,0,12,0.2744263159877915,1,0,0.6666666666666666,0,18,1,26539,1,1,0,1,0,18,1.0,8,5,12,0,0.2744263159877915,1,0,0,0,0,4,0,0,0,0
f1_grand_prix_dataset,f1_grand_prix_dataset,results,milliseconds,varchar,7504,26539,0,0.0,0,13,0.2827536832586005,1,0,0.7222222222222222,0,18,1,26539,1,1,0,1,0,18,1.0,8,3,13,0,0.2827536832586005,1,0,0,0,0,12,0,0,0,0
f1_grand_prix_dataset,f1_grand_prix_dataset,results,fastestlap,varchar,81,26539,0,0.0,0,14,0.0030521119861336,1,0,0.7777777777777778,0,18,1,26539,1,1,0,1,0,18,1.0,8,12,14,0,0.0030521119861336,1,0,0,0,0,10,0,0,0,0
f1_grand_prix_dataset,f1_grand_prix_dataset,results,rank,varchar,26,26539,0,0.0,0,15,0.0009796902671539,1,0,0.8333333333333334,0,18,1,26539,1,1,0,1,0,18,1.0,8,18,15,0,0.0009796902671539,1,0,0,0,0,4,0,0,0,0
f1_grand_prix_dataset,f1_grand_prix_dataset,results,fastestlaptime,varchar,7315,26539,0,0.0,0,16,0.2756320886242888,1,0,0.8888888888888888,0,18,1,26539,1,1,0,1,0,18,1.0,8,4,16,0,0.2756320886242888,1,0,0,0,0,14,0,0,0,0
f1_grand_prix_dataset,f1_grand_prix_dataset,results,fastestlapspeed,varchar,7532,26539,0,0.0,0,17,0.2838087343155356,1,0,0.9444444444444444,0,18,1,26539,1,1,0,1,0,18,1.0,8,2,17,0,0.2838087343155356,1,0,0,0,0,15,0,0,0,0
f1_grand_prix_dataset,f1_grand_prix_dataset,results,statusid,bigint,137,26539,0,0.0,0,18,0.0051622141000037,1,0,1.0,0,18,1,26539,1,1,0,1,0,18,1.0,8,10,18,0,0.0051622141000037,1,0,0,0,0,8,0,0,0,0
f1_grand_prix_dataset,f1_grand_prix_dataset,seasons,year,bigint,75,75,0,0.0,1,1,1.0,1,1,0.5,1,2,2,75,1,1,0,2,0,2,1.0,1,1,1,1,1.0,1,0,0,0,0,4,1,0,0,0
f1_grand_prix_dataset,f1_grand_prix_dataset,seasons,url,varchar,75,75,0,0.0,1,2,1.0,1,0,1.0,0,2,2,75,1,1,0,2,0,2,1.0,1,2,2,0,1.0,1,0,0,0,0,3,0,0,0,0
f1_grand_prix_dataset,f1_grand_prix_dataset,sprint_results,resultid,bigint,300,300,0,0.0,1,1,1.0,1,1,0.0625,1,16,1,300,0,1,0,2,0,16,1.0,10,1,1,1,1.0,1,0,0,0,0,8,1,0,0,0
f1_grand_prix_dataset,f1_grand_prix_dataset,sprint_results,raceid,bigint,15,300,0,0.0,0,2,0.05,1,0,0.125,0,16,1,300,1,1,0,2,0,16,1.0,10,12,2,0,0.05,2,0,0,0,0,6,0,0,1,0
f1_grand_prix_dataset,f1_grand_prix_dataset,sprint_results,driverid,bigint,29,300,0,0.0,0,3,0.0966666666666666,1,0,0.1875,0,16,1,300,1,1,0,2,0,16,1.0,10,6,3,0,0.0966666666666666,2,0,0,0,0,8,0,0,1,0
f1_grand_prix_dataset,f1_grand_prix_dataset,sprint_results,constructorid,bigint,12,300,0,0.0,0,4,0.04,1,0,0.25,0,16,1,300,1,1,0,2,0,16,1.0,10,14,4,0,0.04,2,0,0,0,0,13,0,0,1,0
f1_grand_prix_dataset,f1_grand_prix_dataset,sprint_results,number,bigint,30,300,0,0.0,0,5,0.1,1,0,0.3125,0,16,1,300,1,1,0,2,0,16,1.0,10,5,5,0,0.1,2,0,0,0,0,6,0,0,0,0
f1_grand_prix_dataset,f1_grand_prix_dataset,sprint_results,grid,bigint,21,300,0,0.0,0,6,0.07,1,0,0.375,0,16,1,300,1,1,0,2,0,16,1.0,10,9,6,0,0.07,2,0,0,0,0,4,0,0,0,0
f1_grand_prix_dataset,f1_grand_prix_dataset,sprint_results,position,varchar,21,300,0,0.0,0,7,0.07,1,0,0.4375,0,16,1,300,1,1,0,2,0,16,1.0,10,10,7,0,0.07,2,0,0,0,0,8,0,0,0,0
f1_grand_prix_dataset,f1_grand_prix_dataset,sprint_results,positiontext,varchar,23,300,0,0.0,0,8,0.0766666666666666,1,0,0.5,0,16,1,300,1,1,0,2,0,16,1.0,10,8,8,0,0.0766666666666666,2,0,0,0,0,12,0,0,0,0
f1_grand_prix_dataset,f1_grand_prix_dataset,sprint_results,positionorder,bigint,20,300,0,0.0,0,9,0.0666666666666666,1,0,0.5625,0,16,1,300,1,1,0,2,0,16,1.0,10,11,9,0,0.0666666666666666,2,0,0,0,0,13,0,0,0,0
f1_grand_prix_dataset,f1_grand_prix_dataset,sprint_results,points,bigint,9,300,0,0.0,0,10,0.03,1,0,0.625,0,16,1,300,1,1,0,2,0,16,1.0,10,15,10,0,0.03,2,0,0,0,0,6,0,0,0,0
f1_grand_prix_dataset,f1_grand_prix_dataset,sprint_results,laps,bigint,14,300,0,0.0,0,11,0.0466666666666666,1,0,0.6875,0,16,1,300,1,1,0,2,0,16,1.0,10,13,11,0,0.0466666666666666,2,0,0,0,0,4,0,0,0,0
f1_grand_prix_dataset,f1_grand_prix_dataset,sprint_results,time,varchar,282,300,0,0.0,0,12,0.94,1,0,0.75,0,16,1,300,1,1,0,2,0,16,1.0,10,3,12,0,0.94,2,0,0,0,0,4,0,0,0,0
f1_grand_prix_dataset,f1_grand_prix_dataset,sprint_results,milliseconds,varchar,282,300,0,0.0,0,13,0.94,1,0,0.8125,0,16,1,300,1,1,0,2,0,16,1.0,10,4,13,0,0.94,2,0,0,0,0,12,0,0,0,0
f1_grand_prix_dataset,f1_grand_prix_dataset,sprint_results,fastestlap,varchar,24,300,0,0.0,0,14,0.08,1,0,0.875,0,16,1,300,1,1,0,2,0,16,1.0,10,7,14,0,0.08,2,0,0,0,0,10,0,0,0,0
f1_grand_prix_dataset,f1_grand_prix_dataset,sprint_results,fastestlaptime,varchar,291,300,0,0.0,0,15,0.97,1,0,0.9375,0,16,1,300,1,1,0,2,0,16,1.0,10,2,15,0,0.97,1,0,0,0,0,14,0,0,0,0
f1_grand_prix_dataset,f1_grand_prix_dataset,sprint_results,statusid,bigint,7,300,0,0.0,0,16,0.0233333333333333,1,0,1.0,0,16,1,300,1,1,0,2,0,16,1.0,10,16,16,0,0.0233333333333333,2,0,0,0,0,8,0,0,0,0
f1_grand_prix_dataset,f1_grand_prix_dataset,status,statusid,bigint,139,139,0,0.0,1,1,1.0,1,1,0.5,1,2,2,139,1,1,0,2,0,2,1.0,1,1,1,1,1.0,1,0,0,1,0,8,1,0,0,0
f1_grand_prix_dataset,f1_grand_prix_dataset,status,status,varchar,139,139,0,0.0,1,2,1.0,1,0,1.0,0,2,2,139,1,1,0,2,0,2,1.0,1,2,2,0,1.0,1,0,0,1,0,6,0,0,0,0
fifa_world_cup,fifa_world_cup,award_winners,key_id,bigint,132,132,0,0.0,1,1,1.0,1,1,0.0833333333333333,1,12,1,132,0,1,0,1,5,12,1.0,2,1,1,1,1.0,0,1,1,0,0,6,1,0,0,0
fifa_world_cup,fifa_world_cup,award_winners,tournament_id,varchar,21,132,0,0.0,0,2,0.1590909090909091,1,0,0.1666666666666666,0,12,1,132,1,1,0,1,5,12,1.0,2,8,2,0,0.1590909090909091,1,1,0,0,0,13,0,0,1,0
fifa_world_cup,fifa_world_cup,award_winners,tournament_name,varchar,21,132,0,0.0,0,3,0.1590909090909091,1,0,0.25,0,12,1,132,1,1,0,1,5,12,1.0,2,9,3,0,0.1590909090909091,1,0,0,0,0,15,0,0,0,0
fifa_world_cup,fifa_world_cup,award_winners,award_id,varchar,8,132,0,0.0,0,4,0.0606060606060606,1,0,0.3333333333333333,0,12,1,132,1,1,0,1,5,12,1.0,2,10,4,0,0.0606060606060606,1,1,0,0,0,8,0,0,1,0
fifa_world_cup,fifa_world_cup,award_winners,award_name,varchar,8,132,0,0.0,0,5,0.0606060606060606,1,0,0.4166666666666667,0,12,1,132,1,1,0,1,5,12,1.0,2,11,5,0,0.0606060606060606,1,0,0,0,0,10,0,0,0,0
fifa_world_cup,fifa_world_cup,award_winners,shared,bigint,2,132,0,0.0,0,6,0.0151515151515151,1,0,0.5,0,12,1,132,1,1,0,1,5,12,1.0,2,12,6,0,0.0151515151515151,1,0,0,0,0,6,0,0,0,0
fifa_world_cup,fifa_world_cup,award_winners,player_id,varchar,105,132,0,0.0,0,7,0.7954545454545454,1,0,0.5833333333333334,0,12,1,132,1,1,0,1,5,12,1.0,2,2,7,0,0.7954545454545454,1,1,0,0,0,9,0,0,1,0
fifa_world_cup,fifa_world_cup,award_winners,family_name,varchar,104,132,0,0.0,0,8,0.7878787878787878,1,0,0.6666666666666666,0,12,1,132,1,1,0,1,5,12,1.0,2,3,8,0,0.7878787878787878,1,0,0,0,0,11,0,0,0,0
fifa_world_cup,fifa_world_cup,award_winners,given_name,varchar,87,132,0,0.0,0,9,0.6590909090909091,1,0,0.75,0,12,1,132,1,1,0,1,5,12,1.0,2,4,9,0,0.6590909090909091,1,0,0,0,0,10,0,0,0,0
fifa_world_cup,fifa_world_cup,award_winners,team_id,varchar,30,132,0,0.0,0,10,0.2272727272727272,1,0,0.8333333333333334,0,12,1,132,1,1,0,1,5,12,1.0,2,5,10,0,0.2272727272727272,1,1,0,0,0,7,0,0,1,0
fifa_world_cup,fifa_world_cup,award_winners,team_name,varchar,30,132,0,0.0,0,11,0.2272727272727272,1,0,0.9166666666666666,0,12,1,132,1,1,0,1,5,12,1.0,2,6,11,0,0.2272727272727272,1,0,0,0,0,9,0,0,0,0
fifa_world_cup,fifa_world_cup,award_winners,team_code,varchar,29,132,0,0.0,0,12,0.2196969696969697,1,0,1.0,0,12,1,132,1,1,0,1,5,12,1.0,2,7,12,0,0.2196969696969697,1,0,0,0,0,9,0,0,0,0
fifa_world_cup,fifa_world_cup,awards,key_id,bigint,8,8,0,0.0,1,1,1.0,1,1,0.2,1,5,4,8,3,1,0,4,2,5,1.0,2,1,1,1,1.0,3,1,1,0,0,6,1,0,0,0
fifa_world_cup,fifa_world_cup,awards,award_id,varchar,8,8,0,0.0,1,2,1.0,1,0,0.4,0,5,4,8,3,1,0,4,2,5,1.0,2,2,2,0,1.0,3,1,0,0,1,8,0,0,0,0
fifa_world_cup,fifa_world_cup,awards,award_name,varchar,8,8,0,0.0,1,3,1.0,1,0,0.6,0,5,4,8,3,1,0,4,2,5,1.0,2,3,3,0,1.0,3,0,0,0,0,10,0,0,0,0
fifa_world_cup,fifa_world_cup,awards,award_description,varchar,8,8,0,0.0,1,4,1.0,1,0,0.8,0,5,4,8,3,1,0,4,2,5,1.0,2,4,4,0,1.0,3,0,0,0,0,17,0,0,0,0
fifa_world_cup,fifa_world_cup,awards,year_introduced,bigint,4,8,0,0.0,0,5,0.5,1,0,1.0,0,5,4,8,4,1,0,4,2,5,1.0,2,5,5,0,0.5,4,0,0,0,0,15,0,0,0,0
fifa_world_cup,fifa_world_cup,bookings,key_id,bigint,2466,2466,0,0.0,1,1,1.0,1,1,0.0384615384615384,1,26,2,2466,1,1,0,2,6,26,1.0,10,1,1,1,1.0,1,1,1,0,0,6,1,0,0,0
fifa_world_cup,fifa_world_cup,bookings,booking_id,varchar,2466,2466,0,0.0,1,2,1.0,1,0,0.0769230769230769,0,26,2,2466,1,1,0,2,6,26,1.0,10,2,2,0,1.0,1,1,0,0,1,10,0,0,0,0
fifa_world_cup,fifa_world_cup,bookings,tournament_id,varchar,13,2466,0,0.0,0,3,0.0052716950527169,1,0,0.1153846153846153,0,26,2,2466,2,1,0,2,6,26,1.0,10,16,3,0,0.0052716950527169,2,1,0,0,0,13,0,0,1,0
fifa_world_cup,fifa_world_cup,bookings,tournament_name,varchar,13,2466,0,0.0,0,4,0.0052716950527169,1,0,0.1538461538461538,0,26,2,2466,2,1,0,2,6,26,1.0,10,17,4,0,0.0052716950527169,2,0,0,0,0,15,0,0,0,0
fifa_world_cup,fifa_world_cup,bookings,match_id,varchar,640,2466,0,0.0,0,5,0.259529602595296,1,0,0.1923076923076923,0,26,2,2466,2,1,0,2,6,26,1.0,10,6,5,0,0.259529602595296,2,1,0,0,0,8,0,0,1,0
fifa_world_cup,fifa_world_cup,bookings,match_name,varchar,553,2466,0,0.0,0,6,0.2242497972424979,1,0,0.2307692307692307,0,26,2,2466,2,1,0,2,6,26,1.0,10,7,6,0,0.2242497972424979,2,0,0,0,0,10,0,0,0,0
fifa_world_cup,fifa_world_cup,bookings,match_date,date,275,2466,0,0.0,0,7,0.1115166261151662,1,0,0.2692307692307692,0,26,2,2466,2,1,0,2,6,26,1.0,10,8,7,0,0.1115166261151662,2,0,0,0,0,10,0,0,0,0
fifa_world_cup,fifa_world_cup,bookings,stage_name,varchar,7,2466,0,0.0,0,8,0.002838605028386,1,0,0.3076923076923077,0,26,2,2466,2,1,0,2,6,26,1.0,10,20,8,0,0.002838605028386,2,0,0,0,0,10,0,0,0,0
fifa_world_cup,fifa_world_cup,bookings,group_name,varchar,15,2466,0,0.0,0,9,0.0060827250608272,1,0,0.3461538461538461,0,26,2,2466,2,1,0,2,6,26,1.0,10,15,9,0,0.0060827250608272,2,0,0,0,0,10,0,0,0,0
fifa_world_cup,fifa_world_cup,bookings,team_id,varchar,81,2466,0,0.0,0,10,0.0328467153284671,1,0,0.3846153846153846,0,26,2,2466,2,1,0,2,6,26,1.0,10,11,10,0,0.0328467153284671,2,1,0,0,0,7,0,0,1,0
fifa_world_cup,fifa_world_cup,bookings,team_name,varchar,81,2466,0,0.0,0,11,0.0328467153284671,1,0,0.4230769230769231,0,26,2,2466,2,1,0,2,6,26,1.0,10,12,11,0,0.0328467153284671,2,0,0,0,0,9,0,0,0,0
fifa_world_cup,fifa_world_cup,bookings,team_code,varchar,80,2466,0,0.0,0,12,0.032441200324412,1,0,0.4615384615384615,0,26,2,2466,2,1,0,2,6,26,1.0,10,13,12,0,0.032441200324412,2,0,0,0,0,9,0,0,0,0
fifa_world_cup,fifa_world_cup,bookings,home_team,bigint,2,2466,0,0.0,0,13,0.0008110300081103,1,0,0.5,0,26,2,2466,2,1,0,2,6,26,1.0,10,21,13,0,0.0008110300081103,2,0,0,0,0,9,0,0,0,0
fifa_world_cup,fifa_world_cup,bookings,away_team,bigint,2,2466,0,0.0,0,14,0.0008110300081103,1,0,0.5384615384615384,0,26,2,2466,2,1,0,2,6,26,1.0,10,22,14,0,0.0008110300081103,2,0,0,0,0,9,0,0,0,0
fifa_world_cup,fifa_world_cup,bookings,player_id,varchar,1672,2466,0,0.0,0,15,0.6780210867802109,1,0,0.5769230769230769,0,26,2,2466,2,1,0,2,6,26,1.0,10,3,15,0,0.6780210867802109,2,1,0,0,0,9,0,0,1,0
fifa_world_cup,fifa_world_cup,bookings,family_name,varchar,1529,2466,0,0.0,0,16,0.6200324412003244,1,0,0.6153846153846154,0,26,2,2466,2,1,0,2,6,26,1.0,10,4,16,0,0.6200324412003244,2,0,0,0,0,11,0,0,0,0
fifa_world_cup,fifa_world_cup,bookings,given_name,varchar,1007,2466,0,0.0,0,17,0.4083536090835361,1,0,0.6538461538461539,0,26,2,2466,2,1,0,2,6,26,1.0,10,5,17,0,0.4083536090835361,2,0,0,0,0,10,0,0,0,0
fifa_world_cup,fifa_world_cup,bookings,shirt_number,bigint,23,2466,0,0.0,0,18,0.0093268450932684,1,0,0.6923076923076923,0,26,2,2466,2,1,0,2,6,26,1.0,10,14,18,0,0.0093268450932684,2,0,0,0,0,12,0,0,0,0
fifa_world_cup,fifa_world_cup,bookings,minute_label,varchar,131,2466,0,0.0,0,19,0.0531224655312246,1,0,0.7307692307692307,0,26,2,2466,2,1,0,2,6,26,1.0,10,9,19,0,0.0531224655312246,2,0,0,0,0,12,0,0,0,0
fifa_world_cup,fifa_world_cup,bookings,minute_regulation,bigint,116,2466,0,0.0,0,20,0.0470397404703974,1,0,0.7692307692307693,0,26,2,2466,2,1,0,2,6,26,1.0,10,10,20,0,0.0470397404703974,2,0,0,0,0,17,0,0,0,0
fifa_world_cup,fifa_world_cup,bookings,minute_stoppage,bigint,9,2466,0,0.0,0,21,0.0036496350364963,1,0,0.8076923076923077,0,26,2,2466,2,1,0,2,6,26,1.0,10,18,21,0,0.0036496350364963,2,0,0,0,0,15,0,0,0,0
fifa_world_cup,fifa_world_cup,bookings,match_period,varchar,8,2466,0,0.0,0,22,0.0032441200324412,1,0,0.8461538461538461,0,26,2,2466,2,1,0,2,6,26,1.0,10,19,22,0,0.0032441200324412,2,0,0,0,0,12,0,0,0,0
fifa_world_cup,fifa_world_cup,bookings,yellow_card,bigint,2,2466,0,0.0,0,23,0.0008110300081103,1,0,0.8846153846153846,0,26,2,2466,2,1,0,2,6,26,1.0,10,23,23,0,0.0008110300081103,2,0,0,0,0,11,0,0,0,0
fifa_world_cup,fifa_world_cup,bookings,red_card,bigint,2,2466,0,0.0,0,24,0.0008110300081103,1,0,0.9230769230769232,0,26,2,2466,2,1,0,2,6,26,1.0,10,24,24,0,0.0008110300081103,2,0,0,0,0,8,0,0,0,0
fifa_world_cup,fifa_world_cup,bookings,second_yellow_card,bigint,2,2466,0,0.0,0,25,0.0008110300081103,1,0,0.9615384615384616,0,26,2,2466,2,1,0,2,6,26,1.0,10,25,25,0,0.0008110300081103,2,0,0,0,0,18,0,0,0,0
fifa_world_cup,fifa_world_cup,bookings,sending_off,bigint,2,2466,0,0.0,0,26,0.0008110300081103,1,0,1.0,0,26,2,2466,2,1,0,2,6,26,1.0,10,26,26,0,0.0008110300081103,2,0,0,0,0,11,0,0,0,0
fifa_world_cup,fifa_world_cup,confederations,key_id,bigint,6,6,0,0.0,1,1,1.0,1,1,0.2,1,5,5,6,4,1,0,5,2,5,1.0,1,1,1,1,1.0,4,1,1,0,0,6,1,0,0,0
fifa_world_cup,fifa_world_cup,confederations,confederation_id,varchar,6,6,0,0.0,1,2,1.0,1,0,0.4,0,5,5,6,4,1,0,5,2,5,1.0,1,2,2,0,1.0,4,1,0,0,1,16,0,0,0,0
fifa_world_cup,fifa_world_cup,confederations,confederation_name,varchar,6,6,0,0.0,1,3,1.0,1,0,0.6,0,5,5,6,4,1,0,5,2,5,1.0,1,3,3,0,1.0,4,0,0,0,0,18,0,0,0,0
fifa_world_cup,fifa_world_cup,confederations,confederation_code,varchar,6,6,0,0.0,1,4,1.0,1,0,0.8,0,5,5,6,4,1,0,5,2,5,1.0,1,4,4,0,1.0,4,0,0,0,0,18,0,0,0,0
fifa_world_cup,fifa_world_cup,confederations,confederation_wikipedia_link,varchar,6,6,0,0.0,1,5,1.0,1,0,1.0,0,5,5,6,4,1,0,5,2,5,1.0,1,5,5,0,1.0,4,0,0,0,0,28,0,0,0,0
fifa_world_cup,fifa_world_cup,goals,key_id,bigint,2548,2548,0,0.0,1,1,1.0,1,1,0.037037037037037,1,27,2,2548,1,1,0,2,7,27,1.0,8,1,1,1,1.0,1,1,1,0,0,6,1,0,0,0
fifa_world_cup,fifa_world_cup,goals,goal_id,varchar,2548,2548,0,0.0,1,2,1.0,1,0,0.074074074074074,0,27,2,2548,1,1,0,2,7,27,1.0,8,2,2,0,1.0,1,1,0,0,1,7,0,0,0,0
fifa_world_cup,fifa_world_cup,goals,tournament_id,varchar,21,2548,0,0.0,0,3,0.0082417582417582,1,0,0.1111111111111111,0,27,2,2548,2,1,0,2,7,27,1.0,8,18,3,0,0.0082417582417582,2,1,0,0,0,13,0,0,1,0
fifa_world_cup,fifa_world_cup,goals,tournament_name,varchar,21,2548,0,0.0,0,4,0.0082417582417582,1,0,0.1481481481481481,0,27,2,2548,2,1,0,2,7,27,1.0,8,19,4,0,0.0082417582417582,2,0,0,0,0,15,0,0,0,0
fifa_world_cup,fifa_world_cup,goals,match_id,varchar,829,2548,0,0.0,0,5,0.325353218210361,1,0,0.1851851851851851,0,27,2,2548,2,1,0,2,7,27,1.0,8,5,5,0,0.325353218210361,2,1,0,0,0,8,0,0,1,0
fifa_world_cup,fifa_world_cup,goals,match_name,varchar,665,2548,0,0.0,0,6,0.260989010989011,1,0,0.2222222222222222,0,27,2,2548,2,1,0,2,7,27,1.0,8,7,6,0,0.260989010989011,2,0,0,0,0,10,0,0,0,0
fifa_world_cup,fifa_world_cup,goals,match_date,date,349,2548,0,0.0,0,7,0.1369701726844584,1,0,0.2592592592592592,0,27,2,2548,2,1,0,2,7,27,1.0,8,8,7,0,0.1369701726844584,2,0,0,0,0,10,0,0,0,0
fifa_world_cup,fifa_world_cup,goals,stage_name,varchar,8,2548,0,0.0,0,8,0.0031397174254317,1,0,0.2962962962962963,0,27,2,2548,2,1,0,2,7,27,1.0,8,21,8,0,0.0031397174254317,2,0,0,0,0,10,0,0,0,0
fifa_world_cup,fifa_world_cup,goals,group_name,varchar,15,2548,0,0.0,0,9,0.0058869701726844,1,0,0.3333333333333333,0,27,2,2548,2,1,0,2,7,27,1.0,8,20,9,0,0.0058869701726844,2,0,0,0,0,10,0,0,0,0
fifa_world_cup,fifa_world_cup,goals,team_id,varchar,79,2548,0,0.0,0,10,0.0310047095761381,1,0,0.3703703703703703,0,27,2,2548,2,1,0,2,7,27,1.0,8,13,10,0,0.0310047095761381,2,1,0,0,0,7,0,0,1,0
fifa_world_cup,fifa_world_cup,goals,team_name,varchar,79,2548,0,0.0,0,11,0.0310047095761381,1,0,0.4074074074074074,0,27,2,2548,2,1,0,2,7,27,1.0,8,14,11,0,0.0310047095761381,2,0,0,0,0,9,0,0,0,0
fifa_world_cup,fifa_world_cup,goals,team_code,varchar,78,2548,0,0.0,0,12,0.0306122448979591,1,0,0.4444444444444444,0,27,2,2548,2,1,0,2,7,27,1.0,8,16,12,0,0.0306122448979591,2,0,0,0,0,9,0,0,0,0
fifa_world_cup,fifa_world_cup,goals,home_team,bigint,2,2548,0,0.0,0,13,0.0007849293563579,1,0,0.4814814814814814,0,27,2,2548,2,1,0,2,7,27,1.0,8,24,13,0,0.0007849293563579,2,0,0,0,0,9,0,0,0,0
fifa_world_cup,fifa_world_cup,goals,away_team,bigint,2,2548,0,0.0,0,14,0.0007849293563579,1,0,0.5185185185185185,0,27,2,2548,2,1,0,2,7,27,1.0,8,25,14,0,0.0007849293563579,2,0,0,0,0,9,0,0,0,0
fifa_world_cup,fifa_world_cup,goals,player_id,varchar,1340,2548,0,0.0,0,15,0.5259026687598116,1,0,0.5555555555555556,0,27,2,2548,2,1,0,2,7,27,1.0,8,3,15,0,0.5259026687598116,2,1,0,0,0,9,0,0,1,0
fifa_world_cup,fifa_world_cup,goals,family_name,varchar,1268,2548,0,0.0,0,16,0.4976452119309262,1,0,0.5925925925925926,0,27,2,2548,2,1,0,2,7,27,1.0,8,4,16,0,0.4976452119309262,2,0,0,0,0,11,0,0,0,0
fifa_world_cup,fifa_world_cup,goals,given_name,varchar,810,2548,0,0.0,0,17,0.3178963893249607,1,0,0.6296296296296297,0,27,2,2548,2,1,0,2,7,27,1.0,8,6,17,0,0.3178963893249607,2,0,0,0,0,10,0,0,0,0
fifa_world_cup,fifa_world_cup,goals,shirt_number,bigint,24,2548,0,0.0,0,18,0.0094191522762951,1,0,0.6666666666666666,0,27,2,2548,2,1,0,2,7,27,1.0,8,17,18,0,0.0094191522762951,2,0,0,0,0,12,0,0,0,0
fifa_world_cup,fifa_world_cup,goals,player_team_id,varchar,80,2548,0,0.0,0,19,0.0313971742543171,1,0,0.7037037037037037,0,27,2,2548,2,1,0,2,7,27,1.0,8,11,19,0,0.0313971742543171,2,1,0,0,0,14,0,0,1,0
fifa_world_cup,fifa_world_cup,goals,player_team_name,varchar,80,2548,0,0.0,0,20,0.0313971742543171,1,0,0.7407407407407407,0,27,2,2548,2,1,0,2,7,27,1.0,8,12,20,0,0.0313971742543171,2,0,0,0,0,16,0,0,0,0
fifa_world_cup,fifa_world_cup,goals,player_team_code,varchar,79,2548,0,0.0,0,21,0.0310047095761381,1,0,0.7777777777777778,0,27,2,2548,2,1,0,2,7,27,1.0,8,15,21,0,0.0310047095761381,2,0,0,0,0,16,0,0,0,0
fifa_world_cup,fifa_world_cup,goals,minute_label,varchar,128,2548,0,0.0,0,22,0.0502354788069073,1,0,0.8148148148148148,0,27,2,2548,2,1,0,2,7,27,1.0,8,9,22,0,0.0502354788069073,2,0,0,0,0,12,0,0,0,0
fifa_world_cup,fifa_world_cup,goals,minute_regulation,bigint,116,2548,0,0.0,0,23,0.0455259026687598,1,0,0.8518518518518519,0,27,2,2548,2,1,0,2,7,27,1.0,8,10,23,0,0.0455259026687598,2,0,0,0,0,17,0,0,0,0
fifa_world_cup,fifa_world_cup,goals,minute_stoppage,bigint,8,2548,0,0.0,0,24,0.0031397174254317,1,0,0.8888888888888888,0,27,2,2548,2,1,0,2,7,27,1.0,8,22,24,0,0.0031397174254317,2,0,0,0,0,15,0,0,0,0
fifa_world_cup,fifa_world_cup,goals,match_period,varchar,7,2548,0,0.0,0,25,0.0027472527472527,1,0,0.925925925925926,0,27,2,2548,2,1,0,2,7,27,1.0,8,23,25,0,0.0027472527472527,2,0,0,0,0,12,0,0,0,0
fifa_world_cup,fifa_world_cup,goals,own_goal,bigint,2,2548,0,0.0,0,26,0.0007849293563579,1,0,0.9629629629629628,0,27,2,2548,2,1,0,2,7,27,1.0,8,26,26,0,0.0007849293563579,2,0,0,0,0,8,0,0,0,0
fifa_world_cup,fifa_world_cup,goals,penalty,bigint,2,2548,0,0.0,0,27,0.0007849293563579,1,0,1.0,0,27,2,2548,2,1,0,2,7,27,1.0,8,27,27,0,0.0007849293563579,2,0,0,0,0,7,0,0,0,0
fifa_world_cup,fifa_world_cup,group_standings,key_id,bigint,458,458,0,0.0,1,1,1.0,1,1,0.0526315789473684,1,19,1,458,0,1,0,1,3,19,1.0,12,1,1,1,1.0,0,1,1,0,0,6,1,0,0,0
fifa_world_cup,fifa_world_cup,group_standings,tournament_id,varchar,19,458,0,0.0,0,2,0.0414847161572052,1,0,0.1052631578947368,0,19,1,458,1,1,0,1,3,19,1.0,12,6,2,0,0.0414847161572052,1,1,0,0,0,13,0,0,1,0
fifa_world_cup,fifa_world_cup,group_standings,tournament_name,varchar,19,458,0,0.0,0,3,0.0414847161572052,1,0,0.1578947368421052,0,19,1,458,1,1,0,1,3,19,1.0,12,7,3,0,0.0414847161572052,1,0,0,0,0,15,0,0,0,0
fifa_world_cup,fifa_world_cup,group_standings,stage_number,bigint,2,458,0,0.0,0,4,0.0043668122270742,1,0,0.2105263157894736,0,19,1,458,1,1,0,1,3,19,1.0,12,18,4,0,0.0043668122270742,1,0,0,0,0,12,0,0,0,0
fifa_world_cup,fifa_world_cup,group_standings,stage_name,varchar,5,458,0,0.0,0,5,0.0109170305676855,1,0,0.2631578947368421,0,19,1,458,1,1,0,1,3,19,1.0,12,12,5,0,0.0109170305676855,1,0,0,0,0,10,0,0,0,0
fifa_world_cup,fifa_world_cup,group_standings,group_name,varchar,14,458,0,0.0,0,6,0.0305676855895196,1,0,0.3157894736842105,0,19,1,458,1,1,0,1,3,19,1.0,12,10,6,0,0.0305676855895196,1,0,0,0,0,10,0,0,0,0
fifa_world_cup,fifa_world_cup,group_standings,position,bigint,4,458,0,0.0,0,7,0.0087336244541484,1,0,0.3684210526315789,0,19,1,458,1,1,0,1,3,19,1.0,12,13,7,0,0.0087336244541484,1,0,0,0,0,8,0,0,0,0
fifa_world_cup,fifa_world_cup,group_standings,team_id,varchar,82,458,0,0.0,0,8,0.1790393013100436,1,0,0.4210526315789473,0,19,1,458,1,1,0,1,3,19,1.0,12,2,8,0,0.1790393013100436,1,1,0,0,0,7,0,0,1,0
fifa_world_cup,fifa_world_cup,group_standings,team_name,varchar,82,458,0,0.0,0,9,0.1790393013100436,1,0,0.4736842105263157,0,19,1,458,1,1,0,1,3,19,1.0,12,3,9,0,0.1790393013100436,1,0,0,0,0,9,0,0,0,0
fifa_world_cup,fifa_world_cup,group_standings,team_code,varchar,81,458,0,0.0,0,10,0.1768558951965065,1,0,0.5263157894736842,0,19,1,458,1,1,0,1,3,19,1.0,12,4,10,0,0.1768558951965065,1,0,0,0,0,9,0,0,0,0
fifa_world_cup,fifa_world_cup,group_standings,played,bigint,3,458,0,0.0,0,11,0.0065502183406113,1,0,0.5789473684210527,0,19,1,458,1,1,0,1,3,19,1.0,12,17,11,0,0.0065502183406113,1,0,0,0,0,6,0,0,0,0
fifa_world_cup,fifa_world_cup,group_standings,wins,bigint,4,458,0,0.0,0,12,0.0087336244541484,1,0,0.631578947368421,0,19,1,458,1,1,0,1,3,19,1.0,12,14,12,0,0.0087336244541484,1,0,0,0,0,4,0,0,0,0
fifa_world_cup,fifa_world_cup,group_standings,draws,bigint,4,458,0,0.0,0,13,0.0087336244541484,1,0,0.6842105263157895,0,19,1,458,1,1,0,1,3,19,1.0,12,15,13,0,0.0087336244541484,1,0,0,0,0,5,0,0,0,0
fifa_world_cup,fifa_world_cup,group_standings,losses,bigint,4,458,0,0.0,0,14,0.0087336244541484,1,0,0.7368421052631579,0,19,1,458,1,1,0,1,3,19,1.0,12,16,14,0,0.0087336244541484,1,0,0,0,0,6,0,0,0,0
fifa_world_cup,fifa_world_cup,group_standings,goals_for,bigint,15,458,0,0.0,0,15,0.0327510917030567,1,0,0.7894736842105263,0,19,1,458,1,1,0,1,3,19,1.0,12,9,15,0,0.0327510917030567,1,0,0,0,0,9,0,0,0,0
fifa_world_cup,fifa_world_cup,group_standings,goals_against,bigint,16,458,0,0.0,0,16,0.0349344978165938,1,0,0.8421052631578947,0,19,1,458,1,1,0,1,3,19,1.0,12,8,16,0,0.0349344978165938,1,0,0,0,0,13,0,0,0,0
fifa_world_cup,fifa_world_cup,group_standings,goal_difference,bigint,26,458,0,0.0,0,17,0.056768558951965,1,0,0.8947368421052632,0,19,1,458,1,1,0,1,3,19,1.0,12,5,17,0,0.056768558951965,1,0,0,0,0,15,0,0,0,0
fifa_world_cup,fifa_world_cup,group_standings,points,bigint,9,458,0,0.0,0,18,0.019650655021834,1,0,0.9473684210526316,0,19,1,458,1,1,0,1,3,19,1.0,12,11,18,0,0.019650655021834,1,0,0,0,0,6,0,0,0,0
fifa_world_cup,fifa_world_cup,group_standings,advanced,bigint,2,458,0,0.0,0,19,0.0043668122270742,1,0,1.0,0,19,1,458,1,1,0,1,3,19,1.0,12,19,19,0,0.0043668122270742,1,0,0,0,0,8,0,0,0,0
fifa_world_cup,fifa_world_cup,groups,key_id,bigint,117,117,0,0.0,1,1,1.0,1,1,0.1428571428571428,1,7,1,117,0,1,0,1,2,7,1.0,3,1,1,1,1.0,0,1,1,0,0,6,1,0,0,0
fifa_world_cup,fifa_world_cup,groups,tournament_id,varchar,19,117,0,0.0,0,2,0.1623931623931624,1,0,0.2857142857142857,0,7,1,117,1,1,0,1,2,7,1.0,3,2,2,0,0.1623931623931624,1,1,0,0,0,13,0,0,1,0
fifa_world_cup,fifa_world_cup,groups,tournament_name,varchar,19,117,0,0.0,0,3,0.1623931623931624,1,0,0.4285714285714285,0,7,1,117,1,1,0,1,2,7,1.0,3,3,3,0,0.1623931623931624,1,0,0,0,0,15,0,0,0,0
fifa_world_cup,fifa_world_cup,groups,stage_number,bigint,2,117,0,0.0,0,4,0.017094017094017,1,0,0.5714285714285714,0,7,1,117,1,1,0,1,2,7,1.0,3,7,4,0,0.017094017094017,1,0,0,0,0,12,0,0,0,0
fifa_world_cup,fifa_world_cup,groups,stage_name,varchar,5,117,0,0.0,0,5,0.0427350427350427,1,0,0.7142857142857143,0,7,1,117,1,1,0,1,2,7,1.0,3,5,5,0,0.0427350427350427,1,0,0,0,0,10,0,0,0,0
fifa_world_cup,fifa_world_cup,groups,group_name,varchar,14,117,0,0.0,0,6,0.1196581196581196,1,0,0.8571428571428571,0,7,1,117,1,1,0,1,2,7,1.0,3,4,6,0,0.1196581196581196,1,0,0,0,0,10,0,0,0,0
fifa_world_cup,fifa_world_cup,groups,count_teams,bigint,3,117,0,0.0,0,7,0.0256410256410256,1,0,1.0,0,7,1,117,1,1,0,1,2,7,1.0,3,6,7,0,0.0256410256410256,1,0,0,0,0,11,0,0,0,0
fifa_world_cup,fifa_world_cup,host_countries,key_id,bigint,22,22,0,0.0,1,1,1.0,1,1,0.1428571428571428,1,7,1,22,0,1,0,3,3,7,1.0,1,1,1,1,1.0,2,1,1,0,0,6,1,0,0,0
fifa_world_cup,fifa_world_cup,host_countries,tournament_id,varchar,21,22,0,0.0,0,2,0.9545454545454546,1,0,0.2857142857142857,0,7,1,22,1,1,0,3,3,7,1.0,1,2,2,0,0.9545454545454546,2,1,0,0,0,13,0,0,1,0
fifa_world_cup,fifa_world_cup,host_countries,tournament_name,varchar,21,22,0,0.0,0,3,0.9545454545454546,1,0,0.4285714285714285,0,7,1,22,1,1,0,3,3,7,1.0,1,3,3,0,0.9545454545454546,2,0,0,0,0,15,0,0,0,0
fifa_world_cup,fifa_world_cup,host_countries,team_id,varchar,18,22,0,0.0,0,4,0.8181818181818182,1,0,0.5714285714285714,0,7,1,22,1,1,0,3,3,7,1.0,1,4,4,0,0.8181818181818182,3,1,0,0,0,7,0,0,1,0
fifa_world_cup,fifa_world_cup,host_countries,team_name,varchar,18,22,0,0.0,0,5,0.8181818181818182,1,0,0.7142857142857143,0,7,1,22,1,1,0,3,3,7,1.0,1,5,5,0,0.8181818181818182,3,0,0,0,0,9,0,0,0,0
fifa_world_cup,fifa_world_cup,host_countries,team_code,varchar,17,22,0,0.0,0,6,0.7727272727272727,1,0,0.8571428571428571,0,7,1,22,1,1,0,3,3,7,1.0,1,6,6,0,0.7727272727272727,3,0,0,0,0,9,0,0,0,0
fifa_world_cup,fifa_world_cup,host_countries,performance,varchar,9,22,0,0.0,0,7,0.4090909090909091,1,0,1.0,0,7,1,22,1,1,0,3,3,7,1.0,1,7,7,0,0.4090909090909091,3,0,0,0,0,11,0,0,0,0
fifa_world_cup,fifa_world_cup,manager_appearances,key_id,bigint,1842,1842,0,0.0,1,1,1.0,1,1,0.0588235294117647,1,17,1,1842,0,1,0,1,5,17,1.0,3,1,1,1,1.0,0,1,1,0,0,6,1,0,0,0
fifa_world_cup,fifa_world_cup,manager_appearances,tournament_id,varchar,21,1842,0,0.0,0,2,0.011400651465798,1,0,0.1176470588235294,0,17,1,1842,1,1,0,1,5,17,1.0,3,12,2,0,0.011400651465798,1,1,0,0,0,13,0,0,1,0
fifa_world_cup,fifa_world_cup,manager_appearances,tournament_name,varchar,21,1842,0,0.0,0,3,0.011400651465798,1,0,0.1764705882352941,0,17,1,1842,1,1,0,1,5,17,1.0,3,13,3,0,0.011400651465798,1,0,0,0,0,15,0,0,0,0
fifa_world_cup,fifa_world_cup,manager_appearances,match_id,varchar,900,1842,0,0.0,0,4,0.4885993485342019,1,0,0.2352941176470588,0,17,1,1842,1,1,0,1,5,17,1.0,3,2,4,0,0.4885993485342019,1,1,0,0,0,8,0,0,1,0
fifa_world_cup,fifa_world_cup,manager_appearances,match_name,varchar,711,1842,0,0.0,0,5,0.3859934853420195,1,0,0.2941176470588235,0,17,1,1842,1,1,0,1,5,17,1.0,3,3,5,0,0.3859934853420195,1,0,0,0,0,10,0,0,0,0
fifa_world_cup,fifa_world_cup,manager_appearances,match_date,date,355,1842,0,0.0,0,6,0.1927252985884907,1,0,0.3529411764705882,0,17,1,1842,1,1,0,1,5,17,1.0,3,5,6,0,0.1927252985884907,1,0,0,0,0,10,0,0,0,0
fifa_world_cup,fifa_world_cup,manager_appearances,stage_name,varchar,8,1842,0,0.0,0,7,0.004343105320304,1,0,0.4117647058823529,0,17,1,1842,1,1,0,1,5,17,1.0,3,15,7,0,0.004343105320304,1,0,0,0,0,10,0,0,0,0
fifa_world_cup,fifa_world_cup,manager_appearances,group_name,varchar,15,1842,0,0.0,0,8,0.00814332247557,1,0,0.4705882352941176,0,17,1,1842,1,1,0,1,5,17,1.0,3,14,8,0,0.00814332247557,1,0,0,0,0,10,0,0,0,0
fifa_world_cup,fifa_world_cup,manager_appearances,team_id,varchar,84,1842,0,0.0,0,9,0.0456026058631921,1,0,0.5294117647058824,0,17,1,1842,1,1,0,1,5,17,1.0,3,8,9,0,0.0456026058631921,1,1,0,0,0,7,0,0,1,0
fifa_world_cup,fifa_world_cup,manager_appearances,team_name,varchar,84,1842,0,0.0,0,10,0.0456026058631921,1,0,0.5882352941176471,0,17,1,1842,1,1,0,1,5,17,1.0,3,9,10,0,0.0456026058631921,1,0,0,0,0,9,0,0,0,0
fifa_world_cup,fifa_world_cup,manager_appearances,team_code,varchar,83,1842,0,0.0,0,11,0.0450597176981541,1,0,0.6470588235294118,0,17,1,1842,1,1,0,1,5,17,1.0,3,10,11,0,0.0450597176981541,1,0,0,0,0,9,0,0,0,0
fifa_world_cup,fifa_world_cup,manager_appearances,home_team,bigint,2,1842,0,0.0,0,12,0.001085776330076,1,0,0.7058823529411765,0,17,1,1842,1,1,0,1,5,17,1.0,3,16,12,0,0.001085776330076,1,0,0,0,0,9,0,0,0,0
fifa_world_cup,fifa_world_cup,manager_appearances,away_team,bigint,2,1842,0,0.0,0,13,0.001085776330076,1,0,0.7647058823529411,0,17,1,1842,1,1,0,1,5,17,1.0,3,17,13,0,0.001085776330076,1,0,0,0,0,9,0,0,0,0
fifa_world_cup,fifa_world_cup,manager_appearances,manager_id,varchar,357,1842,0,0.0,0,14,0.1938110749185667,1,0,0.8235294117647058,0,17,1,1842,1,1,0,1,5,17,1.0,3,4,14,0,0.1938110749185667,1,1,0,0,0,10,0,0,1,0
fifa_world_cup,fifa_world_cup,manager_appearances,family_name,varchar,349,1842,0,0.0,0,15,0.1894679695982627,1,0,0.8823529411764706,0,17,1,1842,1,1,0,1,5,17,1.0,3,6,15,0,0.1894679695982627,1,0,0,0,0,11,0,0,0,0
fifa_world_cup,fifa_world_cup,manager_appearances,given_name,varchar,287,1842,0,0.0,0,16,0.1558089033659066,1,0,0.9411764705882352,0,17,1,1842,1,1,0,1,5,17,1.0,3,7,16,0,0.1558089033659066,1,0,0,0,0,10,0,0,0,0
fifa_world_cup,fifa_world_cup,manager_appearances,country_name,varchar,69,1842,0,0.0,0,17,0.0374592833876221,1,0,1.0,0,17,1,1842,1,1,0,1,5,17,1.0,3,11,17,0,0.0374592833876221,1,0,0,0,0,12,0,0,0,0
fifa_world_cup,fifa_world_cup,manager_appointments,key_id,bigint,469,469,0,0.0,1,1,1.0,1,1,0.1,1,10,1,469,0,1,0,1,4,10,1.0,1,1,1,1,1.0,0,1,1,0,0,6,1,0,0,0
fifa_world_cup,fifa_world_cup,manager_appointments,tournament_id,varchar,21,469,0,0.0,0,2,0.044776119402985,1,0,0.2,0,10,1,469,1,1,0,1,4,10,1.0,1,9,2,0,0.044776119402985,1,1,0,0,0,13,0,0,1,0
fifa_world_cup,fifa_world_cup,manager_appointments,tournament_name,varchar,21,469,0,0.0,0,3,0.044776119402985,1,0,0.3,0,10,1,469,1,1,0,1,4,10,1.0,1,10,3,0,0.044776119402985,1,0,0,0,0,15,0,0,0,0
fifa_world_cup,fifa_world_cup,manager_appointments,team_id,varchar,84,469,0,0.0,0,4,0.1791044776119403,1,0,0.4,0,10,1,469,1,1,0,1,4,10,1.0,1,5,4,0,0.1791044776119403,1,1,0,0,0,7,0,0,1,0
fifa_world_cup,fifa_world_cup,manager_appointments,team_name,varchar,84,469,0,0.0,0,5,0.1791044776119403,1,0,0.5,0,10,1,469,1,1,0,1,4,10,1.0,1,6,5,0,0.1791044776119403,1,0,0,0,0,9,0,0,0,0
fifa_world_cup,fifa_world_cup,manager_appointments,team_code,varchar,83,469,0,0.0,0,6,0.1769722814498933,1,0,0.6,0,10,1,469,1,1,0,1,4,10,1.0,1,7,6,0,0.1769722814498933,1,0,0,0,0,9,0,0,0,0
fifa_world_cup,fifa_world_cup,manager_appointments,manager_id,varchar,357,469,0,0.0,0,7,0.7611940298507462,1,0,0.7,0,10,1,469,1,1,0,1,4,10,1.0,1,2,7,0,0.7611940298507462,1,1,0,0,0,10,0,0,1,0
fifa_world_cup,fifa_world_cup,manager_appointments,family_name,varchar,349,469,0,0.0,0,8,0.744136460554371,1,0,0.8,0,10,1,469,1,1,0,1,4,10,1.0,1,3,8,0,0.744136460554371,1,0,0,0,0,11,0,0,0,0
fifa_world_cup,fifa_world_cup,manager_appointments,given_name,varchar,287,469,0,0.0,0,9,0.6119402985074627,1,0,0.9,0,10,1,469,1,1,0,1,4,10,1.0,1,4,9,0,0.6119402985074627,1,0,0,0,0,10,0,0,0,0
fifa_world_cup,fifa_world_cup,manager_appointments,country_name,varchar,69,469,0,0.0,0,10,0.1471215351812366,1,0,1.0,0,10,1,469,1,1,0,1,4,10,1.0,1,8,10,0,0.1471215351812366,1,0,0,0,0,12,0,0,0,0
fifa_world_cup,fifa_world_cup,managers,key_id,bigint,357,357,0,0.0,1,1,1.0,1,1,0.1666666666666666,1,6,3,357,2,1,0,4,2,6,1.0,1,1,1,1,1.0,3,1,1,0,0,6,1,0,0,0
fifa_world_cup,fifa_world_cup,managers,manager_id,varchar,357,357,0,0.0,1,2,1.0,1,0,0.3333333333333333,0,6,3,357,2,1,0,4,2,6,1.0,1,2,2,0,1.0,3,1,0,0,1,10,0,0,0,0
fifa_world_cup,fifa_world_cup,managers,family_name,varchar,349,357,0,0.0,0,3,0.9775910364145658,1,0,0.5,0,6,3,357,3,1,0,4,2,6,1.0,1,4,3,0,0.9775910364145658,3,0,0,0,0,11,0,0,0,0
fifa_world_cup,fifa_world_cup,managers,given_name,varchar,287,357,0,0.0,0,4,0.803921568627451,1,0,0.6666666666666666,0,6,3,357,3,1,0,4,2,6,1.0,1,5,4,0,0.803921568627451,4,0,0,0,0,10,0,0,0,0
fifa_world_cup,fifa_world_cup,managers,country_name,varchar,69,357,0,0.0,0,5,0.1932773109243697,1,0,0.8333333333333334,0,6,3,357,3,1,0,4,2,6,1.0,1,6,5,0,0.1932773109243697,4,0,0,0,0,12,0,0,0,0
fifa_world_cup,fifa_world_cup,managers,manager_wikipedia_link,varchar,357,357,0,0.0,1,6,1.0,1,0,1.0,0,6,3,357,2,1,0,4,2,6,1.0,1,3,6,0,1.0,3,0,0,0,0,22,0,0,0,0
fifa_world_cup,fifa_world_cup,matches,key_id,bigint,900,900,0,0.0,1,1,1.0,1,1,0.0277777777777777,1,36,2,900,1,1,0,2,6,36,1.0,16,1,1,1,1.0,1,1,1,0,0,6,1,0,0,0
fifa_world_cup,fifa_world_cup,matches,tournament_id,varchar,21,900,0,0.0,0,2,0.0233333333333333,1,0,0.0555555555555555,0,36,2,900,2,1,0,2,6,36,1.0,16,15,2,0,0.0233333333333333,2,1,0,0,0,13,0,0,1,0
fifa_world_cup,fifa_world_cup,matches,tournament_name,varchar,21,900,0,0.0,0,3,0.0233333333333333,1,0,0.0833333333333333,0,36,2,900,2,1,0,2,6,36,1.0,16,16,3,0,0.0233333333333333,2,0,0,0,0,15,0,0,0,0
fifa_world_cup,fifa_world_cup,matches,match_id,varchar,900,900,0,0.0,1,4,1.0,1,0,0.1111111111111111,0,36,2,900,1,1,0,2,6,36,1.0,16,2,4,0,1.0,1,1,0,0,0,8,0,0,1,0
fifa_world_cup,fifa_world_cup,matches,match_name,varchar,711,900,0,0.0,0,5,0.79,1,0,0.1388888888888889,0,36,2,900,2,1,0,2,6,36,1.0,16,3,5,0,0.79,2,0,0,0,0,10,0,0,0,0
fifa_world_cup,fifa_world_cup,matches,stage_name,varchar,8,900,0,0.0,0,6,0.0088888888888888,1,0,0.1666666666666666,0,36,2,900,2,1,0,2,6,36,1.0,16,23,6,0,0.0088888888888888,2,0,0,0,0,10,0,0,0,0
fifa_world_cup,fifa_world_cup,matches,group_name,varchar,15,900,0,0.0,0,7,0.0166666666666666,1,0,0.1944444444444444,0,36,2,900,2,1,0,2,6,36,1.0,16,20,7,0,0.0166666666666666,2,0,0,0,0,10,0,0,0,0
fifa_world_cup,fifa_world_cup,matches,group_stage,bigint,2,900,0,0.0,0,8,0.0022222222222222,1,0,0.2222222222222222,0,36,2,900,2,1,0,2,6,36,1.0,16,28,8,0,0.0022222222222222,2,0,0,0,0,11,0,0,0,0
fifa_world_cup,fifa_world_cup,matches,knockout_stage,bigint,2,900,0,0.0,0,9,0.0022222222222222,1,0,0.25,0,36,2,900,2,1,0,2,6,36,1.0,16,29,9,0,0.0022222222222222,2,0,0,0,0,14,0,0,0,0
fifa_world_cup,fifa_world_cup,matches,replayed,bigint,2,900,0,0.0,0,10,0.0022222222222222,1,0,0.2777777777777778,0,36,2,900,2,1,0,2,6,36,1.0,16,30,10,0,0.0022222222222222,2,0,0,0,0,8,0,0,0,0
fifa_world_cup,fifa_world_cup,matches,replay,bigint,2,900,0,0.0,0,11,0.0022222222222222,1,0,0.3055555555555556,0,36,2,900,2,1,0,2,6,36,1.0,16,31,11,0,0.0022222222222222,2,0,0,0,0,6,0,0,0,0
fifa_world_cup,fifa_world_cup,matches,match_date,date,355,900,0,0.0,0,12,0.3944444444444444,1,0,0.3333333333333333,0,36,2,900,2,1,0,2,6,36,1.0,16,4,12,0,0.3944444444444444,2,0,0,0,0,10,0,0,0,0
fifa_world_cup,fifa_world_cup,matches,stadium_id,varchar,185,900,0,0.0,0,13,0.2055555555555555,1,0,0.3611111111111111,0,36,2,900,2,1,0,2,6,36,1.0,16,5,13,0,0.2055555555555555,2,1,0,0,0,10,0,0,1,0
fifa_world_cup,fifa_world_cup,matches,stadium_name,varchar,184,900,0,0.0,0,14,0.2044444444444444,1,0,0.3888888888888889,0,36,2,900,2,1,0,2,6,36,1.0,16,6,14,0,0.2044444444444444,2,0,0,0,0,12,0,0,0,0
fifa_world_cup,fifa_world_cup,matches,city_name,varchar,160,900,0,0.0,0,15,0.1777777777777777,1,0,0.4166666666666667,0,36,2,900,2,1,0,2,6,36,1.0,16,7,15,0,0.1777777777777777,2,0,0,0,0,9,0,0,0,0
fifa_world_cup,fifa_world_cup,matches,country_name,varchar,17,900,0,0.0,0,16,0.0188888888888888,1,0,0.4444444444444444,0,36,2,900,2,1,0,2,6,36,1.0,16,17,16,0,0.0188888888888888,2,0,0,0,0,12,0,0,0,0
fifa_world_cup,fifa_world_cup,matches,home_team_id,varchar,80,900,0,0.0,0,17,0.0888888888888888,1,0,0.4722222222222222,0,36,2,900,2,1,0,2,6,36,1.0,16,11,17,0,0.0888888888888888,2,1,0,0,0,12,0,0,1,0
fifa_world_cup,fifa_world_cup,matches,home_team_name,varchar,80,900,0,0.0,0,18,0.0888888888888888,1,0,0.5,0,36,2,900,2,1,0,2,6,36,1.0,16,12,18,0,0.0888888888888888,2,0,0,0,0,14,0,0,0,0
fifa_world_cup,fifa_world_cup,matches,home_team_code,varchar,79,900,0,0.0,0,19,0.0877777777777777,1,0,0.5277777777777778,0,36,2,900,2,1,0,2,6,36,1.0,16,13,19,0,0.0877777777777777,2,0,0,0,0,14,0,0,0,0
fifa_world_cup,fifa_world_cup,matches,away_team_id,varchar,84,900,0,0.0,0,20,0.0933333333333333,1,0,0.5555555555555556,0,36,2,900,2,1,0,2,6,36,1.0,16,8,20,0,0.0933333333333333,2,1,0,0,0,12,0,0,1,0
fifa_world_cup,fifa_world_cup,matches,away_team_name,varchar,84,900,0,0.0,0,21,0.0933333333333333,1,0,0.5833333333333334,0,36,2,900,2,1,0,2,6,36,1.0,16,9,21,0,0.0933333333333333,2,0,0,0,0,14,0,0,0,0
fifa_world_cup,fifa_world_cup,matches,away_team_code,varchar,83,900,0,0.0,0,22,0.0922222222222222,1,0,0.6111111111111112,0,36,2,900,2,1,0,2,6,36,1.0,16,10,22,0,0.0922222222222222,2,0,0,0,0,14,0,0,0,0
fifa_world_cup,fifa_world_cup,matches,score,varchar,47,900,0,0.0,0,23,0.0522222222222222,1,0,0.6388888888888888,0,36,2,900,2,1,0,2,6,36,1.0,16,14,23,0,0.0522222222222222,2,0,0,0,0,5,0,0,0,0
fifa_world_cup,fifa_world_cup,matches,home_team_score,bigint,11,900,0,0.0,0,24,0.0122222222222222,1,0,0.6666666666666666,0,36,2,900,2,1,0,2,6,36,1.0,16,22,24,0,0.0122222222222222,2,0,0,0,0,15,0,0,0,0
fifa_world_cup,fifa_world_cup,matches,away_team_score,bigint,7,900,0,0.0,0,25,0.0077777777777777,1,0,0.6944444444444444,0,36,2,900,2,1,0,2,6,36,1.0,16,24,25,0,0.0077777777777777,2,0,0,0,0,15,0,0,0,0
fifa_world_cup,fifa_world_cup,matches,home_team_score_margin,bigint,16,900,0,0.0,0,26,0.0177777777777777,1,0,0.7222222222222222,0,36,2,900,2,1,0,2,6,36,1.0,16,18,26,0,0.0177777777777777,2,0,0,0,0,22,0,0,0,0
fifa_world_cup,fifa_world_cup,matches,away_team_score_margin,bigint,16,900,0,0.0,0,27,0.0177777777777777,1,0,0.75,0,36,2,900,2,1,0,2,6,36,1.0,16,19,27,0,0.0177777777777777,2,0,0,0,0,22,0,0,0,0
fifa_world_cup,fifa_world_cup,matches,extra_time,bigint,2,900,0,0.0,0,28,0.0022222222222222,1,0,0.7777777777777778,0,36,2,900,2,1,0,2,6,36,1.0,16,32,28,0,0.0022222222222222,2,0,0,0,0,10,0,0,0,0
fifa_world_cup,fifa_world_cup,matches,penalty_shootout,bigint,2,900,0,0.0,0,29,0.0022222222222222,1,0,0.8055555555555556,0,36,2,900,2,1,0,2,6,36,1.0,16,33,29,0,0.0022222222222222,2,0,0,0,0,16,0,0,0,0
fifa_world_cup,fifa_world_cup,matches,score_penalties,varchar,13,900,0,0.0,0,30,0.0144444444444444,1,0,0.8333333333333334,0,36,2,900,2,1,0,2,6,36,1.0,16,21,30,0,0.0144444444444444,2,0,0,0,0,15,0,0,0,0
fifa_world_cup,fifa_world_cup,matches,home_team_score_penalties,bigint,6,900,0,0.0,0,31,0.0066666666666666,1,0,0.8611111111111112,0,36,2,900,2,1,0,2,6,36,1.0,16,25,31,0,0.0066666666666666,2,0,0,0,0,25,0,0,0,0
fifa_world_cup,fifa_world_cup,matches,away_team_score_penalties,bigint,6,900,0,0.0,0,32,0.0066666666666666,1,0,0.8888888888888888,0,36,2,900,2,1,0,2,6,36,1.0,16,26,32,0,0.0066666666666666,2,0,0,0,0,25,0,0,0,0
fifa_world_cup,fifa_world_cup,matches,result,varchar,3,900,0,0.0,0,33,0.0033333333333333,1,0,0.9166666666666666,0,36,2,900,2,1,0,2,6,36,1.0,16,27,33,0,0.0033333333333333,2,0,0,0,0,6,0,0,0,0
fifa_world_cup,fifa_world_cup,matches,home_team_win,bigint,2,900,0,0.0,0,34,0.0022222222222222,1,0,0.9444444444444444,0,36,2,900,2,1,0,2,6,36,1.0,16,34,34,0,0.0022222222222222,2,0,0,0,0,13,0,0,0,0
fifa_world_cup,fifa_world_cup,matches,away_team_win,bigint,2,900,0,0.0,0,35,0.0022222222222222,1,0,0.9722222222222222,0,36,2,900,2,1,0,2,6,36,1.0,16,35,35,0,0.0022222222222222,2,0,0,0,0,13,0,0,0,0
fifa_world_cup,fifa_world_cup,matches,draw,bigint,2,900,0,0.0,0,36,0.0022222222222222,1,0,1.0,0,36,2,900,2,1,0,2,6,36,1.0,16,36,36,0,0.0022222222222222,2,0,0,0,0,4,0,0,0,0
fifa_world_cup,fifa_world_cup,penalty_kicks,key_id,bigint,279,279,0,0.0,1,1,1.0,1,1,0.0526315789473684,1,19,2,279,1,1,0,2,6,19,1.0,5,1,1,1,1.0,1,1,1,0,0,6,1,0,0,0
fifa_world_cup,fifa_world_cup,penalty_kicks,penalty_kick_id,varchar,279,279,0,0.0,1,2,1.0,1,0,0.1052631578947368,0,19,2,279,1,1,0,2,6,19,1.0,5,2,2,0,1.0,1,1,0,0,1,15,0,0,0,0
fifa_world_cup,fifa_world_cup,penalty_kicks,tournament_id,varchar,10,279,0,0.0,0,3,0.03584229390681,1,0,0.1578947368421052,0,19,2,279,2,1,0,2,6,19,1.0,5,13,3,0,0.03584229390681,2,1,0,0,0,13,0,0,1,0
fifa_world_cup,fifa_world_cup,penalty_kicks,tournament_name,varchar,10,279,0,0.0,0,4,0.03584229390681,1,0,0.2105263157894736,0,19,2,279,2,1,0,2,6,19,1.0,5,14,4,0,0.03584229390681,2,0,0,0,0,15,0,0,0,0
fifa_world_cup,fifa_world_cup,penalty_kicks,match_id,varchar,30,279,0,0.0,0,5,0.1075268817204301,1,0,0.2631578947368421,0,19,2,279,2,1,0,2,6,19,1.0,5,8,5,0,0.1075268817204301,2,1,0,0,0,8,0,0,1,0
fifa_world_cup,fifa_world_cup,penalty_kicks,match_name,varchar,29,279,0,0.0,0,6,0.1039426523297491,1,0,0.3157894736842105,0,19,2,279,2,1,0,2,6,19,1.0,5,10,6,0,0.1039426523297491,2,0,0,0,0,10,0,0,0,0
fifa_world_cup,fifa_world_cup,penalty_kicks,match_date,date,28,279,0,0.0,0,7,0.1003584229390681,1,0,0.3684210526315789,0,19,2,279,2,1,0,2,6,19,1.0,5,11,7,0,0.1003584229390681,2,0,0,0,0,10,0,0,0,0
fifa_world_cup,fifa_world_cup,penalty_kicks,stage_name,varchar,4,279,0,0.0,0,8,0.014336917562724,1,0,0.4210526315789473,0,19,2,279,2,1,0,2,6,19,1.0,5,15,8,0,0.014336917562724,2,0,0,0,0,10,0,0,0,0
fifa_world_cup,fifa_world_cup,penalty_kicks,group_name,varchar,1,279,0,0.0,0,9,0.003584229390681,1,0,0.4736842105263157,0,19,2,279,2,1,0,2,6,19,1.0,5,19,9,0,0.003584229390681,2,0,0,0,0,10,0,0,0,0
fifa_world_cup,fifa_world_cup,penalty_kicks,team_id,varchar,31,279,0,0.0,0,10,0.1111111111111111,1,0,0.5263157894736842,0,19,2,279,2,1,0,2,6,19,1.0,5,6,10,0,0.1111111111111111,2,1,0,0,0,7,0,0,1,0
fifa_world_cup,fifa_world_cup,penalty_kicks,team_name,varchar,31,279,0,0.0,0,11,0.1111111111111111,1,0,0.5789473684210527,0,19,2,279,2,1,0,2,6,19,1.0,5,7,11,0,0.1111111111111111,2,0,0,0,0,9,0,0,0,0
fifa_world_cup,fifa_world_cup,penalty_kicks,team_code,varchar,30,279,0,0.0,0,12,0.1075268817204301,1,0,0.631578947368421,0,19,2,279,2,1,0,2,6,19,1.0,5,9,12,0,0.1075268817204301,2,0,0,0,0,9,0,0,0,0
fifa_world_cup,fifa_world_cup,penalty_kicks,home_team,bigint,2,279,0,0.0,0,13,0.007168458781362,1,0,0.6842105263157895,0,19,2,279,2,1,0,2,6,19,1.0,5,16,13,0,0.007168458781362,2,0,0,0,0,9,0,0,0,0
fifa_world_cup,fifa_world_cup,penalty_kicks,away_team,bigint,2,279,0,0.0,0,14,0.007168458781362,1,0,0.7368421052631579,0,19,2,279,2,1,0,2,6,19,1.0,5,17,14,0,0.007168458781362,2,0,0,0,0,9,0,0,0,0
fifa_world_cup,fifa_world_cup,penalty_kicks,player_id,varchar,247,279,0,0.0,0,15,0.8853046594982079,1,0,0.7894736842105263,0,19,2,279,2,1,0,2,6,19,1.0,5,3,15,0,0.8853046594982079,2,1,0,0,0,9,0,0,1,0
fifa_world_cup,fifa_world_cup,penalty_kicks,family_name,varchar,244,279,0,0.0,0,16,0.8745519713261649,1,0,0.8421052631578947,0,19,2,279,2,1,0,2,6,19,1.0,5,4,16,0,0.8745519713261649,2,0,0,0,0,11,0,0,0,0
fifa_world_cup,fifa_world_cup,penalty_kicks,given_name,varchar,187,279,0,0.0,0,17,0.6702508960573477,1,0,0.8947368421052632,0,19,2,279,2,1,0,2,6,19,1.0,5,5,17,0,0.6702508960573477,2,0,0,0,0,10,0,0,0,0
fifa_world_cup,fifa_world_cup,penalty_kicks,shirt_number,bigint,22,279,0,0.0,0,18,0.078853046594982,1,0,0.9473684210526316,0,19,2,279,2,1,0,2,6,19,1.0,5,12,18,0,0.078853046594982,2,0,0,0,0,12,0,0,0,0
fifa_world_cup,fifa_world_cup,penalty_kicks,converted,bigint,2,279,0,0.0,0,19,0.007168458781362,1,0,1.0,0,19,2,279,2,1,0,2,6,19,1.0,5,18,19,0,0.007168458781362,2,0,0,0,0,9,0,0,0,0
fifa_world_cup,fifa_world_cup,player_appearances,key_id,bigint,18623,18623,0,0.0,1,1,1.0,1,1,0.0454545454545454,1,22,1,18623,0,1,0,1,5,22,1.0,7,1,1,1,1.0,0,1,1,0,0,6,1,0,0,0
fifa_world_cup,fifa_world_cup,player_appearances,tournament_id,varchar,13,18623,0,0.0,0,2,0.0006980615368093,1,0,0.0909090909090909,0,22,1,18623,1,1,0,1,5,22,1.0,7,15,2,0,0.0006980615368093,1,1,0,0,0,13,0,0,1,0
fifa_world_cup,fifa_world_cup,player_appearances,tournament_name,varchar,13,18623,0,0.0,0,3,0.0006980615368093,1,0,0.1363636363636363,0,22,1,18623,1,1,0,1,5,22,1.0,7,16,3,0,0.0006980615368093,1,0,0,0,0,15,0,0,0,0
fifa_world_cup,fifa_world_cup,player_appearances,match_id,varchar,700,18623,0,0.0,0,4,0.0375879289051173,1,0,0.1818181818181818,0,22,1,18623,1,1,0,1,5,22,1.0,7,5,4,0,0.0375879289051173,1,1,0,0,0,8,0,0,1,0
fifa_world_cup,fifa_world_cup,player_appearances,match_name,varchar,599,18623,0,0.0,0,5,0.0321645277345218,1,0,0.2272727272727272,0,22,1,18623,1,1,0,1,5,22,1.0,7,6,5,0,0.0321645277345218,1,0,0,0,0,10,0,0,0,0
fifa_world_cup,fifa_world_cup,player_appearances,match_date,date,279,18623,0,0.0,0,6,0.0149814745207539,1,0,0.2727272727272727,0,22,1,18623,1,1,0,1,5,22,1.0,7,7,6,0,0.0149814745207539,1,0,0,0,0,10,0,0,0,0
fifa_world_cup,fifa_world_cup,player_appearances,stage_name,varchar,7,18623,0,0.0,0,7,0.0003758792890511,1,0,0.3181818181818182,0,22,1,18623,1,1,0,1,5,22,1.0,7,17,7,0,0.0003758792890511,1,0,0,0,0,10,0,0,0,0
fifa_world_cup,fifa_world_cup,player_appearances,group_name,varchar,15,18623,0,0.0,0,8,0.0008054556193953,1,0,0.3636363636363636,0,22,1,18623,1,1,0,1,5,22,1.0,7,14,8,0,0.0008054556193953,1,0,0,0,0,10,0,0,0,0
fifa_world_cup,fifa_world_cup,player_appearances,team_id,varchar,81,18623,0,0.0,0,9,0.004349460344735,1,0,0.4090909090909091,0,22,1,18623,1,1,0,1,5,22,1.0,7,8,9,0,0.004349460344735,1,1,0,0,0,7,0,0,1,0
fifa_world_cup,fifa_world_cup,player_appearances,team_name,varchar,81,18623,0,0.0,0,10,0.004349460344735,1,0,0.4545454545454545,0,22,1,18623,1,1,0,1,5,22,1.0,7,9,10,0,0.004349460344735,1,0,0,0,0,9,0,0,0,0
fifa_world_cup,fifa_world_cup,player_appearances,team_code,varchar,80,18623,0,0.0,0,11,0.0042957633034419,1,0,0.5,0,22,1,18623,1,1,0,1,5,22,1.0,7,10,11,0,0.0042957633034419,1,0,0,0,0,9,0,0,0,0
fifa_world_cup,fifa_world_cup,player_appearances,home_team,bigint,2,18623,0,0.0,0,12,0.000107394082586,1,0,0.5454545454545454,0,22,1,18623,1,1,0,1,5,22,1.0,7,18,12,0,0.000107394082586,1,0,0,0,0,9,0,0,0,0
fifa_world_cup,fifa_world_cup,player_appearances,away_team,bigint,2,18623,0,0.0,0,13,0.000107394082586,1,0,0.5909090909090909,0,22,1,18623,1,1,0,1,5,22,1.0,7,19,13,0,0.000107394082586,1,0,0,0,0,9,0,0,0,0
fifa_world_cup,fifa_world_cup,player_appearances,player_id,varchar,4627,18623,0,0.0,0,14,0.2484562100628255,1,0,0.6363636363636364,0,22,1,18623,1,1,0,1,5,22,1.0,7,2,14,0,0.2484562100628255,1,1,0,0,0,9,0,0,1,0
fifa_world_cup,fifa_world_cup,player_appearances,family_name,varchar,3983,18623,0,0.0,0,15,0.2138753154701176,1,0,0.6818181818181818,0,22,1,18623,1,1,0,1,5,22,1.0,7,3,15,0,0.2138753154701176,1,0,0,0,0,11,0,0,0,0
fifa_world_cup,fifa_world_cup,player_appearances,given_name,varchar,2110,18623,0,0.0,0,16,0.1133007571282822,1,0,0.7272727272727273,0,22,1,18623,1,1,0,1,5,22,1.0,7,4,16,0,0.1133007571282822,1,0,0,0,0,10,0,0,0,0
fifa_world_cup,fifa_world_cup,player_appearances,shirt_number,bigint,23,18623,0,0.0,0,17,0.0012350319497395,1,0,0.7727272727272727,0,22,1,18623,1,1,0,1,5,22,1.0,7,11,17,0,0.0012350319497395,1,0,0,0,0,12,0,0,0,0
fifa_world_cup,fifa_world_cup,player_appearances,position_name,varchar,21,18623,0,0.0,0,18,0.0011276378671535,1,0,0.8181818181818182,0,22,1,18623,1,1,0,1,5,22,1.0,7,12,18,0,0.0011276378671535,1,0,0,0,0,13,0,0,0,0
fifa_world_cup,fifa_world_cup,player_appearances,position_code,varchar,21,18623,0,0.0,0,19,0.0011276378671535,1,0,0.8636363636363636,0,22,1,18623,1,1,0,1,5,22,1.0,7,13,19,0,0.0011276378671535,1,0,0,0,0,13,0,0,0,0
fifa_world_cup,fifa_world_cup,player_appearances,starter,bigint,2,18623,0,0.0,0,20,0.000107394082586,1,0,0.9090909090909092,0,22,1,18623,1,1,0,1,5,22,1.0,7,20,20,0,0.000107394082586,1,0,0,0,0,7,0,0,0,0
fifa_world_cup,fifa_world_cup,player_appearances,substitute,bigint,2,18623,0,0.0,0,21,0.000107394082586,1,0,0.9545454545454546,0,22,1,18623,1,1,0,1,5,22,1.0,7,21,21,0,0.000107394082586,1,0,0,0,0,10,0,0,0,0
fifa_world_cup,fifa_world_cup,player_appearances,captain,bigint,2,18623,0,0.0,0,22,0.000107394082586,1,0,1.0,0,22,1,18623,1,1,0,1,5,22,1.0,7,22,22,0,0.000107394082586,1,0,0,0,0,7,0,0,0,0
fifa_world_cup,fifa_world_cup,players,key_id,bigint,7907,7907,0,0.0,1,1,1.0,1,1,0.0833333333333333,1,12,2,7907,1,1,0,3,2,11,1.0,6,1,1,1,1.0,2,1,1,0,0,6,1,0,0,0
fifa_world_cup,fifa_world_cup,players,player_id,varchar,7907,7907,0,0.0,1,2,1.0,1,0,0.1666666666666666,0,12,2,7907,1,1,0,3,2,11,1.0,6,2,2,0,1.0,2,1,0,0,1,9,0,0,0,0
fifa_world_cup,fifa_world_cup,players,family_name,varchar,6440,7907,0,0.0,0,3,0.8144681927406096,1,0,0.25,0,12,2,7907,2,1,0,3,2,11,1.0,6,5,3,0,0.8144681927406096,3,0,0,0,0,11,0,0,0,0
fifa_world_cup,fifa_world_cup,players,given_name,varchar,2909,7907,0,0.0,0,4,0.3679018591121791,1,0,0.3333333333333333,0,12,2,7907,2,1,0,3,2,11,1.0,6,6,4,0,0.3679018591121791,3,0,0,0,0,10,0,0,0,0
fifa_world_cup,fifa_world_cup,players,birth_date,varchar,6826,7907,1,0.000126470216264,0,5,0.8632856962185406,0,0,0.4166666666666667,0,12,2,7907,2,1,0,3,2,11,1.0,6,4,12,0,0.8632856962185406,3,0,0,0,0,10,0,0,0,0
fifa_world_cup,fifa_world_cup,players,goal_keeper,bigint,2,7907,0,0.0,0,6,0.0002529404325281,1,0,0.5,0,12,2,7907,2,1,0,3,2,11,1.0,6,9,5,0,0.0002529404325281,3,0,0,0,0,11,0,0,0,0
fifa_world_cup,fifa_world_cup,players,defender,bigint,2,7907,0,0.0,0,7,0.0002529404325281,1,0,0.5833333333333334,0,12,2,7907,2,1,0,3,2,11,1.0,6,10,6,0,0.0002529404325281,3,0,0,0,0,8,0,0,0,0
fifa_world_cup,fifa_world_cup,players,midfielder,bigint,2,7907,0,0.0,0,8,0.0002529404325281,1,0,0.6666666666666666,0,12,2,7907,2,1,0,3,2,11,1.0,6,11,7,0,0.0002529404325281,3,0,0,0,0,10,0,0,0,0
fifa_world_cup,fifa_world_cup,players,forward,bigint,2,7907,0,0.0,0,9,0.0002529404325281,1,0,0.75,0,12,2,7907,2,1,0,3,2,11,1.0,6,12,8,0,0.0002529404325281,3,0,0,0,0,7,0,0,0,0
fifa_world_cup,fifa_world_cup,players,count_tournaments,bigint,5,7907,0,0.0,0,10,0.0006323510813203,1,0,0.8333333333333334,0,12,2,7907,2,1,0,3,2,11,1.0,6,8,9,0,0.0006323510813203,3,0,0,0,0,17,0,0,0,0
fifa_world_cup,fifa_world_cup,players,list_tournaments,varchar,126,7907,0,0.0,0,11,0.0159352472492727,1,0,0.9166666666666666,0,12,2,7907,2,1,0,3,2,11,1.0,6,7,10,0,0.0159352472492727,3,0,0,0,0,16,0,0,0,0
fifa_world_cup,fifa_world_cup,players,player_wikipedia_link,varchar,7901,7907,0,0.0,0,12,0.9992411787024156,1,0,1.0,0,12,2,7907,2,1,0,3,2,11,1.0,6,3,11,0,0.9992411787024156,2,0,0,0,0,21,0,0,0,0
fifa_world_cup,fifa_world_cup,qualified_teams,key_id,bigint,457,457,0,0.0,1,1,1.0,1,1,0.125,1,8,1,457,0,1,0,1,3,8,1.0,2,1,1,1,1.0,0,1,1,0,0,6,1,0,0,0
fifa_world_cup,fifa_world_cup,qualified_teams,tournament_id,varchar,21,457,0,0.0,0,2,0.0459518599562363,1,0,0.25,0,8,1,457,1,1,0,1,3,8,1.0,2,5,2,0,0.0459518599562363,1,1,0,0,0,13,0,0,0,0
fifa_world_cup,fifa_world_cup,qualified_teams,tournament_name,varchar,21,457,0,0.0,0,3,0.0459518599562363,1,0,0.375,0,8,1,457,1,1,0,1,3,8,1.0,2,6,3,0,0.0459518599562363,1,0,0,0,0,15,0,0,0,0
fifa_world_cup,fifa_world_cup,qualified_teams,team_id,varchar,84,457,0,0.0,0,4,0.1838074398249453,1,0,0.5,0,8,1,457,1,1,0,1,3,8,1.0,2,2,4,0,0.1838074398249453,1,1,0,0,0,7,0,0,1,0
fifa_world_cup,fifa_world_cup,qualified_teams,team_name,varchar,84,457,0,0.0,0,5,0.1838074398249453,1,0,0.625,0,8,1,457,1,1,0,1,3,8,1.0,2,3,5,0,0.1838074398249453,1,0,0,0,0,9,0,0,0,0
fifa_world_cup,fifa_world_cup,qualified_teams,team_code,varchar,83,457,0,0.0,0,6,0.1816192560175054,1,0,0.75,0,8,1,457,1,1,0,1,3,8,1.0,2,4,6,0,0.1816192560175054,1,0,0,0,0,9,0,0,0,0
fifa_world_cup,fifa_world_cup,qualified_teams,count_matches,bigint,7,457,0,0.0,0,7,0.0153172866520787,1,0,0.875,0,8,1,457,1,1,0,1,3,8,1.0,2,8,7,0,0.0153172866520787,1,0,0,0,0,13,0,0,0,0
fifa_world_cup,fifa_world_cup,qualified_teams,performance,varchar,8,457,0,0.0,0,8,0.0175054704595186,1,0,1.0,0,8,1,457,1,1,0,1,3,8,1.0,2,7,8,0,0.0175054704595186,1,0,0,0,0,11,0,0,0,0
fifa_world_cup,fifa_world_cup,referee_appearances,key_id,bigint,900,900,0,0.0,1,1,1.0,1,1,0.0666666666666666,1,15,2,900,1,1,0,2,5,15,1.0,1,1,1,1,1.0,1,1,1,0,0,6,1,0,0,0
fifa_world_cup,fifa_world_cup,referee_appearances,tournament_id,varchar,21,900,0,0.0,0,2,0.0233333333333333,1,0,0.1333333333333333,0,15,2,900,2,1,0,2,5,15,1.0,1,9,2,0,0.0233333333333333,2,1,0,0,0,13,0,0,1,0
fifa_world_cup,fifa_world_cup,referee_appearances,tournament_name,varchar,21,900,0,0.0,0,3,0.0233333333333333,1,0,0.2,0,15,2,900,2,1,0,2,5,15,1.0,1,10,3,0,0.0233333333333333,2,0,0,0,0,15,0,0,0,0
fifa_world_cup,fifa_world_cup,referee_appearances,match_id,varchar,900,900,0,0.0,1,4,1.0,1,0,0.2666666666666666,0,15,2,900,1,1,0,2,5,15,1.0,1,2,4,0,1.0,1,1,0,0,0,8,0,0,1,0
fifa_world_cup,fifa_world_cup,referee_appearances,match_name,varchar,711,900,0,0.0,0,5,0.79,1,0,0.3333333333333333,0,15,2,900,2,1,0,2,5,15,1.0,1,3,5,0,0.79,2,0,0,0,0,10,0,0,0,0
fifa_world_cup,fifa_world_cup,referee_appearances,match_date,date,355,900,0,0.0,0,6,0.3944444444444444,1,0,0.4,0,15,2,900,2,1,0,2,5,15,1.0,1,6,6,0,0.3944444444444444,2,0,0,0,0,10,0,0,0,0
fifa_world_cup,fifa_world_cup,referee_appearances,stage_name,varchar,8,900,0,0.0,0,7,0.0088888888888888,1,0,0.4666666666666667,0,15,2,900,2,1,0,2,5,15,1.0,1,12,7,0,0.0088888888888888,2,0,0,0,0,10,0,0,0,0
fifa_world_cup,fifa_world_cup,referee_appearances,group_name,varchar,15,900,0,0.0,0,8,0.0166666666666666,1,0,0.5333333333333333,0,15,2,900,2,1,0,2,5,15,1.0,1,11,8,0,0.0166666666666666,2,0,0,0,0,10,0,0,0,0
fifa_world_cup,fifa_world_cup,referee_appearances,referee_id,varchar,380,900,0,0.0,0,9,0.4222222222222222,1,0,0.6,0,15,2,900,2,1,0,2,5,15,1.0,1,4,9,0,0.4222222222222222,2,1,0,0,0,10,0,0,1,0
fifa_world_cup,fifa_world_cup,referee_appearances,family_name,varchar,375,900,0,0.0,0,10,0.4166666666666667,1,0,0.6666666666666666,0,15,2,900,2,1,0,2,5,15,1.0,1,5,10,0,0.4166666666666667,2,0,0,0,0,11,0,0,0,0
fifa_world_cup,fifa_world_cup,referee_appearances,given_name,varchar,314,900,0,0.0,0,11,0.3488888888888889,1,0,0.7333333333333333,0,15,2,900,2,1,0,2,5,15,1.0,1,7,11,0,0.3488888888888889,2,0,0,0,0,10,0,0,0,0
fifa_world_cup,fifa_world_cup,referee_appearances,country_name,varchar,84,900,0,0.0,0,12,0.0933333333333333,1,0,0.8,0,15,2,900,2,1,0,2,5,15,1.0,1,8,12,0,0.0933333333333333,2,0,0,0,0,12,0,0,0,0
fifa_world_cup,fifa_world_cup,referee_appearances,confederation_id,varchar,6,900,0,0.0,0,13,0.0066666666666666,1,0,0.8666666666666667,0,15,2,900,2,1,0,2,5,15,1.0,1,13,13,0,0.0066666666666666,2,1,0,0,0,16,0,0,1,0
fifa_world_cup,fifa_world_cup,referee_appearances,confederation_name,varchar,6,900,0,0.0,0,14,0.0066666666666666,1,0,0.9333333333333332,0,15,2,900,2,1,0,2,5,15,1.0,1,14,14,0,0.0066666666666666,2,0,0,0,0,18,0,0,0,0
fifa_world_cup,fifa_world_cup,referee_appearances,confederation_code,varchar,6,900,0,0.0,0,15,0.0066666666666666,1,0,1.0,0,15,2,900,2,1,0,2,5,15,1.0,1,15,15,0,0.0066666666666666,2,0,0,0,0,18,0,0,0,0
fifa_world_cup,fifa_world_cup,referee_appointments,key_id,bigint,511,511,0,0.0,1,1,1.0,1,1,0.1,1,10,1,511,0,1,0,1,4,10,1.0,1,1,1,1,1.0,0,1,1,0,0,6,1,0,0,0
fifa_world_cup,fifa_world_cup,referee_appointments,tournament_id,varchar,21,511,0,0.0,0,2,0.0410958904109589,1,0,0.2,0,10,1,511,1,1,0,1,4,10,1.0,1,6,2,0,0.0410958904109589,1,1,0,0,0,13,0,0,1,0
fifa_world_cup,fifa_world_cup,referee_appointments,tournament_name,varchar,21,511,0,0.0,0,3,0.0410958904109589,1,0,0.3,0,10,1,511,1,1,0,1,4,10,1.0,1,7,3,0,0.0410958904109589,1,0,0,0,0,15,0,0,0,0
fifa_world_cup,fifa_world_cup,referee_appointments,referee_id,varchar,380,511,0,0.0,0,4,0.7436399217221135,1,0,0.4,0,10,1,511,1,1,0,1,4,10,1.0,1,2,4,0,0.7436399217221135,1,1,0,0,0,10,0,0,1,0
fifa_world_cup,fifa_world_cup,referee_appointments,family_name,varchar,375,511,0,0.0,0,5,0.7338551859099804,1,0,0.5,0,10,1,511,1,1,0,1,4,10,1.0,1,3,5,0,0.7338551859099804,1,0,0,0,0,11,0,0,0,0
fifa_world_cup,fifa_world_cup,referee_appointments,given_name,varchar,314,511,0,0.0,0,6,0.6144814090019569,1,0,0.6,0,10,1,511,1,1,0,1,4,10,1.0,1,4,6,0,0.6144814090019569,1,0,0,0,0,10,0,0,0,0
fifa_world_cup,fifa_world_cup,referee_appointments,country_name,varchar,84,511,0,0.0,0,7,0.1643835616438356,1,0,0.7,0,10,1,511,1,1,0,1,4,10,1.0,1,5,7,0,0.1643835616438356,1,0,0,0,0,12,0,0,0,0
fifa_world_cup,fifa_world_cup,referee_appointments,confederation_id,varchar,6,511,0,0.0,0,8,0.0117416829745596,1,0,0.8,0,10,1,511,1,1,0,1,4,10,1.0,1,8,8,0,0.0117416829745596,1,1,0,0,0,16,0,0,1,0
fifa_world_cup,fifa_world_cup,referee_appointments,confederation_name,varchar,6,511,0,0.0,0,9,0.0117416829745596,1,0,0.9,0,10,1,511,1,1,0,1,4,10,1.0,1,9,9,0,0.0117416829745596,1,0,0,0,0,18,0,0,0,0
fifa_world_cup,fifa_world_cup,referee_appointments,confederation_code,varchar,6,511,0,0.0,0,10,0.0117416829745596,1,0,1.0,0,10,1,511,1,1,0,1,4,10,1.0,1,10,10,0,0.0117416829745596,1,0,0,0,0,18,0,0,0,0
fifa_world_cup,fifa_world_cup,referees,key_id,bigint,380,380,0,0.0,1,1,1.0,1,1,0.1111111111111111,1,9,2,380,1,1,0,3,3,9,1.0,1,1,1,1,1.0,2,1,1,0,0,6,1,0,0,0
fifa_world_cup,fifa_world_cup,referees,referee_id,varchar,380,380,0,0.0,1,2,1.0,1,0,0.2222222222222222,0,9,2,380,1,1,0,3,3,9,1.0,1,2,2,0,1.0,2,1,0,0,1,10,0,0,0,0
fifa_world_cup,fifa_world_cup,referees,family_name,varchar,375,380,0,0.0,0,3,0.986842105263158,1,0,0.3333333333333333,0,9,2,380,2,1,0,3,3,9,1.0,1,3,3,0,0.986842105263158,2,0,0,0,0,11,0,0,0,0
fifa_world_cup,fifa_world_cup,referees,given_name,varchar,314,380,0,0.0,0,4,0.8263157894736842,1,0,0.4444444444444444,0,9,2,380,2,1,0,3,3,9,1.0,1,4,4,0,0.8263157894736842,3,0,0,0,0,10,0,0,0,0
fifa_world_cup,fifa_world_cup,referees,country_name,varchar,84,380,0,0.0,0,5,0.2210526315789473,1,0,0.5555555555555556,0,9,2,380,2,1,0,3,3,9,1.0,1,6,5,0,0.2210526315789473,3,0,0,0,0,12,0,0,0,0
fifa_world_cup,fifa_world_cup,referees,confederation_id,varchar,6,380,0,0.0,0,6,0.0157894736842105,1,0,0.6666666666666666,0,9,2,380,2,1,0,3,3,9,1.0,1,7,6,0,0.0157894736842105,3,1,0,0,0,16,0,0,1,0
fifa_world_cup,fifa_world_cup,referees,confederation_name,varchar,6,380,0,0.0,0,7,0.0157894736842105,1,0,0.7777777777777778,0,9,2,380,2,1,0,3,3,9,1.0,1,8,7,0,0.0157894736842105,3,0,0,0,0,18,0,0,0,0
fifa_world_cup,fifa_world_cup,referees,confederation_code,varchar,6,380,0,0.0,0,8,0.0157894736842105,1,0,0.8888888888888888,0,9,2,380,2,1,0,3,3,9,1.0,1,9,8,0,0.0157894736842105,3,0,0,0,0,18,0,0,0,0
fifa_world_cup,fifa_world_cup,referees,referee_wikipedia_link,varchar,294,380,0,0.0,0,9,0.7736842105263158,1,0,1.0,0,9,2,380,2,1,0,3,3,9,1.0,1,5,9,0,0.7736842105263158,3,0,0,0,0,22,0,0,0,0
fifa_world_cup,fifa_world_cup,squads,key_id,bigint,10142,10142,0,0.0,1,1,1.0,1,1,0.0833333333333333,1,12,1,10142,0,1,0,1,4,12,1.0,2,1,1,1,1.0,0,1,1,0,0,6,1,0,0,0
fifa_world_cup,fifa_world_cup,squads,tournament_id,varchar,21,10142,0,0.0,0,2,0.0020705975152829,1,0,0.1666666666666666,0,12,1,10142,1,1,0,1,4,12,1.0,2,9,2,0,0.0020705975152829,1,1,0,0,0,13,0,0,1,0
fifa_world_cup,fifa_world_cup,squads,tournament_name,varchar,21,10142,0,0.0,0,3,0.0020705975152829,1,0,0.25,0,12,1,10142,1,1,0,1,4,12,1.0,2,10,3,0,0.0020705975152829,1,0,0,0,0,15,0,0,0,0
fifa_world_cup,fifa_world_cup,squads,team_id,varchar,84,10142,0,0.0,0,4,0.0082823900611319,1,0,0.3333333333333333,0,12,1,10142,1,1,0,1,4,12,1.0,2,5,4,0,0.0082823900611319,1,1,0,0,0,7,0,0,1,0
fifa_world_cup,fifa_world_cup,squads,team_name,varchar,84,10142,0,0.0,0,5,0.0082823900611319,1,0,0.4166666666666667,0,12,1,10142,1,1,0,1,4,12,1.0,2,6,5,0,0.0082823900611319,1,0,0,0,0,9,0,0,0,0
fifa_world_cup,fifa_world_cup,squads,team_code,varchar,83,10142,0,0.0,0,6,0.0081837901794517,1,0,0.5,0,12,1,10142,1,1,0,1,4,12,1.0,2,7,6,0,0.0081837901794517,1,0,0,0,0,9,0,0,0,0
fifa_world_cup,fifa_world_cup,squads,player_id,varchar,7907,10142,0,0.0,0,7,0.7796292644448827,1,0,0.5833333333333334,0,12,1,10142,1,1,0,1,4,12,1.0,2,2,7,0,0.7796292644448827,1,1,0,0,0,9,0,0,1,0
fifa_world_cup,fifa_world_cup,squads,family_name,varchar,6440,10142,0,0.0,0,8,0.6349832380201144,1,0,0.6666666666666666,0,12,1,10142,1,1,0,1,4,12,1.0,2,3,8,0,0.6349832380201144,1,0,0,0,0,11,0,0,0,0
fifa_world_cup,fifa_world_cup,squads,given_name,varchar,2909,10142,0,0.0,0,9,0.286827055807533,1,0,0.75,0,12,1,10142,1,1,0,1,4,12,1.0,2,4,9,0,0.286827055807533,1,0,0,0,0,10,0,0,0,0
fifa_world_cup,fifa_world_cup,squads,shirt_number,bigint,24,10142,0,0.0,0,10,0.0023663971603234,1,0,0.8333333333333334,0,12,1,10142,1,1,0,1,4,12,1.0,2,8,10,0,0.0023663971603234,1,0,0,0,0,12,0,0,0,0
fifa_world_cup,fifa_world_cup,squads,position_name,varchar,4,10142,0,0.0,0,11,0.0003943995267205,1,0,0.9166666666666666,0,12,1,10142,1,1,0,1,4,12,1.0,2,11,11,0,0.0003943995267205,1,0,0,0,0,13,0,0,0,0
fifa_world_cup,fifa_world_cup,squads,position_code,varchar,4,10142,0,0.0,0,12,0.0003943995267205,1,0,1.0,0,12,1,10142,1,1,0,1,4,12,1.0,2,12,12,0,0.0003943995267205,1,0,0,0,0,13,0,0,0,0
fifa_world_cup,fifa_world_cup,stadiums,key_id,bigint,185,185,0,0.0,1,1,1.0,1,1,0.125,1,8,3,185,2,1,0,4,2,8,1.0,2,1,1,1,1.0,3,1,1,0,0,6,1,0,0,0
fifa_world_cup,fifa_world_cup,stadiums,stadium_id,varchar,185,185,0,0.0,1,2,1.0,1,0,0.25,0,8,3,185,2,1,0,4,2,8,1.0,2,2,2,0,1.0,3,1,0,0,1,10,0,0,0,0
fifa_world_cup,fifa_world_cup,stadiums,stadium_name,varchar,184,185,0,0.0,0,3,0.9945945945945946,1,0,0.375,0,8,3,185,3,1,0,4,2,8,1.0,2,4,3,0,0.9945945945945946,3,0,0,0,0,12,0,0,0,0
fifa_world_cup,fifa_world_cup,stadiums,city_name,varchar,160,185,0,0.0,0,4,0.8648648648648649,1,0,0.5,0,8,3,185,3,1,0,4,2,8,1.0,2,5,4,0,0.8648648648648649,4,0,0,0,0,9,0,0,0,0
fifa_world_cup,fifa_world_cup,stadiums,country_name,varchar,17,185,0,0.0,0,5,0.0918918918918919,1,0,0.625,0,8,3,185,3,1,0,4,2,8,1.0,2,8,5,0,0.0918918918918919,4,0,0,0,0,12,0,0,0,0
fifa_world_cup,fifa_world_cup,stadiums,stadium_capacity,bigint,62,185,0,0.0,0,6,0.3351351351351351,1,0,0.75,0,8,3,185,3,1,0,4,2,8,1.0,2,7,6,0,0.3351351351351351,4,0,0,0,0,16,0,0,0,0
fifa_world_cup,fifa_world_cup,stadiums,stadium_wikipedia_link,varchar,185,185,0,0.0,1,7,1.0,1,0,0.875,0,8,3,185,2,1,0,4,2,8,1.0,2,3,7,0,1.0,3,0,0,0,0,22,0,0,0,0
fifa_world_cup,fifa_world_cup,stadiums,city_wikipedia_link,varchar,160,185,0,0.0,0,8,0.8648648648648649,1,0,1.0,0,8,3,185,3,1,0,4,2,8,1.0,2,6,8,0,0.8648648648648649,4,0,0,0,0,19,0,0,0,0
fifa_world_cup,fifa_world_cup,substitutions,key_id,bigint,6464,6464,0,0.0,1,1,1.0,1,1,0.0416666666666666,1,24,2,6464,1,1,0,2,6,24,1.0,8,1,1,1,1.0,1,1,1,0,0,6,1,0,0,0
fifa_world_cup,fifa_world_cup,substitutions,substitution_id,varchar,6464,6464,0,0.0,1,2,1.0,1,0,0.0833333333333333,0,24,2,6464,1,1,0,2,6,24,1.0,8,2,2,0,1.0,1,1,0,0,1,15,0,0,0,0
fifa_world_cup,fifa_world_cup,substitutions,tournament_id,varchar,13,6464,0,0.0,0,3,0.0020111386138613,1,0,0.125,0,24,2,6464,2,1,0,2,6,24,1.0,8,16,3,0,0.0020111386138613,2,1,0,0,0,13,0,0,1,0
fifa_world_cup,fifa_world_cup,substitutions,tournament_name,varchar,13,6464,0,0.0,0,4,0.0020111386138613,1,0,0.1666666666666666,0,24,2,6464,2,1,0,2,6,24,1.0,8,17,4,0,0.0020111386138613,2,0,0,0,0,15,0,0,0,0
fifa_world_cup,fifa_world_cup,substitutions,match_id,varchar,697,6464,0,0.0,0,5,0.1078279702970297,1,0,0.2083333333333333,0,24,2,6464,2,1,0,2,6,24,1.0,8,6,5,0,0.1078279702970297,2,1,0,0,0,8,0,0,1,0
fifa_world_cup,fifa_world_cup,substitutions,match_name,varchar,597,6464,0,0.0,0,6,0.0923576732673267,1,0,0.25,0,24,2,6464,2,1,0,2,6,24,1.0,8,7,6,0,0.0923576732673267,2,0,0,0,0,10,0,0,0,0
fifa_world_cup,fifa_world_cup,substitutions,match_date,date,278,6464,0,0.0,0,7,0.0430074257425742,1,0,0.2916666666666667,0,24,2,6464,2,1,0,2,6,24,1.0,8,8,7,0,0.0430074257425742,2,0,0,0,0,10,0,0,0,0
fifa_world_cup,fifa_world_cup,substitutions,stage_name,varchar,7,6464,0,0.0,0,8,0.0010829207920792,1,0,0.3333333333333333,0,24,2,6464,2,1,0,2,6,24,1.0,8,19,8,0,0.0010829207920792,2,0,0,0,0,10,0,0,0,0
fifa_world_cup,fifa_world_cup,substitutions,group_name,varchar,15,6464,0,0.0,0,9,0.0023205445544554,1,0,0.375,0,24,2,6464,2,1,0,2,6,24,1.0,8,15,9,0,0.0023205445544554,2,0,0,0,0,10,0,0,0,0
fifa_world_cup,fifa_world_cup,substitutions,team_id,varchar,81,6464,0,0.0,0,10,0.0125309405940594,1,0,0.4166666666666667,0,24,2,6464,2,1,0,2,6,24,1.0,8,11,10,0,0.0125309405940594,2,1,0,0,0,7,0,0,1,0
fifa_world_cup,fifa_world_cup,substitutions,team_name,varchar,81,6464,0,0.0,0,11,0.0125309405940594,1,0,0.4583333333333333,0,24,2,6464,2,1,0,2,6,24,1.0,8,12,11,0,0.0125309405940594,2,0,0,0,0,9,0,0,0,0
fifa_world_cup,fifa_world_cup,substitutions,team_code,varchar,80,6464,0,0.0,0,12,0.0123762376237623,1,0,0.5,0,24,2,6464,2,1,0,2,6,24,1.0,8,13,12,0,0.0123762376237623,2,0,0,0,0,9,0,0,0,0
fifa_world_cup,fifa_world_cup,substitutions,home_team,bigint,2,6464,0,0.0,0,13,0.000309405940594,1,0,0.5416666666666666,0,24,2,6464,2,1,0,2,6,24,1.0,8,21,13,0,0.000309405940594,2,0,0,0,0,9,0,0,0,0
fifa_world_cup,fifa_world_cup,substitutions,away_team,bigint,2,6464,0,0.0,0,14,0.000309405940594,1,0,0.5833333333333334,0,24,2,6464,2,1,0,2,6,24,1.0,8,22,14,0,0.000309405940594,2,0,0,0,0,9,0,0,0,0
fifa_world_cup,fifa_world_cup,substitutions,player_id,varchar,3023,6464,0,0.0,0,15,0.4676670792079208,1,0,0.625,0,24,2,6464,2,1,0,2,6,24,1.0,8,3,15,0,0.4676670792079208,2,1,0,0,0,9,0,0,1,0
fifa_world_cup,fifa_world_cup,substitutions,family_name,varchar,2682,6464,0,0.0,0,16,0.4149133663366336,1,0,0.6666666666666666,0,24,2,6464,2,1,0,2,6,24,1.0,8,4,16,0,0.4149133663366336,2,0,0,0,0,11,0,0,0,0
fifa_world_cup,fifa_world_cup,substitutions,given_name,varchar,1563,6464,0,0.0,0,17,0.2418007425742574,1,0,0.7083333333333334,0,24,2,6464,2,1,0,2,6,24,1.0,8,5,17,0,0.2418007425742574,2,0,0,0,0,10,0,0,0,0
fifa_world_cup,fifa_world_cup,substitutions,shirt_number,bigint,23,6464,0,0.0,0,18,0.0035581683168316,1,0,0.75,0,24,2,6464,2,1,0,2,6,24,1.0,8,14,18,0,0.0035581683168316,2,0,0,0,0,12,0,0,0,0
fifa_world_cup,fifa_world_cup,substitutions,minute_label,varchar,122,6464,0,0.0,0,19,0.0188737623762376,1,0,0.7916666666666666,0,24,2,6464,2,1,0,2,6,24,1.0,8,9,19,0,0.0188737623762376,2,0,0,0,0,12,0,0,0,0
fifa_world_cup,fifa_world_cup,substitutions,minute_regulation,bigint,110,6464,0,0.0,0,20,0.0170173267326732,1,0,0.8333333333333334,0,24,2,6464,2,1,0,2,6,24,1.0,8,10,20,0,0.0170173267326732,2,0,0,0,0,17,0,0,0,0
fifa_world_cup,fifa_world_cup,substitutions,minute_stoppage,bigint,7,6464,0,0.0,0,21,0.0010829207920792,1,0,0.875,0,24,2,6464,2,1,0,2,6,24,1.0,8,20,21,0,0.0010829207920792,2,0,0,0,0,15,0,0,0,0
fifa_world_cup,fifa_world_cup,substitutions,match_period,varchar,8,6464,0,0.0,0,22,0.0012376237623762,1,0,0.9166666666666666,0,24,2,6464,2,1,0,2,6,24,1.0,8,18,22,0,0.0012376237623762,2,0,0,0,0,12,0,0,0,0
fifa_world_cup,fifa_world_cup,substitutions,going_off,bigint,2,6464,0,0.0,0,23,0.000309405940594,1,0,0.9583333333333334,0,24,2,6464,2,1,0,2,6,24,1.0,8,23,23,0,0.000309405940594,2,0,0,0,0,9,0,0,0,0
fifa_world_cup,fifa_world_cup,substitutions,coming_on,bigint,2,6464,0,0.0,0,24,0.000309405940594,1,0,1.0,0,24,2,6464,2,1,0,2,6,24,1.0,8,24,24,0,0.000309405940594,2,0,0,0,0,9,0,0,0,0
fifa_world_cup,fifa_world_cup,team_appearances,key_id,bigint,1800,1800,0,0.0,1,1,1.0,1,1,0.0285714285714285,1,35,1,1800,0,1,0,1,6,35,1.0,17,1,1,1,1.0,0,1,1,0,0,6,1,0,0,0
fifa_world_cup,fifa_world_cup,team_appearances,tournament_id,varchar,21,1800,0,0.0,0,2,0.0116666666666666,1,0,0.0571428571428571,0,35,1,1800,1,1,0,1,6,35,1.0,17,14,2,0,0.0116666666666666,1,1,0,0,0,13,0,0,1,0
fifa_world_cup,fifa_world_cup,team_appearances,tournament_name,varchar,21,1800,0,0.0,0,3,0.0116666666666666,1,0,0.0857142857142857,0,35,1,1800,1,1,0,1,6,35,1.0,17,15,3,0,0.0116666666666666,1,0,0,0,0,15,0,0,0,0
fifa_world_cup,fifa_world_cup,team_appearances,match_id,varchar,900,1800,0,0.0,0,4,0.5,1,0,0.1142857142857142,0,35,1,1800,1,1,0,1,6,35,1.0,17,2,4,0,0.5,1,1,0,0,0,8,0,0,1,0
fifa_world_cup,fifa_world_cup,team_appearances,match_name,varchar,711,1800,0,0.0,0,5,0.395,1,0,0.1428571428571428,0,35,1,1800,1,1,0,1,6,35,1.0,17,3,5,0,0.395,1,0,0,0,0,10,0,0,0,0
fifa_world_cup,fifa_world_cup,team_appearances,stage_name,varchar,8,1800,0,0.0,0,6,0.0044444444444444,1,0,0.1714285714285714,0,35,1,1800,1,1,0,1,6,35,1.0,17,21,6,0,0.0044444444444444,1,0,0,0,0,10,0,0,0,0
fifa_world_cup,fifa_world_cup,team_appearances,group_name,varchar,15,1800,0,0.0,0,7,0.0083333333333333,1,0,0.2,0,35,1,1800,1,1,0,1,6,35,1.0,17,18,7,0,0.0083333333333333,1,0,0,0,0,10,0,0,0,0
fifa_world_cup,fifa_world_cup,team_appearances,group_stage,bigint,2,1800,0,0.0,0,8,0.0011111111111111,1,0,0.2285714285714285,0,35,1,1800,1,1,0,1,6,35,1.0,17,25,8,0,0.0011111111111111,1,0,0,0,0,11,0,0,0,0
fifa_world_cup,fifa_world_cup,team_appearances,knockout_stage,bigint,2,1800,0,0.0,0,9,0.0011111111111111,1,0,0.2571428571428571,0,35,1,1800,1,1,0,1,6,35,1.0,17,26,9,0,0.0011111111111111,1,0,0,0,0,14,0,0,0,0
fifa_world_cup,fifa_world_cup,team_appearances,replayed,bigint,2,1800,0,0.0,0,10,0.0011111111111111,1,0,0.2857142857142857,0,35,1,1800,1,1,0,1,6,35,1.0,17,27,10,0,0.0011111111111111,1,0,0,0,0,8,0,0,0,0
fifa_world_cup,fifa_world_cup,team_appearances,replay,bigint,2,1800,0,0.0,0,11,0.0011111111111111,1,0,0.3142857142857143,0,35,1,1800,1,1,0,1,6,35,1.0,17,28,11,0,0.0011111111111111,1,0,0,0,0,6,0,0,0,0
fifa_world_cup,fifa_world_cup,team_appearances,match_date,date,355,1800,0,0.0,0,12,0.1972222222222222,1,0,0.3428571428571428,0,35,1,1800,1,1,0,1,6,35,1.0,17,4,12,0,0.1972222222222222,1,0,0,0,0,10,0,0,0,0
fifa_world_cup,fifa_world_cup,team_appearances,stadium_id,varchar,185,1800,0,0.0,0,13,0.1027777777777777,1,0,0.3714285714285714,0,35,1,1800,1,1,0,1,6,35,1.0,17,5,13,0,0.1027777777777777,1,1,0,0,0,10,0,0,1,0
fifa_world_cup,fifa_world_cup,team_appearances,stadium_name,varchar,184,1800,0,0.0,0,14,0.1022222222222222,1,0,0.4,0,35,1,1800,1,1,0,1,6,35,1.0,17,6,14,0,0.1022222222222222,1,0,0,0,0,12,0,0,0,0
fifa_world_cup,fifa_world_cup,team_appearances,city_name,varchar,160,1800,0,0.0,0,15,0.0888888888888888,1,0,0.4285714285714285,0,35,1,1800,1,1,0,1,6,35,1.0,17,7,15,0,0.0888888888888888,1,0,0,0,0,9,0,0,0,0
fifa_world_cup,fifa_world_cup,team_appearances,country_name,varchar,17,1800,0,0.0,0,16,0.0094444444444444,1,0,0.4571428571428571,0,35,1,1800,1,1,0,1,6,35,1.0,17,17,16,0,0.0094444444444444,1,0,0,0,0,12,0,0,0,0
fifa_world_cup,fifa_world_cup,team_appearances,team_id,varchar,84,1800,0,0.0,0,17,0.0466666666666666,1,0,0.4857142857142857,0,35,1,1800,1,1,0,1,6,35,1.0,17,8,17,0,0.0466666666666666,1,1,0,0,0,7,0,0,1,0
fifa_world_cup,fifa_world_cup,team_appearances,team_name,varchar,84,1800,0,0.0,0,18,0.0466666666666666,1,0,0.5142857142857142,0,35,1,1800,1,1,0,1,6,35,1.0,17,9,18,0,0.0466666666666666,1,0,0,0,0,9,0,0,0,0
fifa_world_cup,fifa_world_cup,team_appearances,team_code,varchar,83,1800,0,0.0,0,19,0.0461111111111111,1,0,0.5428571428571428,0,35,1,1800,1,1,0,1,6,35,1.0,17,12,19,0,0.0461111111111111,1,0,0,0,0,9,0,0,0,0
fifa_world_cup,fifa_world_cup,team_appearances,opponent_id,varchar,84,1800,0,0.0,0,20,0.0466666666666666,1,0,0.5714285714285714,0,35,1,1800,1,1,0,1,6,35,1.0,17,10,20,0,0.0466666666666666,1,1,0,0,0,11,0,0,0,0
fifa_world_cup,fifa_world_cup,team_appearances,opponent_name,varchar,84,1800,0,0.0,0,21,0.0466666666666666,1,0,0.6,0,35,1,1800,1,1,0,1,6,35,1.0,17,11,21,0,0.0466666666666666,1,0,0,0,0,13,0,0,0,0
fifa_world_cup,fifa_world_cup,team_appearances,opponent_code,varchar,83,1800,0,0.0,0,22,0.0461111111111111,1,0,0.6285714285714286,0,35,1,1800,1,1,0,1,6,35,1.0,17,13,22,0,0.0461111111111111,1,0,0,0,0,13,0,0,0,0
fifa_world_cup,fifa_world_cup,team_appearances,home_team,bigint,2,1800,0,0.0,0,23,0.0011111111111111,1,0,0.6571428571428571,0,35,1,1800,1,1,0,1,6,35,1.0,17,29,23,0,0.0011111111111111,1,0,0,0,0,9,0,0,0,0
fifa_world_cup,fifa_world_cup,team_appearances,away_team,bigint,2,1800,0,0.0,0,24,0.0011111111111111,1,0,0.6857142857142857,0,35,1,1800,1,1,0,1,6,35,1.0,17,30,24,0,0.0011111111111111,1,0,0,0,0,9,0,0,0,0
fifa_world_cup,fifa_world_cup,team_appearances,goals_for,bigint,11,1800,0,0.0,0,25,0.0061111111111111,1,0,0.7142857142857143,0,35,1,1800,1,1,0,1,6,35,1.0,17,19,25,0,0.0061111111111111,1,0,0,0,0,9,0,0,0,0
fifa_world_cup,fifa_world_cup,team_appearances,goals_against,bigint,11,1800,0,0.0,0,26,0.0061111111111111,1,0,0.7428571428571429,0,35,1,1800,1,1,0,1,6,35,1.0,17,20,26,0,0.0061111111111111,1,0,0,0,0,13,0,0,0,0
fifa_world_cup,fifa_world_cup,team_appearances,goal_differential,bigint,19,1800,0,0.0,0,27,0.0105555555555555,1,0,0.7714285714285715,0,35,1,1800,1,1,0,1,6,35,1.0,17,16,27,0,0.0105555555555555,1,0,0,0,0,17,0,0,0,0
fifa_world_cup,fifa_world_cup,team_appearances,extra_time,bigint,2,1800,0,0.0,0,28,0.0011111111111111,1,0,0.8,0,35,1,1800,1,1,0,1,6,35,1.0,17,31,28,0,0.0011111111111111,1,0,0,0,0,10,0,0,0,0
fifa_world_cup,fifa_world_cup,team_appearances,penalty_shootout,bigint,2,1800,0,0.0,0,29,0.0011111111111111,1,0,0.8285714285714286,0,35,1,1800,1,1,0,1,6,35,1.0,17,32,29,0,0.0011111111111111,1,0,0,0,0,16,0,0,0,0
fifa_world_cup,fifa_world_cup,team_appearances,penalties_for,bigint,6,1800,0,0.0,0,30,0.0033333333333333,1,0,0.8571428571428571,0,35,1,1800,1,1,0,1,6,35,1.0,17,22,30,0,0.0033333333333333,1,0,0,0,0,13,0,0,0,0
fifa_world_cup,fifa_world_cup,team_appearances,penalties_against,bigint,6,1800,0,0.0,0,31,0.0033333333333333,1,0,0.8857142857142857,0,35,1,1800,1,1,0,1,6,35,1.0,17,23,31,0,0.0033333333333333,1,0,0,0,0,17,0,0,0,0
fifa_world_cup,fifa_world_cup,team_appearances,result,varchar,3,1800,0,0.0,0,32,0.0016666666666666,1,0,0.9142857142857144,0,35,1,1800,1,1,0,1,6,35,1.0,17,24,32,0,0.0016666666666666,1,0,0,0,0,6,0,0,0,0
fifa_world_cup,fifa_world_cup,team_appearances,win,bigint,2,1800,0,0.0,0,33,0.0011111111111111,1,0,0.9428571428571428,0,35,1,1800,1,1,0,1,6,35,1.0,17,33,33,0,0.0011111111111111,1,0,0,0,0,3,0,0,0,0
fifa_world_cup,fifa_world_cup,team_appearances,lose,bigint,2,1800,0,0.0,0,34,0.0011111111111111,1,0,0.9714285714285714,0,35,1,1800,1,1,0,1,6,35,1.0,17,34,34,0,0.0011111111111111,1,0,0,0,0,4,0,0,0,0
fifa_world_cup,fifa_world_cup,team_appearances,draw,bigint,2,1800,0,0.0,0,35,0.0011111111111111,1,0,1.0,0,35,1,1800,1,1,0,1,6,35,1.0,17,35,35,0,0.0011111111111111,1,0,0,0,0,4,0,0,0,0
fifa_world_cup,fifa_world_cup,teams,key_id,bigint,84,84,0,0.0,1,1,1.0,1,1,0.0909090909090909,1,11,3,84,2,1,0,7,3,11,1.0,1,1,1,1,1.0,6,1,1,0,0,6,1,0,0,0
fifa_world_cup,fifa_world_cup,teams,team_id,varchar,84,84,0,0.0,1,2,1.0,1,0,0.1818181818181818,0,11,3,84,2,1,0,7,3,11,1.0,1,2,2,0,1.0,6,1,0,0,1,7,0,0,0,0
fifa_world_cup,fifa_world_cup,teams,team_name,varchar,84,84,0,0.0,1,3,1.0,1,0,0.2727272727272727,0,11,3,84,2,1,0,7,3,11,1.0,1,3,3,0,1.0,6,0,0,0,0,9,0,0,0,0
fifa_world_cup,fifa_world_cup,teams,team_code,varchar,83,84,0,0.0,0,4,0.988095238095238,1,0,0.3636363636363636,0,11,3,84,3,1,0,7,3,11,1.0,1,4,4,0,0.988095238095238,6,0,0,0,0,9,0,0,0,0
fifa_world_cup,fifa_world_cup,teams,federation_name,varchar,83,84,0,0.0,0,5,0.988095238095238,1,0,0.4545454545454545,0,11,3,84,3,1,0,7,3,11,1.0,1,5,5,0,0.988095238095238,6,0,0,0,0,15,0,0,0,0
fifa_world_cup,fifa_world_cup,teams,region_name,varchar,11,84,0,0.0,0,6,0.1309523809523809,1,0,0.5454545454545454,0,11,3,84,3,1,0,7,3,11,1.0,1,8,6,0,0.1309523809523809,7,0,0,0,0,11,0,0,0,0
fifa_world_cup,fifa_world_cup,teams,confederation_id,varchar,6,84,0,0.0,0,7,0.0714285714285714,1,0,0.6363636363636364,0,11,3,84,3,1,0,7,3,11,1.0,1,9,7,0,0.0714285714285714,7,1,0,0,0,16,0,0,1,0
fifa_world_cup,fifa_world_cup,teams,confederation_name,varchar,6,84,0,0.0,0,8,0.0714285714285714,1,0,0.7272727272727273,0,11,3,84,3,1,0,7,3,11,1.0,1,10,8,0,0.0714285714285714,7,0,0,0,0,18,0,0,0,0
fifa_world_cup,fifa_world_cup,teams,confederation_code,varchar,6,84,0,0.0,0,9,0.0714285714285714,1,0,0.8181818181818182,0,11,3,84,3,1,0,7,3,11,1.0,1,11,9,0,0.0714285714285714,7,0,0,0,0,18,0,0,0,0
fifa_world_cup,fifa_world_cup,teams,team_wikipedia_link,varchar,83,84,0,0.0,0,10,0.988095238095238,1,0,0.9090909090909092,0,11,3,84,3,1,0,7,3,11,1.0,1,6,10,0,0.988095238095238,6,0,0,0,0,19,0,0,0,0
fifa_world_cup,fifa_world_cup,teams,federation_wikipedia_link,varchar,82,84,0,0.0,0,11,0.9761904761904762,1,0,1.0,0,11,3,84,3,1,0,7,3,11,1.0,1,7,11,0,0.9761904761904762,6,0,0,0,0,25,0,0,0,0
fifa_world_cup,fifa_world_cup,tournament_stages,key_id,bigint,107,107,0,0.0,1,1,1.0,1,1,0.0625,1,16,1,107,0,1,0,3,2,16,1.0,11,1,1,1,1.0,2,1,1,0,0,6,1,0,0,0
fifa_world_cup,fifa_world_cup,tournament_stages,tournament_id,varchar,21,107,0,0.0,0,2,0.1962616822429906,1,0,0.125,0,16,1,107,1,1,0,3,2,16,1.0,11,4,2,0,0.1962616822429906,3,1,0,0,0,13,0,0,1,0
fifa_world_cup,fifa_world_cup,tournament_stages,tournament_name,varchar,21,107,0,0.0,0,3,0.1962616822429906,1,0,0.1875,0,16,1,107,1,1,0,3,2,16,1.0,11,5,3,0,0.1962616822429906,3,0,0,0,0,15,0,0,0,0
fifa_world_cup,fifa_world_cup,tournament_stages,stage_number,bigint,6,107,0,0.0,0,4,0.0560747663551401,1,0,0.25,0,16,1,107,1,1,0,3,2,16,1.0,11,10,4,0,0.0560747663551401,3,0,0,0,0,12,0,0,0,0
fifa_world_cup,fifa_world_cup,tournament_stages,stage_name,varchar,8,107,0,0.0,0,5,0.0747663551401869,1,0,0.3125,0,16,1,107,1,1,0,3,2,16,1.0,11,8,5,0,0.0747663551401869,3,0,0,0,0,10,0,0,0,0
fifa_world_cup,fifa_world_cup,tournament_stages,group_stage,bigint,2,107,0,0.0,0,6,0.0186915887850467,1,0,0.375,0,16,1,107,1,1,0,3,2,16,1.0,11,13,6,0,0.0186915887850467,3,0,0,0,0,11,0,0,0,0
fifa_world_cup,fifa_world_cup,tournament_stages,knockout_stage,bigint,2,107,0,0.0,0,7,0.0186915887850467,1,0,0.4375,0,16,1,107,1,1,0,3,2,16,1.0,11,14,7,0,0.0186915887850467,3,0,0,0,0,14,0,0,0,0
fifa_world_cup,fifa_world_cup,tournament_stages,unbalanced_groups,bigint,2,107,0,0.0,0,8,0.0186915887850467,1,0,0.5,0,16,1,107,1,1,0,3,2,16,1.0,11,15,8,0,0.0186915887850467,3,0,0,0,0,17,0,0,0,0
fifa_world_cup,fifa_world_cup,tournament_stages,start_date,date,106,107,0,0.0,0,9,0.9906542056074766,1,0,0.5625,0,16,1,107,1,1,0,3,2,16,1.0,11,2,9,0,0.9906542056074766,2,0,0,0,0,10,0,0,0,0
fifa_world_cup,fifa_world_cup,tournament_stages,end_date,date,106,107,0,0.0,0,10,0.9906542056074766,1,0,0.625,0,16,1,107,1,1,0,3,2,16,1.0,11,3,10,0,0.9906542056074766,2,0,0,0,0,8,0,0,0,0
fifa_world_cup,fifa_world_cup,tournament_stages,count_matches,bigint,15,107,0,0.0,0,11,0.1401869158878504,1,0,0.6875,0,16,1,107,1,1,0,3,2,16,1.0,11,6,11,0,0.1401869158878504,3,0,0,0,0,13,0,0,0,0
fifa_world_cup,fifa_world_cup,tournament_stages,count_teams,bigint,8,107,0,0.0,0,12,0.0747663551401869,1,0,0.75,0,16,1,107,1,1,0,3,2,16,1.0,11,9,12,0,0.0747663551401869,3,0,0,0,0,11,0,0,0,0
fifa_world_cup,fifa_world_cup,tournament_stages,count_scheduled,bigint,11,107,0,0.0,0,13,0.102803738317757,1,0,0.8125,0,16,1,107,1,1,0,3,2,16,1.0,11,7,13,0,0.102803738317757,3,0,0,0,0,15,0,0,0,0
fifa_world_cup,fifa_world_cup,tournament_stages,count_replays,bigint,3,107,0,0.0,0,14,0.02803738317757,1,0,0.875,0,16,1,107,1,1,0,3,2,16,1.0,11,11,14,0,0.02803738317757,3,0,0,0,0,13,0,0,0,0
fifa_world_cup,fifa_world_cup,tournament_stages,count_playoffs,bigint,3,107,0,0.0,0,15,0.02803738317757,1,0,0.9375,0,16,1,107,1,1,0,3,2,16,1.0,11,12,15,0,0.02803738317757,3,0,0,0,0,14,0,0,0,0
fifa_world_cup,fifa_world_cup,tournament_stages,count_walkovers,bigint,2,107,0,0.0,0,16,0.0186915887850467,1,0,1.0,0,16,1,107,1,1,0,3,2,16,1.0,11,16,16,0,0.0186915887850467,3,0,0,0,0,15,0,0,0,0
fifa_world_cup,fifa_world_cup,tournament_standings,key_id,bigint,84,84,0,0.0,1,1,1.0,1,1,0.1428571428571428,1,7,1,84,0,1,0,1,3,7,1.0,2,1,1,1,1.0,0,1,1,0,0,6,1,0,0,0
fifa_world_cup,fifa_world_cup,tournament_standings,tournament_id,varchar,21,84,0,0.0,0,2,0.25,1,0,0.2857142857142857,0,7,1,84,1,1,0,1,3,7,1.0,2,5,2,0,0.25,1,1,0,0,0,13,0,0,1,0
fifa_world_cup,fifa_world_cup,tournament_standings,tournament_name,varchar,21,84,0,0.0,0,3,0.25,1,0,0.4285714285714285,0,7,1,84,1,1,0,1,3,7,1.0,2,6,3,0,0.25,1,0,0,0,0,15,0,0,0,0
fifa_world_cup,fifa_world_cup,tournament_standings,position,bigint,4,84,0,0.0,0,4,0.0476190476190476,1,0,0.5714285714285714,0,7,1,84,1,1,0,1,3,7,1.0,2,7,4,0,0.0476190476190476,1,0,0,0,0,8,0,0,0,0
fifa_world_cup,fifa_world_cup,tournament_standings,team_id,varchar,25,84,0,0.0,0,5,0.2976190476190476,1,0,0.7142857142857143,0,7,1,84,1,1,0,1,3,7,1.0,2,2,5,0,0.2976190476190476,1,1,0,0,0,7,0,0,1,0
fifa_world_cup,fifa_world_cup,tournament_standings,team_name,varchar,25,84,0,0.0,0,6,0.2976190476190476,1,0,0.8571428571428571,0,7,1,84,1,1,0,1,3,7,1.0,2,3,6,0,0.2976190476190476,1,0,0,0,0,9,0,0,0,0
fifa_world_cup,fifa_world_cup,tournament_standings,team_code,varchar,24,84,0,0.0,0,7,0.2857142857142857,1,0,1.0,0,7,1,84,1,1,0,1,3,7,1.0,2,4,7,0,0.2857142857142857,1,0,0,0,0,9,0,0,0,0
fifa_world_cup,fifa_world_cup,tournaments,key_id,bigint,21,21,0,0.0,1,1,1.0,1,1,0.0555555555555555,1,18,6,21,5,1,0,6,2,18,1.0,12,1,1,1,1.0,5,1,1,0,0,6,1,0,0,0
fifa_world_cup,fifa_world_cup,tournaments,tournament_id,varchar,21,21,0,0.0,1,2,1.0,1,0,0.1111111111111111,0,18,6,21,5,1,0,6,2,18,1.0,12,2,2,0,1.0,5,1,0,0,1,13,0,0,0,0
fifa_world_cup,fifa_world_cup,tournaments,tournament_name,varchar,21,21,0,0.0,1,3,1.0,1,0,0.1666666666666666,0,18,6,21,5,1,0,6,2,18,1.0,12,3,3,0,1.0,5,0,0,0,0,15,0,0,0,0
fifa_world_cup,fifa_world_cup,tournaments,year,bigint,21,21,0,0.0,1,4,1.0,1,0,0.2222222222222222,0,18,6,21,5,1,0,6,2,18,1.0,12,4,4,0,1.0,5,0,0,0,0,4,0,0,0,0
fifa_world_cup,fifa_world_cup,tournaments,start_date,date,21,21,0,0.0,1,5,1.0,1,0,0.2777777777777778,0,18,6,21,5,1,0,6,2,18,1.0,12,5,5,0,1.0,5,0,0,0,0,10,0,0,0,0
fifa_world_cup,fifa_world_cup,tournaments,end_date,date,21,21,0,0.0,1,6,1.0,1,0,0.3333333333333333,0,18,6,21,5,1,0,6,2,18,1.0,12,6,6,0,1.0,5,0,0,0,0,8,0,0,0,0
fifa_world_cup,fifa_world_cup,tournaments,host_country,varchar,17,21,0,0.0,0,7,0.8095238095238095,1,0,0.3888888888888889,0,18,6,21,6,1,0,6,2,18,1.0,12,7,7,0,0.8095238095238095,6,0,0,0,0,12,0,0,0,0
fifa_world_cup,fifa_world_cup,tournaments,winner,varchar,9,21,0,0.0,0,8,0.4285714285714285,1,0,0.4444444444444444,0,18,6,21,6,1,0,6,2,18,1.0,12,8,8,0,0.4285714285714285,6,0,0,0,0,6,0,0,0,0
fifa_world_cup,fifa_world_cup,tournaments,host_won,bigint,2,21,0,0.0,0,9,0.0952380952380952,1,0,0.5,0,18,6,21,6,1,0,6,2,18,1.0,12,10,9,0,0.0952380952380952,6,0,0,0,0,8,0,0,0,0
fifa_world_cup,fifa_world_cup,tournaments,count_teams,bigint,5,21,0,0.0,0,10,0.238095238095238,1,0,0.5555555555555556,0,18,6,21,6,1,0,6,2,18,1.0,12,9,10,0,0.238095238095238,6,0,0,0,0,11,0,0,0,0
fifa_world_cup,fifa_world_cup,tournaments,group_stage,bigint,2,21,0,0.0,0,11,0.0952380952380952,1,0,0.6111111111111112,0,18,6,21,6,1,0,6,2,18,1.0,12,11,11,0,0.0952380952380952,6,0,0,0,0,11,0,0,0,0
fifa_world_cup,fifa_world_cup,tournaments,second_group_stage,bigint,2,21,0,0.0,0,12,0.0952380952380952,1,0,0.6666666666666666,0,18,6,21,6,1,0,6,2,18,1.0,12,12,12,0,0.0952380952380952,6,0,0,0,0,18,0,0,0,0
fifa_world_cup,fifa_world_cup,tournaments,final_round,bigint,2,21,0,0.0,0,13,0.0952380952380952,1,0,0.7222222222222222,0,18,6,21,6,1,0,6,2,18,1.0,12,13,13,0,0.0952380952380952,6,0,0,0,0,11,0,0,0,0
fifa_world_cup,fifa_world_cup,tournaments,round_of_16,bigint,2,21,0,0.0,0,14,0.0952380952380952,1,0,0.7777777777777778,0,18,6,21,6,1,0,6,2,18,1.0,12,14,14,0,0.0952380952380952,6,0,0,0,0,11,0,0,0,0
fifa_world_cup,fifa_world_cup,tournaments,quarter_finals,bigint,2,21,0,0.0,0,15,0.0952380952380952,1,0,0.8333333333333334,0,18,6,21,6,1,0,6,2,18,1.0,12,15,15,0,0.0952380952380952,6,0,0,0,0,14,0,0,0,0
fifa_world_cup,fifa_world_cup,tournaments,semi_finals,bigint,2,21,0,0.0,0,16,0.0952380952380952,1,0,0.8888888888888888,0,18,6,21,6,1,0,6,2,18,1.0,12,16,16,0,0.0952380952380952,6,0,0,0,0,11,0,0,0,0
fifa_world_cup,fifa_world_cup,tournaments,third_place_match,bigint,2,21,0,0.0,0,17,0.0952380952380952,1,0,0.9444444444444444,0,18,6,21,6,1,0,6,2,18,1.0,12,17,17,0,0.0952380952380952,6,0,0,0,0,17,0,0,0,0
fifa_world_cup,fifa_world_cup,tournaments,final,bigint,2,21,0,0.0,0,18,0.0952380952380952,1,0,1.0,0,18,6,21,6,1,0,6,2,18,1.0,12,18,18,0,0.0952380952380952,6,0,0,0,0,5,0,0,0,0
healthcare_db,medical_records,patients,patient_id,bigint,1256,1256,0,0.0,1,1,1.0,1,1,0.125,1,8,1,1256,0,1,0,1,1,5,1.0,1,1,1,1,1.0,0,1,0,1,1,10,1,0,0,0
healthcare_db,medical_records,patients,first_name,varchar,1085,1256,0,0.0,0,2,0.8638535031847133,1,0,0.25,0,8,1,1256,1,1,0,1,1,5,1.0,1,3,1,1,0.8638535031847133,1,0,0,0,0,10,0,0,0,0
healthcare_db,medical_records,patients,last_name,varchar,1190,1256,0,0.0,0,3,0.947452229299363,1,0,0.375,0,8,1,1256,1,1,0,1,1,5,1.0,1,2,1,1,0.947452229299363,1,0,0,0,0,9,0,0,0,0
healthcare_db,medical_records,patients,date_of_birth,date,796,1256,0,0.0,0,4,0.6337579617834395,1,0,0.5,0,8,1,1256,1,1,0,1,1,5,1.0,1,5,1,1,0.6337579617834395,1,0,0,0,0,13,0,0,0,0
healthcare_db,medical_records,patients,gender,varchar,5,1256,0,0.0,0,5,0.0039808917197452,1,0,0.625,0,8,1,1256,1,1,0,1,1,5,1.0,1,7,1,1,0.0039808917197452,1,0,0,0,0,6,0,0,0,0
healthcare_db,medical_records,patients,blood_type,varchar,2,1256,16,0.0127388535031847,0,6,0.001592356687898,0,0,0.75,0,8,1,1256,1,1,0,1,1,5,1.0,1,8,6,0,0.001592356687898,1,0,0,0,0,10,0,0,0,0
healthcare_db,medical_records,patients,phone,varchar,860,1256,82,0.0652866242038216,0,7,0.6847133757961783,0,0,0.875,0,8,1,1256,1,1,0,1,1,5,1.0,1,4,8,0,0.6847133757961783,1,0,0,0,0,5,0,0,0,0
healthcare_db,medical_records,patients,email,varchar,766,1256,40,0.0318471337579617,0,8,0.6098726114649682,0,0,1.0,0,8,1,1256,1,1,0,1,1,5,1.0,1,6,7,0,0.6098726114649682,1,0,0,0,0,5,0,0,0,0
healthcare_db,medical_records,departments,department_code,varchar,8,8,0,0.0,1,1,1.0,1,1,0.2,1,5,1,8,0,1,0,1,0,5,1.0,2,1,1,1,1.0,0,0,0,1,0,15,1,0,0,0
healthcare_db,medical_records,departments,name,varchar,6,8,0,0.0,0,2,0.75,1,0,0.4,0,5,1,8,1,1,0,1,0,5,1.0,2,2,1,1,0.75,1,0,0,0,0,4,0,0,0,0
healthcare_db,medical_records,departments,floor,integer,6,8,0,0.0,0,3,0.75,1,0,0.6,0,5,1,8,1,1,0,1,0,5,1.0,2,2,1,1,0.75,1,0,0,0,0,5,0,0,0,0
healthcare_db,medical_records,departments,building,varchar,5,8,0,0.0,0,4,0.625,1,0,0.8,0,5,1,8,1,1,0,1,0,5,1.0,2,4,1,1,0.625,1,0,0,0,0,8,0,0,0,0
healthcare_db,medical_records,departments,phone_ext,integer,2,8,0,0.0,0,5,0.25,1,0,1.0,0,5,1,8,1,1,0,1,0,5,1.0,2,5,1,1,0.25,1,0,0,0,0,9,0,0,0,0
healthcare_db,medical_records,doctors,doctor_id,bigint,120,120,0,0.0,1,1,1.0,1,1,0.1428571428571428,1,7,1,120,0,1,0,1,1,7,1.0,2,1,1,1,1.0,0,1,0,1,1,9,1,0,0,0
healthcare_db,medical_records,doctors,first_name,varchar,104,120,0,0.0,0,2,0.8666666666666667,1,0,0.2857142857142857,0,7,1,120,1,1,0,1,1,7,1.0,2,3,1,1,0.8666666666666667,1,0,0,0,0,10,0,0,0,0
healthcare_db,medical_records,doctors,last_name,varchar,87,120,0,0.0,0,3,0.725,1,0,0.4285714285714285,0,7,1,120,1,1,0,1,1,7,1.0,2,4,1,1,0.725,1,0,0,0,0,9,0,0,0,0
healthcare_db,medical_records,doctors,specialty,varchar,3,120,0,0.0,0,4,0.025,1,0,0.5714285714285714,0,7,1,120,1,1,0,1,1,7,1.0,2,7,1,1,0.025,1,0,0,0,0,9,0,0,0,0
healthcare_db,medical_records,doctors,department_code,varchar,8,120,0,0.0,0,5,0.0666666666666666,1,0,0.7142857142857143,0,7,1,120,1,1,0,1,1,7,1.0,2,6,1,1,0.0666666666666666,1,0,0,0,0,15,0,0,1,0
healthcare_db,medical_records,doctors,license_number,varchar,107,120,0,0.0,0,6,0.8916666666666667,1,0,0.8571428571428571,0,7,1,120,1,1,0,1,1,7,1.0,2,2,1,1,0.8916666666666667,1,0,0,0,0,14,0,0,0,0
healthcare_db,medical_records,doctors,years_experience,integer,9,120,0,0.0,0,7,0.075,1,0,1.0,0,7,1,120,1,1,0,1,1,7,1.0,2,5,1,1,0.075,1,0,0,0,0,16,0,0,0,0
healthcare_db,medical_records,appointments,appointment_id,bigint,4006,4006,0,0.0,1,1,1.0,1,1,0.1428571428571428,1,7,1,4006,0,1,0,1,1,5,1.0,4,1,1,1,1.0,0,1,0,1,1,14,1,0,0,0
healthcare_db,medical_records,appointments,patient_ref,bigint,1256,4006,0,0.0,0,2,0.3135297054418372,1,0,0.2857142857142857,0,7,1,4006,1,1,0,1,1,5,1.0,4,4,1,1,0.3135297054418372,1,0,0,0,0,11,0,0,1,0
healthcare_db,medical_records,appointments,doctor_ref,bigint,120,4006,0,0.0,0,3,0.0299550673989016,1,0,0.4285714285714285,0,7,1,4006,1,1,0,1,1,5,1.0,4,6,1,1,0.0299550673989016,1,0,0,0,0,10,0,0,1,0
healthcare_db,medical_records,appointments,scheduled_at,date,3543,4006,0,0.0,0,4,0.8844233649525711,1,0,0.5714285714285714,0,7,1,4006,1,1,0,1,1,5,1.0,4,3,1,1,0.8844233649525711,1,0,0,0,0,12,0,0,0,0
healthcare_db,medical_records,appointments,status,varchar,6,4006,0,0.0,0,5,0.001497753369945,1,0,0.7142857142857143,0,7,1,4006,1,1,0,1,1,5,1.0,4,7,1,1,0.001497753369945,1,0,0,0,0,6,0,0,0,0
healthcare_db,medical_records,appointments,room_number,integer,325,4006,446,0.1113330004992511,0,6,0.0811283075386919,0,0,0.8571428571428571,0,7,1,4006,1,1,0,1,1,5,1.0,4,5,7,0,0.0811283075386919,1,0,0,0,0,11,0,0,0,0
healthcare_db,medical_records,appointments,notes,varchar,3699,4006,312,0.0778831752371442,0,7,0.9233649525711431,0,0,1.0,0,7,1,4006,1,1,0,1,1,5,1.0,4,2,6,0,0.9233649525711431,1,0,0,0,0,5,0,0,0,0
healthcare_db,medical_records,diagnoses,diagnosis_id,bigint,3328,3328,0,0.0,1,1,1.0,1,1,0.2,1,5,1,3328,0,1,0,1,1,4,1.0,2,1,1,1,1.0,0,1,0,0,0,12,1,0,0,0
healthcare_db,medical_records,diagnoses,appointment_ref,bigint,2954,3328,0,0.0,0,2,0.8876201923076923,1,0,0.4,0,5,1,3328,1,1,0,1,1,4,1.0,2,2,1,1,0.8876201923076923,1,0,0,0,0,15,0,0,1,0
healthcare_db,medical_records,diagnoses,icd_code,varchar,752,3328,0,0.0,0,3,0.2259615384615384,1,0,0.6,0,5,1,3328,1,1,0,1,1,4,1.0,2,4,1,1,0.2259615384615384,1,0,0,0,0,8,0,0,0,0
healthcare_db,medical_records,diagnoses,description,varchar,2056,3328,116,0.0348557692307692,0,4,0.6177884615384616,0,0,0.8,0,5,1,3328,1,1,0,1,1,4,1.0,2,3,5,0,0.6177884615384616,1,0,0,0,0,11,0,0,0,0
healthcare_db,medical_records,diagnoses,severity,varchar,4,3328,0,0.0,0,5,0.001201923076923,1,0,1.0,0,5,1,3328,1,1,0,1,1,4,1.0,2,5,1,1,0.001201923076923,1,0,0,0,0,8,0,0,0,0
healthcare_db,medical_records,medications,medication_id,bigint,171,171,0,0.0,1,1,1.0,1,1,0.2,1,5,1,171,0,1,0,2,1,5,1.0,1,1,1,1,1.0,1,1,0,1,1,13,1,0,0,0
healthcare_db,medical_records,medications,name,varchar,168,171,0,0.0,0,2,0.9824561403508772,1,0,0.4,0,5,1,171,1,1,0,2,1,5,1.0,1,2,1,1,0.9824561403508772,1,0,0,0,0,4,0,0,0,0
healthcare_db,medical_records,medications,category,varchar,8,171,0,0.0,0,3,0.0467836257309941,1,0,0.6,0,5,1,171,1,1,0,2,1,5,1.0,1,3,1,1,0.0467836257309941,2,0,0,0,0,8,0,0,0,0
healthcare_db,medical_records,medications,dosage_form,varchar,3,171,0,0.0,0,4,0.0175438596491228,1,0,0.8,0,5,1,171,1,1,0,2,1,5,1.0,1,5,1,1,0.0175438596491228,2,0,0,0,0,11,0,0,0,0
healthcare_db,medical_records,medications,requires_rx,boolean,8,171,0,0.0,0,5,0.0467836257309941,1,0,1.0,0,5,1,171,1,1,0,2,1,5,1.0,1,3,1,1,0.0467836257309941,2,0,0,0,0,11,0,0,0,0
healthcare_db,medical_records,prescriptions,prescription_id,bigint,1419,1419,0,0.0,1,1,1.0,1,1,0.1666666666666666,1,6,1,1419,0,1,0,1,2,6,1.0,4,1,1,1,1.0,0,1,0,1,1,15,1,0,0,0
healthcare_db,medical_records,prescriptions,diagnosis_ref,bigint,773,1419,0,0.0,0,2,0.5447498238195913,1,0,0.3333333333333333,0,6,1,1419,1,1,0,1,2,6,1.0,4,2,1,1,0.5447498238195913,1,0,0,0,0,13,0,0,1,0
healthcare_db,medical_records,prescriptions,medication_id,bigint,171,1419,0,0.0,0,3,0.120507399577167,1,0,0.5,0,6,1,1419,1,1,0,1,2,6,1.0,4,4,1,1,0.120507399577167,1,1,0,0,0,13,0,0,1,0
healthcare_db,medical_records,prescriptions,dosage,varchar,3,1419,0,0.0,0,4,0.0021141649048625,1,0,0.6666666666666666,0,6,1,1419,1,1,0,1,2,6,1.0,4,6,1,1,0.0021141649048625,1,0,0,0,0,6,0,0,0,0
healthcare_db,medical_records,prescriptions,frequency,varchar,4,1419,0,0.0,0,5,0.0028188865398167,1,0,0.8333333333333334,0,6,1,1419,1,1,0,1,2,6,1.0,4,5,1,1,0.0028188865398167,1,0,0,0,0,9,0,0,0,0
healthcare_db,medical_records,prescriptions,duration_days,integer,196,1419,0,0.0,0,6,0.1381254404510218,1,0,1.0,0,6,1,1419,1,1,0,1,2,6,1.0,4,3,1,1,0.1381254404510218,1,0,0,0,0,13,0,0,0,0
retail_dw,sales_warehouse,dim_customer,customer_key,bigint,16498,16498,0,0.0,1,1,1.0,1,1,0.1666666666666666,1,6,1,16498,0,1,0,1,0,5,1.0,2,1,1,1,1.0,0,0,1,0,0,12,1,0,0,0
retail_dw,sales_warehouse,dim_customer,customer_name,varchar,14590,16498,0,0.0,0,2,0.8843496181355316,1,0,0.3333333333333333,0,6,1,16498,1,1,0,1,0,5,1.0,2,2,1,1,0.8843496181355316,1,0,0,0,0,13,0,0,0,0
retail_dw,sales_warehouse,dim_customer,email,varchar,10950,16498,853,0.0517032367559704,0,3,0.6637168141592921,0,0,0.5,0,6,1,16498,1,1,0,1,0,5,1.0,2,3,6,0,0.6637168141592921,1,0,0,0,0,5,0,0,0,0
retail_dw,sales_warehouse,dim_customer,region,varchar,7,16498,0,0.0,0,4,0.0004242938538004,1,0,0.6666666666666666,0,6,1,16498,1,1,0,1,0,5,1.0,2,4,1,1,0.0004242938538004,1,0,0,0,0,6,0,0,0,0
retail_dw,sales_warehouse,dim_customer,segment,varchar,7,16498,0,0.0,0,5,0.0004242938538004,1,0,0.8333333333333334,0,6,1,16498,1,1,0,1,0,5,1.0,2,4,1,1,0.0004242938538004,1,0,0,0,0,7,0,0,0,0
retail_dw,sales_warehouse,dim_customer,since_year,integer,6,16498,0,0.0,0,6,0.0003636804461146,1,0,1.0,0,6,1,16498,1,1,0,1,0,5,1.0,2,6,1,1,0.0003636804461146,1,0,0,0,0,10,0,0,0,0
retail_dw,sales_warehouse,dim_product,product_key,bigint,1899,1899,0,0.0,1,1,1.0,1,1,0.1666666666666666,1,6,1,1899,0,1,0,1,0,6,1.0,1,1,1,1,1.0,0,0,1,0,0,11,1,0,0,0
retail_dw,sales_warehouse,dim_product,product_name,varchar,1763,1899,0,0.0,0,2,0.9283833596629804,1,0,0.3333333333333333,0,6,1,1899,1,1,0,1,0,6,1.0,1,2,1,1,0.9283833596629804,1,0,0,0,0,12,0,0,0,0
retail_dw,sales_warehouse,dim_product,category,varchar,8,1899,0,0.0,0,3,0.0042127435492364,1,0,0.5,0,6,1,1899,1,1,0,1,0,6,1.0,1,5,1,1,0.0042127435492364,1,0,0,0,0,8,0,0,0,0
retail_dw,sales_warehouse,dim_product,subcategory,varchar,121,1899,0,0.0,0,4,0.0637177461822011,1,0,0.6666666666666666,0,6,1,1899,1,1,0,1,0,6,1.0,1,4,1,1,0.0637177461822011,1,0,0,0,0,11,0,0,0,0
retail_dw,sales_warehouse,dim_product,unit_price,decimal,485,1899,0,0.0,0,5,0.2553975776724592,1,0,0.8333333333333334,0,6,1,1899,1,1,0,1,0,6,1.0,1,3,1,1,0.2553975776724592,1,0,0,0,0,10,0,0,0,0
retail_dw,sales_warehouse,dim_product,is_active,boolean,8,1899,0,0.0,0,6,0.0042127435492364,1,0,1.0,0,6,1,1899,1,1,0,1,0,6,1.0,1,5,1,1,0.0042127435492364,1,0,0,0,0,9,0,0,0,0
retail_dw,sales_warehouse,dim_date,date_key,bigint,3019,3019,0,0.0,1,1,1.0,1,1,0.1428571428571428,1,7,1,3019,0,1,0,1,0,7,1.0,5,1,1,1,1.0,0,0,1,0,0,8,1,0,0,0
retail_dw,sales_warehouse,dim_date,full_date,date,2182,3019,0,0.0,0,2,0.722755879430275,1,0,0.2857142857142857,0,7,1,3019,1,1,0,1,0,7,1.0,5,2,1,1,0.722755879430275,1,0,0,0,0,9,0,0,0,0
retail_dw,sales_warehouse,dim_date,year,integer,4,3019,0,0.0,0,3,0.001324942033786,1,0,0.4285714285714285,0,7,1,3019,1,1,0,1,0,7,1.0,5,6,1,1,0.001324942033786,1,0,0,0,0,4,0,0,0,0
retail_dw,sales_warehouse,dim_date,quarter,integer,6,3019,0,0.0,0,4,0.001987413050679,1,0,0.5714285714285714,0,7,1,3019,1,1,0,1,0,7,1.0,5,5,1,1,0.001987413050679,1,0,0,0,0,7,0,0,0,0
retail_dw,sales_warehouse,dim_date,month,integer,7,3019,0,0.0,0,5,0.0023186485591255,1,0,0.7142857142857143,0,7,1,3019,1,1,0,1,0,7,1.0,5,3,1,1,0.0023186485591255,1,0,0,0,0,5,0,0,0,0
retail_dw,sales_warehouse,dim_date,day_of_week,integer,7,3019,0,0.0,0,6,0.0023186485591255,1,0,0.8571428571428571,0,7,1,3019,1,1,0,1,0,7,1.0,5,3,1,1,0.0023186485591255,1,0,0,0,0,11,0,0,0,0
retail_dw,sales_warehouse,dim_date,is_weekend,boolean,4,3019,0,0.0,0,7,0.001324942033786,1,0,1.0,0,7,1,3019,1,1,0,1,0,7,1.0,5,6,1,1,0.001324942033786,1,0,0,0,0,10,0,0,0,0
retail_dw,sales_warehouse,dim_store,store_key,bigint,68,68,0,0.0,1,1,1.0,1,1,0.1666666666666666,1,6,1,68,0,1,0,1,0,5,1.0,2,1,1,1,1.0,0,0,1,0,0,9,1,0,0,0
retail_dw,sales_warehouse,dim_store,store_name,varchar,44,68,0,0.0,0,2,0.6470588235294118,1,0,0.3333333333333333,0,6,1,68,1,1,0,1,0,5,1.0,2,2,1,1,0.6470588235294118,1,0,0,0,0,10,0,0,0,0
retail_dw,sales_warehouse,dim_store,city,varchar,16,68,0,0.0,0,3,0.2352941176470588,1,0,0.5,0,6,1,68,1,1,0,1,0,5,1.0,2,3,1,1,0.2352941176470588,1,0,0,0,0,4,0,0,0,0
retail_dw,sales_warehouse,dim_store,country,varchar,6,68,0,0.0,0,4,0.088235294117647,1,0,0.6666666666666666,0,6,1,68,1,1,0,1,0,5,1.0,2,5,1,1,0.088235294117647,1,0,0,0,0,7,0,0,0,0
retail_dw,sales_warehouse,dim_store,region,varchar,4,68,0,0.0,0,5,0.0588235294117647,1,0,0.8333333333333334,0,6,1,68,1,1,0,1,0,5,1.0,2,6,1,1,0.0588235294117647,1,0,0,0,0,6,0,0,0,0
retail_dw,sales_warehouse,dim_store,sqm,integer,16,68,3,0.0441176470588235,0,6,0.2352941176470588,0,0,1.0,0,6,1,68,1,1,0,1,0,5,1.0,2,3,6,0,0.2352941176470588,1,0,0,0,0,3,0,0,0,0
retail_dw,sales_warehouse,fact_sales,sale_id,bigint,94862,94862,0,0.0,1,1,1.0,1,1,0.1111111111111111,1,9,1,94862,0,1,0,1,1,8,1.0,6,1,1,1,1.0,0,1,0,0,0,7,1,0,0,0
retail_dw,sales_warehouse,fact_sales,customer_key,bigint,16498,94862,0,0.0,0,2,0.1739157934684067,1,0,0.2222222222222222,0,9,1,94862,1,1,0,1,1,8,1.0,6,3,1,1,0.1739157934684067,1,0,1,0,0,12,0,0,1,0
retail_dw,sales_warehouse,fact_sales,product_key,bigint,1899,94862,0,0.0,0,3,0.0200185532668507,1,0,0.3333333333333333,0,9,1,94862,1,1,0,1,1,8,1.0,6,6,1,1,0.0200185532668507,1,0,1,0,0,11,0,0,1,0
retail_dw,sales_warehouse,fact_sales,date_key,bigint,3019,94862,0,0.0,0,4,0.0318251776264468,1,0,0.4444444444444444,0,9,1,94862,1,1,0,1,1,8,1.0,6,5,1,1,0.0318251776264468,1,0,1,0,0,8,0,0,1,0
retail_dw,sales_warehouse,fact_sales,store_key,bigint,68,94862,0,0.0,0,5,0.0007168307646897,1,0,0.5555555555555556,0,9,1,94862,1,1,0,1,1,8,1.0,6,7,1,1,0.0007168307646897,1,0,1,0,0,9,0,0,1,0
retail_dw,sales_warehouse,fact_sales,quantity,integer,8,94862,0,0.0,0,6,8.433303113997175e-05,1,0,0.6666666666666666,0,9,1,94862,1,1,0,1,1,8,1.0,6,8,1,1,8.433303113997175e-05,1,0,0,0,0,8,0,0,0,0
retail_dw,sales_warehouse,fact_sales,unit_price,decimal,18887,94862,0,0.0,0,7,0.1990997448925808,1,0,0.7777777777777778,0,9,1,94862,1,1,0,1,1,8,1.0,6,2,1,1,0.1990997448925808,1,0,0,0,0,10,0,0,0,0
retail_dw,sales_warehouse,fact_sales,total_amount,decimal,13868,94862,0,0.0,0,8,0.146191309481141,1,0,0.8888888888888888,0,9,1,94862,1,1,0,1,1,8,1.0,6,4,1,1,0.146191309481141,1,0,0,0,0,12,0,0,0,0
retail_dw,sales_warehouse,fact_sales,discount,decimal,6,94862,11342,0.1195631548986949,0,9,6.324977335497881e-05,0,0,1.0,0,9,1,94862,1,1,0,1,1,8,1.0,6,9,9,0,6.324977335497881e-05,1,0,0,0,0,8,0,0,0,0
retail_dw,sales_warehouse,fact_returns,return_id,bigint,3187,3187,0,0.0,1,1,1.0,1,1,0.1666666666666666,1,6,1,3187,0,1,0,1,2,6,1.0,4,1,1,1,1.0,0,1,0,0,0,9,1,0,0,0
retail_dw,sales_warehouse,fact_returns,sale_id,bigint,2352,3187,0,0.0,0,2,0.7379981173517415,1,0,0.3333333333333333,0,6,1,3187,1,1,0,1,2,6,1.0,4,3,1,1,0.7379981173517415,1,1,0,0,0,7,0,0,1,0
retail_dw,sales_warehouse,fact_returns,product_key,bigint,1899,3187,0,0.0,0,3,0.5958581738311892,1,0,0.5,0,6,1,3187,1,1,0,1,2,6,1.0,4,4,1,1,0.5958581738311892,1,0,1,0,0,11,0,0,1,0
retail_dw,sales_warehouse,fact_returns,date_key,bigint,2571,3187,0,0.0,0,4,0.8067147787888296,1,0,0.6666666666666666,0,6,1,3187,1,1,0,1,2,6,1.0,4,2,1,1,0.8067147787888296,1,0,1,0,0,8,0,0,1,0
retail_dw,sales_warehouse,fact_returns,reason,varchar,8,3187,0,0.0,0,5,0.0025101976780671,1,0,0.8333333333333334,0,6,1,3187,1,1,0,1,2,6,1.0,4,6,1,1,0.0025101976780671,1,0,0,0,0,6,0,0,0,0
retail_dw,sales_warehouse,fact_returns,refund_amount,decimal,670,3187,0,0.0,0,6,0.2102290555381236,1,0,1.0,0,6,1,3187,1,1,0,1,2,6,1.0,4,5,1,1,0.2102290555381236,1,0,0,0,0,13,0,0,0,0
university_db,academic,student,id,bigint,1456,1456,0,0.0,1,1,1.0,1,1,0.1666666666666666,1,6,1,1456,0,1,0,2,0,5,1.0,2,1,1,1,1.0,1,0,0,0,0,2,1,0,0,0
university_db,academic,student,name,varchar,1415,1456,0,0.0,0,2,0.9718406593406592,1,0,0.3333333333333333,0,6,1,1456,1,1,0,2,0,5,1.0,2,2,1,1,0.9718406593406592,1,0,0,0,0,4,0,0,0,0
university_db,academic,student,email,varchar,1370,1456,0,0.0,0,3,0.940934065934066,1,0,0.5,0,6,1,1456,1,1,0,2,0,5,1.0,2,3,1,1,0.940934065934066,2,0,0,0,0,5,0,0,0,0
university_db,academic,student,enrollment_year,integer,4,1456,0,0.0,0,4,0.0027472527472527,1,0,0.6666666666666666,0,6,1,1456,1,1,0,2,0,5,1.0,2,6,1,1,0.0027472527472527,2,0,0,0,0,15,0,0,0,0
university_db,academic,student,major,varchar,6,1456,0,0.0,0,5,0.0041208791208791,1,0,0.8333333333333334,0,6,1,1456,1,1,0,2,0,5,1.0,2,5,1,1,0.0041208791208791,2,0,0,0,0,5,0,0,0,0
university_db,academic,student,gpa,decimal,404,1456,153,0.1050824175824175,0,6,0.2774725274725275,0,0,1.0,0,6,1,1456,1,1,0,2,0,5,1.0,2,4,6,0,0.2774725274725275,2,0,0,0,0,3,0,0,0,0
university_db,academic,faculty,id,bigint,125,125,0,0.0,1,1,1.0,1,1,0.2,1,5,1,125,0,1,0,1,0,5,1.0,1,1,1,1,1.0,0,0,0,0,0,2,1,0,0,0
university_db,academic,faculty,name,varchar,89,125,0,0.0,0,2,0.712,1,0,0.4,0,5,1,125,1,1,0,1,0,5,1.0,1,3,1,1,0.712,1,0,0,0,0,4,0,0,0,0
university_db,academic,faculty,email,varchar,106,125,0,0.0,0,3,0.848,1,0,0.6,0,5,1,125,1,1,0,1,0,5,1.0,1,2,1,1,0.848,1,0,0,0,0,5,0,0,0,0
university_db,academic,faculty,department,varchar,6,125,0,0.0,0,4,0.048,1,0,0.8,0,5,1,125,1,1,0,1,0,5,1.0,1,4,1,1,0.048,1,0,0,0,0,10,0,0,0,0
university_db,academic,faculty,rank,varchar,3,125,0,0.0,0,5,0.024,1,0,1.0,0,5,1,125,1,1,0,1,0,5,1.0,1,5,1,1,0.024,1,0,0,0,0,4,0,0,0,0
university_db,academic,course,id,bigint,322,322,0,0.0,1,1,1.0,1,1,0.1666666666666666,1,6,1,322,0,1,0,1,0,5,1.0,4,1,1,1,1.0,0,0,0,0,0,2,1,0,0,0
university_db,academic,course,title,varchar,212,322,0,0.0,0,2,0.6583850931677019,1,0,0.3333333333333333,0,6,1,322,1,1,0,1,0,5,1.0,4,2,1,1,0.6583850931677019,1,0,0,0,0,5,0,0,0,0
university_db,academic,course,credits,integer,8,322,0,0.0,0,3,0.0248447204968944,1,0,0.5,0,6,1,322,1,1,0,1,0,5,1.0,4,4,1,1,0.0248447204968944,1,0,0,0,0,7,0,0,0,0
university_db,academic,course,department,varchar,6,322,0,0.0,0,4,0.0186335403726708,1,0,0.6666666666666666,0,6,1,322,1,1,0,1,0,5,1.0,4,6,1,1,0.0186335403726708,1,0,0,0,0,10,0,0,0,0
university_db,academic,course,instructor,bigint,125,322,3,0.0093167701863354,0,5,0.3881987577639751,0,0,0.8333333333333334,0,6,1,322,1,1,0,1,0,5,1.0,4,3,6,0,0.3881987577639751,1,0,0,0,0,10,0,0,1,0
university_db,academic,course,max_students,integer,8,322,0,0.0,0,6,0.0248447204968944,1,0,1.0,0,6,1,322,1,1,0,1,0,5,1.0,4,4,1,1,0.0248447204968944,1,0,0,0,0,12,0,0,0,0
university_db,academic,enrollment,id,bigint,7591,7591,0,0.0,1,1,1.0,1,1,0.1666666666666666,1,6,1,7591,0,1,0,1,0,5,1.0,3,1,1,1,1.0,0,0,0,0,0,2,1,0,0,0
university_db,academic,enrollment,student,bigint,1456,7591,0,0.0,0,2,0.1918060861546568,1,0,0.3333333333333333,0,6,1,7591,1,1,0,1,0,5,1.0,3,2,1,1,0.1918060861546568,1,0,0,0,0,7,0,0,1,0
university_db,academic,enrollment,course,bigint,322,7591,0,0.0,0,3,0.0424186536688183,1,0,0.5,0,6,1,7591,1,1,0,1,0,5,1.0,3,3,1,1,0.0424186536688183,1,0,0,0,0,6,0,0,1,0
university_db,academic,enrollment,semester,varchar,8,7591,0,0.0,0,4,0.0010538795942563,1,0,0.6666666666666666,0,6,1,7591,1,1,0,1,0,5,1.0,3,4,1,1,0.0010538795942563,1,0,0,0,0,8,0,0,0,0
university_db,academic,enrollment,grade,varchar,2,7591,892,0.1175075747595837,0,5,0.000263469898564,0,0,0.8333333333333334,0,6,1,7591,1,1,0,1,0,5,1.0,3,6,6,0,0.000263469898564,1,0,0,0,0,5,0,0,0,0
university_db,academic,enrollment,status,varchar,6,7591,0,0.0,0,6,0.0007904096956922,1,0,1.0,0,6,1,7591,1,1,0,1,0,5,1.0,3,5,1,1,0.0007904096956922,1,0,0,0,0,6,0,0,0,0
university_db,academic,assignment,id,bigint,1429,1429,0,0.0,1,1,1.0,1,1,0.1666666666666666,1,6,1,1429,0,1,0,1,0,6,1.0,3,1,1,1,1.0,0,0,0,0,0,2,1,0,0,0
university_db,academic,assignment,course,bigint,322,1429,0,0.0,0,2,0.225332400279916,1,0,0.3333333333333333,0,6,1,1429,1,1,0,1,0,6,1.0,3,4,1,1,0.225332400279916,1,0,0,0,0,6,0,0,1,0
university_db,academic,assignment,title,varchar,1225,1429,0,0.0,0,3,0.8572428271518544,1,0,0.5,0,6,1,1429,1,1,0,1,0,6,1.0,3,2,1,1,0.8572428271518544,1,0,0,0,0,5,0,0,0,0
university_db,academic,assignment,max_score,integer,6,1429,0,0.0,0,4,0.0041987403778866,1,0,0.6666666666666666,0,6,1,1429,1,1,0,1,0,6,1.0,3,5,1,1,0.0041987403778866,1,0,0,0,0,9,0,0,0,0
university_db,academic,assignment,due_date,date,1151,1429,0,0.0,0,5,0.8054583624912526,1,0,0.8333333333333334,0,6,1,1429,1,1,0,1,0,6,1.0,3,3,1,1,0.8054583624912526,1,0,0,0,0,8,0,0,0,0
university_db,academic,assignment,weight,decimal,6,1429,0,0.0,0,6,0.0041987403778866,1,0,1.0,0,6,1,1429,1,1,0,1,0,6,1.0,3,5,1,1,0.0041987403778866,1,0,0,0,0,6,0,0,0,0
university_db,academic,submission,id,bigint,8106,8106,0,0.0,1,1,1.0,1,1,0.1666666666666666,1,6,1,8106,0,1,0,1,0,5,1.0,3,1,1,1,1.0,0,0,0,0,0,2,1,0,0,0
university_db,academic,submission,assignment,bigint,1429,8106,0,0.0,0,2,0.1762891685171478,1,0,0.3333333333333333,0,6,1,8106,1,1,0,1,0,5,1.0,3,5,1,1,0.1762891685171478,1,0,0,0,0,10,0,0,1,0
university_db,academic,submission,student,bigint,1456,8106,0,0.0,0,3,0.1796200345423143,1,0,0.5,0,6,1,8106,1,1,0,1,0,5,1.0,3,4,1,1,0.1796200345423143,1,0,0,0,0,7,0,0,1,0
university_db,academic,submission,score,decimal,1850,8106,436,0.0537873180360227,0,4,0.2282260054280779,0,0,0.6666666666666666,0,6,1,8106,1,1,0,1,0,5,1.0,3,3,6,0,0.2282260054280779,1,0,0,0,0,5,0,0,0,0
university_db,academic,submission,submitted_at,date,6987,8106,0,0.0,0,5,0.8619541080680977,1,0,0.8333333333333334,0,6,1,8106,1,1,0,1,0,5,1.0,3,2,1,1,0.8619541080680977,1,0,0,0,0,12,0,0,0,0
university_db,academic,submission,is_late,boolean,4,8106,0,0.0,0,6,0.000493461633358,1,0,1.0,0,6,1,8106,1,1,0,1,0,5,1.0,3,6,1,1,0.000493461633358,1,0,0,0,0,7,0,0,0,0
government_db,public_services,citizen,citizen_no,bigint,38711,38711,0,0.0,1,1,1.0,1,1,0.1666666666666666,1,6,1,38711,0,1,0,1,0,6,1.0,1,1,1,1,1.0,0,0,0,1,0,10,1,0,0,0
government_db,public_services,citizen,full_name,varchar,24193,38711,0,0.0,0,2,0.6249644803802537,1,0,0.3333333333333333,0,6,1,38711,1,1,0,1,0,6,1.0,1,2,1,1,0.6249644803802537,1,0,0,0,0,9,0,0,0,0
government_db,public_services,citizen,date_of_birth,date,23544,38711,0,0.0,0,3,0.6081992198599881,1,0,0.5,0,6,1,38711,1,1,0,1,0,6,1.0,1,3,1,1,0.6081992198599881,1,0,0,0,0,13,0,0,0,0
government_db,public_services,citizen,gender,varchar,6,38711,0,0.0,0,4,0.0001549947043476,1,0,0.6666666666666666,0,6,1,38711,1,1,0,1,0,6,1.0,1,4,1,1,0.0001549947043476,1,0,0,0,0,6,0,0,0,0
government_db,public_services,citizen,nationality,varchar,3,38711,0,0.0,0,5,7.749735217380074e-05,1,0,0.8333333333333334,0,6,1,38711,1,1,0,1,0,6,1.0,1,6,1,1,7.749735217380074e-05,1,0,0,0,0,11,0,0,0,0
government_db,public_services,citizen,is_resident,boolean,6,38711,0,0.0,0,6,0.0001549947043476,1,0,1.0,0,6,1,38711,1,1,0,1,0,6,1.0,1,4,1,1,0.0001549947043476,1,0,0,0,0,11,0,0,0,0
government_db,public_services,region,region_code,varchar,182,182,0,0.0,1,1,1.0,1,1,0.2,1,5,1,182,0,1,0,1,0,5,1.0,1,1,1,1,1.0,0,0,0,1,0,11,1,0,0,0
government_db,public_services,region,name,varchar,124,182,0,0.0,0,2,0.6813186813186813,1,0,0.4,0,5,1,182,1,1,0,1,0,5,1.0,1,2,1,1,0.6813186813186813,1,0,0,0,0,4,0,0,0,0
government_db,public_services,region,country,varchar,2,182,0,0.0,0,3,0.0109890109890109,1,0,0.6,0,5,1,182,1,1,0,1,0,5,1.0,1,5,1,1,0.0109890109890109,1,0,0,0,0,7,0,0,0,0
government_db,public_services,region,population,integer,41,182,0,0.0,0,4,0.2252747252747252,1,0,0.8,0,5,1,182,1,1,0,1,0,5,1.0,1,3,1,1,0.2252747252747252,1,0,0,0,0,10,0,0,0,0
government_db,public_services,region,area_sqkm,decimal,12,182,0,0.0,0,5,0.0659340659340659,1,0,1.0,0,5,1,182,1,1,0,1,0,5,1.0,1,4,1,1,0.0659340659340659,1,0,0,0,0,9,0,0,0,0
government_db,public_services,permit,permit_no,bigint,12397,12397,0,0.0,1,1,1.0,1,1,0.1666666666666666,1,6,1,12397,0,1,0,1,0,5,1.0,2,1,1,1,1.0,0,0,0,1,0,9,1,0,0,0
government_db,public_services,permit,citizen_fk,bigint,6373,12397,0,0.0,0,2,0.5140759861256756,1,0,0.3333333333333333,0,6,1,12397,1,1,0,1,0,5,1.0,2,4,1,1,0.5140759861256756,1,0,0,0,0,10,0,0,1,0
government_db,public_services,permit,permit_type,varchar,2,12397,0,0.0,0,3,0.0001613293538759,1,0,0.5,0,6,1,12397,1,1,0,1,0,5,1.0,2,6,1,1,0.0001613293538759,1,0,0,1,0,11,0,0,0,0
government_db,public_services,permit,issue_date,date,9924,12397,0,0.0,0,4,0.800516253932403,1,0,0.6666666666666666,0,6,1,12397,1,1,0,1,0,5,1.0,2,2,1,1,0.800516253932403,1,0,0,0,0,10,0,0,0,0
government_db,public_services,permit,expiry_date,date,8784,12397,785,0.0633217713963055,0,5,0.7085585222231185,0,0,0.8333333333333334,0,6,1,12397,1,1,0,1,0,5,1.0,2,3,6,0,0.7085585222231185,1,0,0,0,0,11,0,0,0,0
government_db,public_services,permit,status,varchar,6,12397,0,0.0,0,6,0.0004839880616278,1,0,1.0,0,6,1,12397,1,1,0,1,0,5,1.0,2,5,1,1,0.0004839880616278,1,0,0,0,0,6,0,0,0,0
government_db,public_services,tax_record,record_no,bigint,11965,11965,0,0.0,1,1,1.0,1,1,0.1666666666666666,1,6,1,11965,0,1,0,1,0,6,1.0,3,1,1,1,1.0,0,0,0,0,0,9,1,0,0,0
government_db,public_services,tax_record,citizen_fk,bigint,6694,11965,0,0.0,0,2,0.5594651065608024,1,0,0.3333333333333333,0,6,1,11965,1,1,0,1,0,6,1.0,3,2,1,1,0.5594651065608024,1,0,0,0,0,10,0,0,1,0
government_db,public_services,tax_record,tax_year,integer,3,11965,0,0.0,0,3,0.0002507312996239,1,0,0.5,0,6,1,11965,1,1,0,1,0,6,1.0,3,6,1,1,0.0002507312996239,1,0,0,0,0,8,0,0,0,0
government_db,public_services,tax_record,income,decimal,1167,11965,0,0.0,0,4,0.0975344755536982,1,0,0.6666666666666666,0,6,1,11965,1,1,0,1,0,6,1.0,3,3,1,1,0.0975344755536982,1,0,0,0,0,6,0,0,0,0
government_db,public_services,tax_record,tax_paid,decimal,888,11965,0,0.0,0,5,0.0742164646886753,1,0,0.8333333333333334,0,6,1,11965,1,1,0,1,0,6,1.0,3,4,1,1,0.0742164646886753,1,0,0,0,0,8,0,0,0,0
government_db,public_services,tax_record,is_filed,boolean,5,11965,0,0.0,0,6,0.0004178854993731,1,0,1.0,0,6,1,11965,1,1,0,1,0,6,1.0,3,5,1,1,0.0004178854993731,1,0,0,0,0,8,0,0,0,0
government_db,public_services,address,address_id,bigint,16123,16123,0,0.0,1,1,1.0,1,1,0.1666666666666666,1,6,1,16123,0,1,0,1,1,6,1.0,2,1,1,1,1.0,0,1,0,1,1,10,1,0,0,0
government_db,public_services,address,citizen_fk,bigint,10632,16123,0,0.0,0,2,0.6594306270545184,1,0,0.3333333333333333,0,6,1,16123,1,1,0,1,1,6,1.0,2,3,1,1,0.6594306270545184,1,0,0,0,0,10,0,0,1,0
government_db,public_services,address,region_code,varchar,182,16123,0,0.0,0,3,0.0112882217949513,1,0,0.5,0,6,1,16123,1,1,0,1,1,6,1.0,2,5,1,1,0.0112882217949513,1,0,0,0,0,11,0,0,1,0
government_db,public_services,address,street,varchar,14258,16123,0,0.0,0,4,0.8843267382000868,1,0,0.6666666666666666,0,6,1,16123,1,1,0,1,1,6,1.0,2,2,1,1,0.8843267382000868,1,0,0,0,0,6,0,0,0,0
government_db,public_services,address,postal_code,varchar,3520,16123,0,0.0,0,5,0.2183216522979594,1,0,0.8333333333333334,0,6,1,16123,1,1,0,1,1,6,1.0,2,4,1,1,0.2183216522979594,1,0,0,0,0,11,0,0,0,0
government_db,public_services,address,is_primary,boolean,7,16123,0,0.0,0,6,0.0004341623767288,1,0,1.0,0,6,1,16123,1,1,0,1,1,6,1.0,2,6,1,1,0.0004341623767288,1,0,0,0,0,10,0,0,0,0
government_db,public_services,vehicle,vehicle_id,bigint,4840,4840,0,0.0,1,1,1.0,1,1,0.1428571428571428,1,7,1,4840,0,1,0,1,1,7,1.0,3,1,1,1,1.0,0,1,0,1,1,10,1,0,0,0
government_db,public_services,vehicle,citizen_fk,bigint,2634,4840,0,0.0,0,2,0.5442148760330578,1,0,0.2857142857142857,0,7,1,4840,1,1,0,1,1,7,1.0,3,3,1,1,0.5442148760330578,1,0,0,0,0,10,0,0,1,0
government_db,public_services,vehicle,make,varchar,7,4840,0,0.0,0,3,0.0014462809917355,1,0,0.4285714285714285,0,7,1,4840,1,1,0,1,1,7,1.0,3,6,1,1,0.0014462809917355,1,0,0,0,0,4,0,0,0,0
government_db,public_services,vehicle,model,varchar,652,4840,0,0.0,0,4,0.1347107438016529,1,0,0.5714285714285714,0,7,1,4840,1,1,0,1,1,7,1.0,3,4,1,1,0.1347107438016529,1,0,0,0,0,5,0,0,0,0
government_db,public_services,vehicle,year,integer,8,4840,0,0.0,0,5,0.0016528925619834,1,0,0.7142857142857143,0,7,1,4840,1,1,0,1,1,7,1.0,3,5,1,1,0.0016528925619834,1,0,0,0,0,4,0,0,0,0
government_db,public_services,vehicle,plate_number,varchar,3265,4840,0,0.0,0,6,0.6745867768595041,1,0,0.8571428571428571,0,7,1,4840,1,1,0,1,1,7,1.0,3,2,1,1,0.6745867768595041,1,0,0,0,0,12,0,0,0,0
government_db,public_services,vehicle,is_active,boolean,6,4840,0,0.0,0,7,0.0012396694214876,1,0,1.0,0,7,1,4840,1,1,0,1,1,7,1.0,3,7,1,1,0.0012396694214876,1,0,0,0,0,9,0,0,0,0
aviation_ops,flight_operations,airports,iata_code,varchar,378,378,0,0.0,1,1,1.0,1,1,0.1428571428571428,1,7,1,378,0,1,0,1,0,7,1.0,0,1,1,1,1.0,0,0,0,0,0,9,1,0,0,0
aviation_ops,flight_operations,airports,name,varchar,329,378,0,0.0,0,2,0.8703703703703703,1,0,0.2857142857142857,0,7,1,378,1,1,0,1,0,7,1.0,0,2,1,1,0.8703703703703703,1,0,0,0,0,4,0,0,0,0
aviation_ops,flight_operations,airports,city,varchar,27,378,0,0.0,0,3,0.0714285714285714,1,0,0.4285714285714285,0,7,1,378,1,1,0,1,0,7,1.0,0,5,1,1,0.0714285714285714,1,0,0,0,0,4,0,0,0,0
aviation_ops,flight_operations,airports,country,varchar,6,378,0,0.0,0,4,0.0158730158730158,1,0,0.5714285714285714,0,7,1,378,1,1,0,1,0,7,1.0,0,6,1,1,0.0158730158730158,1,0,0,0,0,7,0,0,0,0
aviation_ops,flight_operations,airports,timezone,varchar,5,378,0,0.0,0,5,0.0132275132275132,1,0,0.7142857142857143,0,7,1,378,1,1,0,1,0,7,1.0,0,7,1,1,0.0132275132275132,1,0,0,0,0,8,0,0,0,0
aviation_ops,flight_operations,airports,latitude,decimal,316,378,0,0.0,0,6,0.8359788359788359,1,0,0.8571428571428571,0,7,1,378,1,1,0,1,0,7,1.0,0,3,1,1,0.8359788359788359,1,0,0,0,0,8,0,0,0,0
aviation_ops,flight_operations,airports,longitude,decimal,302,378,0,0.0,0,7,0.798941798941799,1,0,1.0,0,7,1,378,1,1,0,1,0,7,1.0,0,4,1,1,0.798941798941799,1,0,0,0,0,9,0,0,0,0
aviation_ops,flight_operations,airlines,iata_code,varchar,123,123,0,0.0,1,1,1.0,1,1,0.2,1,5,1,123,0,1,0,1,0,4,1.0,0,1,1,1,1.0,0,0,0,0,0,9,1,0,0,0
aviation_ops,flight_operations,airlines,name,varchar,101,123,0,0.0,0,2,0.8211382113821138,1,0,0.4,0,5,1,123,1,1,0,1,0,4,1.0,0,2,1,1,0.8211382113821138,1,0,0,0,0,4,0,0,0,0
aviation_ops,flight_operations,airlines,country,varchar,6,123,0,0.0,0,3,0.048780487804878,1,0,0.6,0,5,1,123,1,1,0,1,0,4,1.0,0,5,1,1,0.048780487804878,1,0,0,0,0,7,0,0,0,0
aviation_ops,flight_operations,airlines,alliance,varchar,8,123,14,0.1138211382113821,0,4,0.065040650406504,0,0,0.8,0,5,1,123,1,1,0,1,0,4,1.0,0,3,5,0,0.065040650406504,1,0,0,0,0,8,0,0,0,0
aviation_ops,flight_operations,airlines,is_active,boolean,8,123,0,0.0,0,5,0.065040650406504,1,0,1.0,0,5,1,123,1,1,0,1,0,4,1.0,0,3,1,1,0.065040650406504,1,0,0,0,0,9,0,0,0,0
aviation_ops,flight_operations,aircraft_types,type_code,varchar,153,153,0,0.0,1,1,1.0,1,1,0.1666666666666666,1,6,1,153,0,1,0,1,0,5,1.0,3,1,1,1,1.0,0,0,0,0,0,9,1,0,0,0
aviation_ops,flight_operations,aircraft_types,manufacturer,varchar,5,153,0,0.0,0,2,0.0326797385620915,1,0,0.3333333333333333,0,6,1,153,1,1,0,1,0,5,1.0,3,4,1,1,0.0326797385620915,1,0,0,0,0,12,0,0,0,0
aviation_ops,flight_operations,aircraft_types,model,varchar,22,153,0,0.0,0,3,0.1437908496732026,1,0,0.5,0,6,1,153,1,1,0,1,0,5,1.0,3,2,1,1,0.1437908496732026,1,0,0,0,0,5,0,0,0,0
aviation_ops,flight_operations,aircraft_types,seats_economy,integer,2,153,0,0.0,0,4,0.0130718954248366,1,0,0.6666666666666666,0,6,1,153,1,1,0,1,0,5,1.0,3,6,1,1,0.0130718954248366,1,0,0,0,0,13,0,0,0,0
aviation_ops,flight_operations,aircraft_types,seats_business,integer,5,153,4,0.0261437908496732,0,5,0.0326797385620915,0,0,0.8333333333333334,0,6,1,153,1,1,0,1,0,5,1.0,3,4,6,0,0.0326797385620915,1,0,0,0,0,14,0,0,0,0
aviation_ops,flight_operations,aircraft_types,range_km,integer,12,153,0,0.0,0,6,0.0784313725490196,1,0,1.0,0,6,1,153,1,1,0,1,0,5,1.0,3,3,1,1,0.0784313725490196,1,0,0,0,0,8,0,0,0,0
aviation_ops,flight_operations,flights,flight_id,bigint,40312,40312,0,0.0,1,1,1.0,1,1,0.1111111111111111,1,9,1,40312,0,1,0,1,1,8,1.0,1,1,1,1,1.0,0,1,0,1,1,9,1,0,0,0
aviation_ops,flight_operations,flights,flight_no,varchar,33229,40312,0,0.0,0,2,0.8242954951379242,1,0,0.2222222222222222,0,9,1,40312,1,1,0,1,1,8,1.0,1,3,1,1,0.8242954951379242,1,0,0,1,0,9,0,0,0,0
aviation_ops,flight_operations,flights,origin_iata,varchar,378,40312,0,0.0,0,3,0.0093768604881921,1,0,0.3333333333333333,0,9,1,40312,1,1,0,1,1,8,1.0,1,5,1,1,0.0093768604881921,1,0,0,0,0,11,0,0,1,0
aviation_ops,flight_operations,flights,dest_iata,varchar,378,40312,0,0.0,0,4,0.0093768604881921,1,0,0.4444444444444444,0,9,1,40312,1,1,0,1,1,8,1.0,1,5,1,1,0.0093768604881921,1,0,0,0,0,9,0,0,1,0
aviation_ops,flight_operations,flights,airline_iata,varchar,123,40312,0,0.0,0,5,0.0030512006350466,1,0,0.5555555555555556,0,9,1,40312,1,1,0,1,1,8,1.0,1,8,1,1,0.0030512006350466,1,0,0,0,0,12,0,0,1,0
aviation_ops,flight_operations,flights,aircraft_type,varchar,153,40312,0,0.0,0,6,0.0037953959118872,1,0,0.6666666666666666,0,9,1,40312,1,1,0,1,1,8,1.0,1,7,1,1,0.0037953959118872,1,0,0,0,0,13,0,0,1,0
aviation_ops,flight_operations,flights,departure_at,date,37379,40312,0,0.0,0,7,0.9272425084342132,1,0,0.7777777777777778,0,9,1,40312,1,1,0,1,1,8,1.0,1,2,1,1,0.9272425084342132,1,0,0,0,0,12,0,0,0,0
aviation_ops,flight_operations,flights,arrival_at,date,28843,40312,4344,0.1077594760865251,0,8,0.7154941456638222,0,0,0.8888888888888888,0,9,1,40312,1,1,0,1,1,8,1.0,1,4,9,0,0.7154941456638222,1,0,0,0,0,10,0,0,0,0
aviation_ops,flight_operations,flights,status,varchar,6,40312,0,0.0,0,9,0.0001488390553681,1,0,1.0,0,9,1,40312,1,1,0,1,1,8,1.0,1,9,1,1,0.0001488390553681,1,0,0,0,0,6,0,0,0,0
aviation_ops,flight_operations,passengers,passenger_id,bigint,146961,146961,0,0.0,1,1,1.0,1,1,0.1666666666666666,1,6,1,146961,0,1,0,3,1,5,1.0,1,1,1,1,1.0,2,1,0,1,1,12,1,0,0,0
aviation_ops,flight_operations,passengers,first_name,varchar,123913,146961,0,0.0,0,2,0.8431692762025299,1,0,0.3333333333333333,0,6,1,146961,1,1,0,3,1,5,1.0,1,5,1,1,0.8431692762025299,3,0,0,0,0,10,0,0,0,0
aviation_ops,flight_operations,passengers,last_name,varchar,144816,146961,0,0.0,0,3,0.9854042909343296,1,0,0.5,0,6,1,146961,1,1,0,3,1,5,1.0,1,2,1,1,0.9854042909343296,2,0,0,0,0,9,0,0,0,0
aviation_ops,flight_operations,passengers,passport_no,varchar,134806,146961,0,0.0,0,4,0.9172909819612006,1,0,0.6666666666666666,0,6,1,146961,1,1,0,3,1,5,1.0,1,4,1,1,0.9172909819612006,3,0,0,0,0,11,0,0,0,0
aviation_ops,flight_operations,passengers,nationality,varchar,7,146961,0,0.0,0,5,4.763168459659365e-05,1,0,0.8333333333333334,0,6,1,146961,1,1,0,3,1,5,1.0,1,6,1,1,4.763168459659365e-05,3,0,0,0,0,11,0,0,0,0
aviation_ops,flight_operations,passengers,frequent_flyer_no,varchar,141639,146961,12450,0.0847163533182272,0,6,0.9637863106538468,0,0,1.0,0,6,1,146961,1,1,0,3,1,5,1.0,1,3,6,0,0.9637863106538468,2,0,0,0,0,17,0,0,0,0
aviation_ops,flight_operations,bookings,booking_id,bigint,256068,256068,0,0.0,1,1,1.0,1,1,0.1428571428571428,1,7,1,256068,0,1,0,1,1,6,1.0,3,1,1,1,1.0,0,1,0,1,1,10,1,0,0,0
aviation_ops,flight_operations,bookings,flight_ref,bigint,40312,256068,0,0.0,0,2,0.1574269334707968,1,0,0.2857142857142857,0,7,1,256068,1,1,0,1,1,6,1.0,3,5,1,1,0.1574269334707968,1,0,0,0,0,10,0,0,1,0
aviation_ops,flight_operations,bookings,traveller_ref,bigint,146961,256068,0,0.0,0,3,0.5739139603542809,1,0,0.4285714285714285,0,7,1,256068,1,1,0,1,1,6,1.0,3,3,1,1,0.5739139603542809,1,0,0,0,0,13,0,0,1,0
aviation_ops,flight_operations,bookings,cabin_class,varchar,4,256068,0,0.0,0,4,1.562085071152975e-05,1,0,0.5714285714285714,0,7,1,256068,1,1,0,1,1,6,1.0,3,7,1,1,1.562085071152975e-05,1,0,0,0,0,11,0,0,0,0
aviation_ops,flight_operations,bookings,seat_no,varchar,46661,256068,22310,0.0871252948435571,0,5,0.1822211287626724,0,0,0.7142857142857143,0,7,1,256068,1,1,0,1,1,6,1.0,3,4,7,0,0.1822211287626724,1,0,0,0,0,7,0,0,0,0
aviation_ops,flight_operations,bookings,price,decimal,23482,256068,0,0.0,0,6,0.0917022041020354,1,0,0.8571428571428571,0,7,1,256068,1,1,0,1,1,6,1.0,3,6,1,1,0.0917022041020354,1,0,0,0,0,5,0,0,0,0
aviation_ops,flight_operations,bookings,booked_at,date,238363,256068,0,0.0,0,7,0.9308582095380914,1,0,1.0,0,7,1,256068,1,1,0,1,1,6,1.0,3,2,1,1,0.9308582095380914,1,0,0,0,0,9,0,0,0,0
railway_db,rail_network,stations,station_nr,bigint,1899,1899,0,0.0,1,1,1.0,1,1,0.1666666666666666,1,6,1,1899,0,1,0,1,0,6,1.0,2,1,1,1,1.0,0,0,0,1,0,10,1,0,0,0
railway_db,rail_network,stations,name,varchar,1411,1899,0,0.0,0,2,0.7430226434965771,1,0,0.3333333333333333,0,6,1,1899,1,1,0,1,0,6,1.0,2,2,1,1,0.7430226434965771,1,0,0,0,0,4,0,0,0,0
railway_db,rail_network,stations,city,varchar,183,1899,0,0.0,0,3,0.0963665086887835,1,0,0.5,0,6,1,1899,1,1,0,1,0,6,1.0,2,3,1,1,0.0963665086887835,1,0,0,0,0,4,0,0,0,0
railway_db,rail_network,stations,country,varchar,6,1899,0,0.0,0,4,0.0031595576619273,1,0,0.6666666666666666,0,6,1,1899,1,1,0,1,0,6,1.0,2,4,1,1,0.0031595576619273,1,0,0,0,0,7,0,0,0,0
railway_db,rail_network,stations,platform_count,integer,2,1899,0,0.0,0,5,0.0010531858873091,1,0,0.8333333333333334,0,6,1,1899,1,1,0,1,0,6,1.0,2,6,1,1,0.0010531858873091,1,0,0,0,0,14,0,0,0,0
railway_db,rail_network,stations,is_hub,boolean,4,1899,0,0.0,0,6,0.0021063717746182,1,0,1.0,0,6,1,1899,1,1,0,1,0,6,1.0,2,5,1,1,0.0021063717746182,1,0,0,0,0,6,0,0,0,0
railway_db,rail_network,train_types,type_nr,bigint,55,55,0,0.0,1,1,1.0,1,1,0.25,1,4,1,55,0,1,0,1,0,4,1.0,3,1,1,1,1.0,0,0,0,0,0,7,1,0,0,0
railway_db,rail_network,train_types,designation,varchar,5,55,0,0.0,0,2,0.0909090909090909,1,0,0.5,0,4,1,55,1,1,0,1,0,4,1.0,3,3,1,1,0.0909090909090909,1,0,0,0,0,11,0,0,0,0
railway_db,rail_network,train_types,max_speed_kmh,integer,8,55,0,0.0,0,3,0.1454545454545454,1,0,0.75,0,4,1,55,1,1,0,1,0,4,1.0,3,2,1,1,0.1454545454545454,1,0,0,0,0,13,0,0,0,0
railway_db,rail_network,train_types,seating_capacity,integer,2,55,0,0.0,0,4,0.0363636363636363,1,0,1.0,0,4,1,55,1,1,0,1,0,4,1.0,3,4,1,1,0.0363636363636363,1,0,0,0,0,16,0,0,0,0
railway_db,rail_network,trains,train_nr,bigint,251,251,0,0.0,1,1,1.0,1,1,0.25,1,4,1,251,0,1,0,1,0,4,1.0,3,1,1,1,1.0,0,0,0,1,0,8,1,0,0,0
railway_db,rail_network,trains,type_nr,bigint,55,251,0,0.0,0,2,0.2191235059760956,1,0,0.5,0,4,1,251,1,1,0,1,0,4,1.0,3,2,1,1,0.2191235059760956,1,0,0,0,0,7,0,0,1,0
railway_db,rail_network,trains,year_built,integer,4,251,0,0.0,0,3,0.0159362549800796,1,0,0.75,0,4,1,251,1,1,0,1,0,4,1.0,3,4,1,1,0.0159362549800796,1,0,0,0,0,10,0,0,0,0
railway_db,rail_network,trains,is_operational,boolean,8,251,0,0.0,0,4,0.0318725099601593,1,0,1.0,0,4,1,251,1,1,0,1,0,4,1.0,3,3,1,1,0.0318725099601593,1,0,0,0,0,14,0,0,0,0
railway_db,rail_network,routes,route_nr,bigint,548,548,0,0.0,1,1,1.0,1,1,0.1666666666666666,1,6,1,548,0,1,0,1,0,6,1.0,4,1,1,1,1.0,0,0,0,1,0,8,1,0,0,0
railway_db,rail_network,routes,origin_nr,bigint,437,548,0,0.0,0,2,0.7974452554744526,1,0,0.3333333333333333,0,6,1,548,1,1,0,1,0,6,1.0,4,2,1,1,0.7974452554744526,1,0,0,0,0,9,0,0,1,0
railway_db,rail_network,routes,dest_nr,bigint,415,548,0,0.0,0,3,0.7572992700729927,1,0,0.5,0,6,1,548,1,1,0,1,0,6,1.0,4,3,1,1,0.7572992700729927,1,0,0,0,0,7,0,0,1,0
railway_db,rail_network,routes,distance_km,decimal,42,548,0,0.0,0,4,0.0766423357664233,1,0,0.6666666666666666,0,6,1,548,1,1,0,1,0,6,1.0,4,5,1,1,0.0766423357664233,1,0,0,0,0,11,0,0,0,0
railway_db,rail_network,routes,duration_min,integer,100,548,0,0.0,0,5,0.1824817518248175,1,0,0.8333333333333334,0,6,1,548,1,1,0,1,0,6,1.0,4,4,1,1,0.1824817518248175,1,0,0,0,0,12,0,0,0,0
railway_db,rail_network,routes,is_active,boolean,3,548,0,0.0,0,6,0.0054744525547445,1,0,1.0,0,6,1,548,1,1,0,1,0,6,1.0,4,6,1,1,0.0054744525547445,1,0,0,0,0,9,0,0,0,0
railway_db,rail_network,schedules,schedule_nr,bigint,12689,12689,0,0.0,1,1,1.0,1,1,0.1428571428571428,1,7,1,12689,0,1,0,2,0,5,1.0,4,1,1,1,1.0,1,0,0,1,0,11,1,0,0,0
railway_db,rail_network,schedules,train_nr,bigint,251,12689,0,0.0,0,2,0.0197809126014658,1,0,0.2857142857142857,0,7,1,12689,1,1,0,2,0,5,1.0,4,6,1,1,0.0197809126014658,2,0,0,0,0,8,0,0,1,0
railway_db,rail_network,schedules,route_nr,bigint,548,12689,0,0.0,0,3,0.0431870123729214,1,0,0.4285714285714285,0,7,1,12689,1,1,0,2,0,5,1.0,4,5,1,1,0.0431870123729214,2,0,0,0,0,8,0,0,1,0
railway_db,rail_network,schedules,departure_date,date,12508,12689,0,0.0,0,4,0.9857356765702576,1,0,0.5714285714285714,0,7,1,12689,1,1,0,2,0,5,1.0,4,2,1,1,0.9857356765702576,1,0,0,0,0,14,0,0,0,0
railway_db,rail_network,schedules,departure_time,varchar,3501,12689,0,0.0,0,5,0.2759082670029159,1,0,0.7142857142857143,0,7,1,12689,1,1,0,2,0,5,1.0,4,3,1,1,0.2759082670029159,2,0,0,0,0,14,0,0,0,0
railway_db,rail_network,schedules,delay_min,integer,8,12689,598,0.0471274332098668,0,6,0.0006304673339112,0,0,0.8571428571428571,0,7,1,12689,1,1,0,2,0,5,1.0,4,7,6,0,0.0006304673339112,2,0,0,0,0,9,0,0,0,0
railway_db,rail_network,schedules,occupancy_pct,decimal,1456,12689,1179,0.0929151233351722,0,7,0.1147450547718496,0,0,1.0,0,7,1,12689,1,1,0,2,0,5,1.0,4,4,7,0,0.1147450547718496,2,0,0,0,0,13,0,0,0,0
railway_db,rail_network,tickets,ticket_nr,bigint,65143,65143,0,0.0,1,1,1.0,1,1,0.1666666666666666,1,6,1,65143,0,1,0,1,0,6,1.0,2,1,1,1,1.0,0,0,0,1,0,9,1,0,0,0
railway_db,rail_network,tickets,schedule_nr,bigint,12689,65143,0,0.0,0,2,0.1947868535376019,1,0,0.3333333333333333,0,6,1,65143,1,1,0,1,0,6,1.0,2,5,1,1,0.1947868535376019,1,0,0,0,0,11,0,0,1,0
railway_db,rail_network,tickets,seat_class,varchar,8,65143,0,0.0,0,3,0.0001228067482308,1,0,0.5,0,6,1,65143,1,1,0,1,0,6,1.0,2,6,1,1,0.0001228067482308,1,0,0,0,0,10,0,0,0,0
railway_db,rail_network,tickets,price,decimal,18732,65143,0,0.0,0,4,0.287552000982454,1,0,0.6666666666666666,0,6,1,65143,1,1,0,1,0,6,1.0,2,4,1,1,0.287552000982454,1,0,0,0,0,5,0,0,0,0
railway_db,rail_network,tickets,valid_from,date,41299,65143,0,0.0,0,5,0.633974486898055,1,0,0.8333333333333334,0,6,1,65143,1,1,0,1,0,6,1.0,2,2,1,1,0.633974486898055,1,0,0,0,0,10,0,0,0,0
railway_db,rail_network,tickets,valid_until,date,39934,65143,0,0.0,0,6,0.6130205854811722,1,0,1.0,0,6,1,65143,1,1,0,1,0,6,1.0,2,3,1,1,0.6130205854811722,1,0,0,0,0,11,0,0,0,0
shipping_db,maritime_ops,vessels,imo_number,varchar,3739,3739,0,0.0,1,1,1.0,1,1,0.1428571428571428,1,7,1,3739,0,1,0,1,0,7,1.0,2,1,1,1,1.0,0,0,0,0,0,10,1,0,0,0
shipping_db,maritime_ops,vessels,vessel_name,varchar,2831,3739,0,0.0,0,2,0.7571543193367211,1,0,0.2857142857142857,0,7,1,3739,1,1,0,1,0,7,1.0,2,2,1,1,0.7571543193367211,1,0,0,1,0,11,0,0,0,0
shipping_db,maritime_ops,vessels,vessel_type,varchar,6,3739,0,0.0,0,3,0.0016047071409467,1,0,0.4285714285714285,0,7,1,3739,1,1,0,1,0,7,1.0,2,4,1,1,0.0016047071409467,1,0,0,1,0,11,0,0,0,0
shipping_db,maritime_ops,vessels,flag_state,varchar,6,3739,0,0.0,0,4,0.0016047071409467,1,0,0.5714285714285714,0,7,1,3739,1,1,0,1,0,7,1.0,2,4,1,1,0.0016047071409467,1,0,0,0,0,10,0,0,0,0
shipping_db,maritime_ops,vessels,gross_tonnage,integer,568,3739,0,0.0,0,5,0.1519122760096282,1,0,0.7142857142857143,0,7,1,3739,1,1,0,1,0,7,1.0,2,3,1,1,0.1519122760096282,1,0,0,0,0,13,0,0,0,0
shipping_db,maritime_ops,vessels,build_year,integer,4,3739,0,0.0,0,6,0.0010698047606311,1,0,0.8571428571428571,0,7,1,3739,1,1,0,1,0,7,1.0,2,7,1,1,0.0010698047606311,1,0,0,0,0,10,0,0,0,0
shipping_db,maritime_ops,vessels,is_active,boolean,6,3739,0,0.0,0,7,0.0016047071409467,1,0,1.0,0,7,1,3739,1,1,0,1,0,7,1.0,2,4,1,1,0.0016047071409467,1,0,0,0,0,9,0,0,0,0
shipping_db,maritime_ops,ports,locode,varchar,411,411,0,0.0,1,1,1.0,1,1,0.2,1,5,1,411,0,1,0,1,0,4,1.0,1,1,1,1,1.0,0,0,0,0,0,6,1,0,0,0
shipping_db,maritime_ops,ports,port_name,varchar,275,411,0,0.0,0,2,0.6690997566909975,1,0,0.4,0,5,1,411,1,1,0,1,0,4,1.0,1,2,1,1,0.6690997566909975,1,0,0,1,0,9,0,0,0,0
shipping_db,maritime_ops,ports,country,varchar,8,411,0,0.0,0,3,0.0194647201946472,1,0,0.6,0,5,1,411,1,1,0,1,0,4,1.0,1,5,1,1,0.0194647201946472,1,0,0,0,0,7,0,0,0,0
shipping_db,maritime_ops,ports,max_draft_m,decimal,39,411,37,0.0900243309002433,0,4,0.0948905109489051,0,0,0.8,0,5,1,411,1,1,0,1,0,4,1.0,1,3,5,0,0.0948905109489051,1,0,0,0,0,11,0,0,0,0
shipping_db,maritime_ops,ports,berth_count,integer,25,411,0,0.0,0,5,0.0608272506082725,1,0,1.0,0,5,1,411,1,1,0,1,0,4,1.0,1,4,1,1,0.0608272506082725,1,0,0,0,0,11,0,0,0,0
shipping_db,maritime_ops,operators,operator_code,varchar,287,287,0,0.0,1,1,1.0,1,1,0.25,1,4,1,287,0,1,0,1,0,4,1.0,1,1,1,1,1.0,0,0,0,1,0,13,1,0,0,0
shipping_db,maritime_ops,operators,name,varchar,197,287,0,0.0,0,2,0.686411149825784,1,0,0.5,0,4,1,287,1,1,0,1,0,4,1.0,1,2,1,1,0.686411149825784,1,0,0,0,0,4,0,0,0,0
shipping_db,maritime_ops,operators,country,varchar,3,287,0,0.0,0,3,0.0104529616724738,1,0,0.75,0,4,1,287,1,1,0,1,0,4,1.0,1,4,1,1,0.0104529616724738,1,0,0,0,0,7,0,0,0,0
shipping_db,maritime_ops,operators,fleet_size,integer,70,287,0,0.0,0,4,0.2439024390243902,1,0,1.0,0,4,1,287,1,1,0,1,0,4,1.0,1,3,1,1,0.2439024390243902,1,0,0,0,0,10,0,0,0,0
shipping_db,maritime_ops,voyages,voyage_id,bigint,7178,7178,0,0.0,1,1,1.0,1,1,0.125,1,8,1,7178,0,1,0,1,1,7,1.0,1,1,1,1,1.0,0,1,0,1,1,9,1,0,0,0
shipping_db,maritime_ops,voyages,vessel_imo,varchar,3739,7178,0,0.0,0,2,0.5208971858456395,1,0,0.25,0,8,1,7178,1,1,0,1,1,7,1.0,1,4,1,1,0.5208971858456395,1,0,0,0,0,10,0,0,1,0
shipping_db,maritime_ops,voyages,departure_locode,varchar,411,7178,0,0.0,0,3,0.0572582892170521,1,0,0.375,0,8,1,7178,1,1,0,1,1,7,1.0,1,5,1,1,0.0572582892170521,1,0,0,0,0,16,0,0,1,0
shipping_db,maritime_ops,voyages,arrival_locode,varchar,411,7178,0,0.0,0,4,0.0572582892170521,1,0,0.5,0,8,1,7178,1,1,0,1,1,7,1.0,1,5,1,1,0.0572582892170521,1,0,0,0,0,14,0,0,1,0
shipping_db,maritime_ops,voyages,operator_code,varchar,287,7178,0,0.0,0,5,0.0399832822513234,1,0,0.625,0,8,1,7178,1,1,0,1,1,7,1.0,1,7,1,1,0.0399832822513234,1,0,0,0,0,13,0,0,1,0
shipping_db,maritime_ops,voyages,departure_date,date,5834,7178,0,0.0,0,6,0.8127612148230705,1,0,0.75,0,8,1,7178,1,1,0,1,1,7,1.0,1,3,1,1,0.8127612148230705,1,0,0,0,0,14,0,0,0,0
shipping_db,maritime_ops,voyages,arrival_date,date,6023,7178,475,0.0661744218445249,0,7,0.8390916689885762,0,0,0.875,0,8,1,7178,1,1,0,1,1,7,1.0,1,2,8,0,0.8390916689885762,1,0,0,0,0,12,0,0,0,0
shipping_db,maritime_ops,voyages,voyage_status,varchar,6,7178,0,0.0,0,8,0.0008358874338255,1,0,1.0,0,8,1,7178,1,1,0,1,1,7,1.0,1,8,1,1,0.0008358874338255,1,0,0,1,0,13,0,0,0,0
shipping_db,maritime_ops,cargo_manifests,manifest_id,bigint,30447,30447,0,0.0,1,1,1.0,1,1,0.1666666666666666,1,6,1,30447,0,1,0,1,1,4,1.0,3,1,1,1,1.0,0,1,0,0,0,11,1,0,0,0
shipping_db,maritime_ops,cargo_manifests,voyage_ref,bigint,7178,30447,0,0.0,0,2,0.2357539330640128,1,0,0.3333333333333333,0,6,1,30447,1,1,0,1,1,4,1.0,3,2,1,1,0.2357539330640128,1,0,0,0,0,10,0,0,1,0
shipping_db,maritime_ops,cargo_manifests,cargo_type,varchar,6,30447,0,0.0,0,3,0.0001970637501231,1,0,0.5,0,6,1,30447,1,1,0,1,1,4,1.0,3,5,1,1,0.0001970637501231,1,0,0,0,0,10,0,0,0,0
shipping_db,maritime_ops,cargo_manifests,weight_tons,decimal,4152,30447,0,0.0,0,4,0.13636811508523,1,0,0.6666666666666666,0,6,1,30447,1,1,0,1,1,4,1.0,3,3,1,1,0.13636811508523,1,0,0,0,0,11,0,0,0,0
shipping_db,maritime_ops,cargo_manifests,container_count,integer,3194,30447,1807,0.0593490327454264,0,5,0.1049036029822314,0,0,0.8333333333333334,0,6,1,30447,1,1,0,1,1,4,1.0,3,4,6,0,0.1049036029822314,1,0,0,0,0,15,0,0,0,0
shipping_db,maritime_ops,cargo_manifests,hazmat_class,varchar,3,30447,324,0.0106414425066509,0,6,9.853187506158242e-05,0,0,1.0,0,6,1,30447,1,1,0,1,1,4,1.0,3,6,5,0,9.853187506158242e-05,1,0,0,0,0,12,0,0,0,0
shipping_db,maritime_ops,port_calls,call_id,bigint,24862,24862,0,0.0,1,1,1.0,1,1,0.1666666666666666,1,6,1,24862,0,1,0,1,1,4,1.0,2,1,1,1,1.0,0,1,0,0,0,7,1,0,0,0
shipping_db,maritime_ops,port_calls,voyage_ref,bigint,7178,24862,0,0.0,0,2,0.2887136996219129,1,0,0.3333333333333333,0,6,1,24862,1,1,0,1,1,4,1.0,2,4,1,1,0.2887136996219129,1,0,0,0,0,10,0,0,1,0
shipping_db,maritime_ops,port_calls,port_locode,varchar,411,24862,0,0.0,0,3,0.0165312525138765,1,0,0.5,0,6,1,24862,1,1,0,1,1,4,1.0,2,6,1,1,0.0165312525138765,1,0,0,0,0,11,0,0,1,0
shipping_db,maritime_ops,port_calls,arrival_ts,date,18945,24862,0,0.0,0,4,0.7620062746359907,1,0,0.6666666666666666,0,6,1,24862,1,1,0,1,1,4,1.0,2,2,1,1,0.7620062746359907,1,0,0,0,0,10,0,0,0,0
shipping_db,maritime_ops,port_calls,departure_ts,date,18570,24862,537,0.0215992277371088,0,5,0.7469230150430376,0,0,0.8333333333333334,0,6,1,24862,1,1,0,1,1,4,1.0,2,3,5,0,0.7469230150430376,1,0,0,0,0,12,0,0,0,0
shipping_db,maritime_ops,port_calls,berth_nr,varchar,2404,24862,566,0.0227656664789638,0,6,0.0966937494972246,0,0,1.0,0,6,1,24862,1,1,0,1,1,4,1.0,2,5,6,0,0.0966937494972246,1,0,0,0,0,8,0,0,0,0
traffic_mgmt,road_network,road_segments,segment_num,bigint,4560,4560,0,0.0,1,1,1.0,1,1,0.1666666666666666,1,6,1,4560,0,1,0,1,0,6,1.0,3,1,1,1,1.0,0,0,0,0,0,11,1,0,0,0
traffic_mgmt,road_network,road_segments,road_name,varchar,1017,4560,0,0.0,0,2,0.2230263157894736,1,0,0.3333333333333333,0,6,1,4560,1,1,0,1,0,6,1.0,3,2,1,1,0.2230263157894736,1,0,0,0,0,9,0,0,0,0
traffic_mgmt,road_network,road_segments,road_class,varchar,3,4560,0,0.0,0,3,0.0006578947368421,1,0,0.5,0,6,1,4560,1,1,0,1,0,6,1.0,3,5,1,1,0.0006578947368421,1,0,0,0,0,10,0,0,0,0
traffic_mgmt,road_network,road_segments,length_m,decimal,497,4560,0,0.0,0,4,0.1089912280701754,1,0,0.6666666666666666,0,6,1,4560,1,1,0,1,0,6,1.0,3,3,1,1,0.1089912280701754,1,0,0,0,0,8,0,0,0,0
traffic_mgmt,road_network,road_segments,speed_limit,integer,2,4560,0,0.0,0,5,0.000438596491228,1,0,0.8333333333333334,0,6,1,4560,1,1,0,1,0,6,1.0,3,6,1,1,0.000438596491228,1,0,0,0,0,11,0,0,0,0
traffic_mgmt,road_network,road_segments,lane_count,integer,7,4560,0,0.0,0,6,0.0015350877192982,1,0,1.0,0,6,1,4560,1,1,0,1,0,6,1.0,3,4,1,1,0.0015350877192982,1,0,0,0,0,10,0,0,0,0
traffic_mgmt,road_network,intersections,intersection_num,bigint,1869,1869,0,0.0,1,1,1.0,1,1,0.1666666666666666,1,6,1,1869,0,1,0,1,0,4,1.0,2,1,1,1,1.0,0,0,0,1,0,16,1,0,0,0
traffic_mgmt,road_network,intersections,name,varchar,1472,1869,88,0.0470840021401819,0,2,0.7875869448903157,0,0,0.3333333333333333,0,6,1,1869,1,1,0,1,0,4,1.0,2,2,5,0,0.7875869448903157,1,0,0,0,0,4,0,0,0,0
traffic_mgmt,road_network,intersections,latitude,decimal,1354,1869,0,0.0,0,3,0.7244515783841626,1,0,0.5,0,6,1,1869,1,1,0,1,0,4,1.0,2,3,1,1,0.7244515783841626,1,0,0,0,0,8,0,0,0,0
traffic_mgmt,road_network,intersections,longitude,decimal,1128,1869,0,0.0,0,4,0.6035313001605136,1,0,0.6666666666666666,0,6,1,1869,1,1,0,1,0,4,1.0,2,4,1,1,0.6035313001605136,1,0,0,0,0,9,0,0,0,0
traffic_mgmt,road_network,intersections,has_signal,boolean,3,1869,0,0.0,0,5,0.0016051364365971,1,0,0.8333333333333334,0,6,1,1869,1,1,0,1,0,4,1.0,2,6,1,1,0.0016051364365971,1,0,0,0,0,10,0,0,0,0
traffic_mgmt,road_network,intersections,signal_phase_sec,integer,5,1869,218,0.1166399143927233,0,6,0.0026752273943285,0,0,1.0,0,6,1,1869,1,1,0,1,0,4,1.0,2,5,6,0,0.0026752273943285,1,0,0,0,0,16,0,0,0,0
traffic_mgmt,road_network,sensors,sensor_num,bigint,11818,11818,0,0.0,1,1,1.0,1,1,0.2,1,5,1,11818,0,1,0,1,0,5,1.0,2,1,1,1,1.0,0,0,0,1,0,10,1,0,0,0
traffic_mgmt,road_network,sensors,segment_num,bigint,4560,11818,0,0.0,0,2,0.3858520900321543,1,0,0.4,0,5,1,11818,1,1,0,1,0,5,1.0,2,3,1,1,0.3858520900321543,1,0,0,0,0,11,0,0,1,0
traffic_mgmt,road_network,sensors,sensor_type,varchar,4,11818,0,0.0,0,3,0.0003384667456422,1,0,0.6,0,5,1,11818,1,1,0,1,0,5,1.0,2,5,1,1,0.0003384667456422,1,0,0,1,0,11,0,0,0,0
traffic_mgmt,road_network,sensors,is_active,boolean,7,11818,0,0.0,0,4,0.0005923168048739,1,0,0.8,0,5,1,11818,1,1,0,1,0,5,1.0,2,4,1,1,0.0005923168048739,1,0,0,0,0,9,0,0,0,0
traffic_mgmt,road_network,sensors,install_date,date,9307,11818,0,0.0,0,5,0.7875275004230834,1,0,1.0,0,5,1,11818,1,1,0,1,0,5,1.0,2,2,1,1,0.7875275004230834,1,0,0,0,0,12,0,0,0,0
traffic_mgmt,road_network,traffic_counts,count_id,bigint,170182,170182,0,0.0,1,1,1.0,1,1,0.2,1,5,1,170182,0,1,0,1,1,4,1.0,3,1,1,1,1.0,0,1,0,0,0,8,1,0,0,0
traffic_mgmt,road_network,traffic_counts,sensor_num,bigint,11818,170182,0,0.0,0,2,0.0694433018768142,1,0,0.4,0,5,1,170182,1,1,0,1,1,4,1.0,3,5,1,1,0.0694433018768142,1,0,0,0,0,10,0,0,1,0
traffic_mgmt,road_network,traffic_counts,recorded_at,date,158217,170182,0,0.0,0,3,0.9296929169947468,1,0,0.6,0,5,1,170182,1,1,0,1,1,4,1.0,3,2,1,1,0.9296929169947468,1,0,0,0,0,11,0,0,0,0
traffic_mgmt,road_network,traffic_counts,vehicle_count,integer,34464,170182,0,0.0,0,4,0.2025126041532007,1,0,0.8,0,5,1,170182,1,1,0,1,1,4,1.0,3,3,1,1,0.2025126041532007,1,0,0,0,0,13,0,0,0,0
traffic_mgmt,road_network,traffic_counts,avg_speed_kmh,decimal,17601,170182,19124,0.1123738115664406,0,5,0.1034245689908451,0,0,1.0,0,5,1,170182,1,1,0,1,1,4,1.0,3,4,5,0,0.1034245689908451,1,0,0,0,0,13,0,0,0,0
traffic_mgmt,road_network,incidents,incident_id,bigint,25725,25725,0,0.0,1,1,1.0,1,1,0.1428571428571428,1,7,1,25725,0,1,0,1,1,5,1.0,2,1,1,1,1.0,0,1,0,1,1,11,1,0,0,0
traffic_mgmt,road_network,incidents,segment_num,bigint,4560,25725,0,0.0,0,2,0.1772594752186589,1,0,0.2857142857142857,0,7,1,25725,1,1,0,1,1,5,1.0,2,5,1,1,0.1772594752186589,1,0,0,0,0,11,0,0,1,0
traffic_mgmt,road_network,incidents,incident_type,varchar,6,25725,0,0.0,0,3,0.0002332361516034,1,0,0.4285714285714285,0,7,1,25725,1,1,0,1,1,5,1.0,2,7,1,1,0.0002332361516034,1,0,0,1,0,13,0,0,0,0
traffic_mgmt,road_network,incidents,severity,varchar,7,25725,0,0.0,0,4,0.0002721088435374,1,0,0.5714285714285714,0,7,1,25725,1,1,0,1,1,5,1.0,2,6,1,1,0.0002721088435374,1,0,0,0,0,8,0,0,0,0
traffic_mgmt,road_network,incidents,occurred_at,date,15684,25725,0,0.0,0,5,0.6096793002915452,1,0,0.7142857142857143,0,7,1,25725,1,1,0,1,1,5,1.0,2,4,1,1,0.6096793002915452,1,0,0,0,0,11,0,0,0,0
traffic_mgmt,road_network,incidents,resolved_at,date,16520,25725,2752,0.106977648202138,0,6,0.6421768707482993,0,0,0.8571428571428571,0,7,1,25725,1,1,0,1,1,5,1.0,2,3,6,0,0.6421768707482993,1,0,0,0,0,11,0,0,0,0
traffic_mgmt,road_network,incidents,description,varchar,22454,25725,2816,0.1094655004859086,0,7,0.8728474246841593,0,0,1.0,0,7,1,25725,1,1,0,1,1,5,1.0,2,2,7,0,0.8728474246841593,1,0,0,0,0,11,0,0,0,0
traffic_mgmt,road_network,segment_connections,connection_id,bigint,5480,5480,0,0.0,1,1,1.0,1,1,0.2,1,5,1,5480,0,1,0,1,1,5,1.0,4,1,1,1,1.0,0,1,0,0,0,13,1,0,0,0
traffic_mgmt,road_network,segment_connections,from_segment,bigint,4560,5480,0,0.0,0,2,0.8321167883211679,1,0,0.4,0,5,1,5480,1,1,0,1,1,5,1.0,4,2,1,1,0.8321167883211679,1,0,0,0,0,12,0,0,1,0
traffic_mgmt,road_network,segment_connections,to_segment,bigint,3203,5480,0,0.0,0,3,0.5844890510948905,1,0,0.6,0,5,1,5480,1,1,0,1,1,5,1.0,4,3,1,1,0.5844890510948905,1,0,0,0,0,10,0,0,1,0
traffic_mgmt,road_network,segment_connections,junction_num,bigint,1869,5480,0,0.0,0,4,0.3410583941605839,1,0,0.8,0,5,1,5480,1,1,0,1,1,5,1.0,4,4,1,1,0.3410583941605839,1,0,0,0,0,12,0,0,1,0
traffic_mgmt,road_network,segment_connections,turn_type,varchar,4,5480,0,0.0,0,5,0.0007299270072992,1,0,1.0,0,5,1,5480,1,1,0,1,1,5,1.0,4,5,1,1,0.0007299270072992,1,0,0,0,0,9,0,0,0,0
ecommerce_ops,shop,customers,customer_id,bigint,11693,11693,0,0.0,1,1,1.0,1,1,0.1666666666666666,1,6,1,11693,0,1,0,1,1,6,1.0,1,1,1,1,1.0,0,1,0,1,1,11,1,0,0,0
ecommerce_ops,shop,customers,email,varchar,8040,11693,0,0.0,0,2,0.6875908663302831,1,0,0.3333333333333333,0,6,1,11693,1,1,0,1,1,6,1.0,1,3,1,1,0.6875908663302831,1,0,0,0,0,5,0,0,0,0
ecommerce_ops,shop,customers,full_name,varchar,9609,11693,0,0.0,0,3,0.8217737107671256,1,0,0.5,0,6,1,11693,1,1,0,1,1,6,1.0,1,2,1,1,0.8217737107671256,1,0,0,0,0,9,0,0,0,0
ecommerce_ops,shop,customers,country,varchar,2,11693,0,0.0,0,4,0.0001710425040622,1,0,0.6666666666666666,0,6,1,11693,1,1,0,1,1,6,1.0,1,6,1,1,0.0001710425040622,1,0,0,0,0,7,0,0,0,0
ecommerce_ops,shop,customers,created_at,date,7730,11693,0,0.0,0,5,0.6610792782006328,1,0,0.8333333333333334,0,6,1,11693,1,1,0,1,1,6,1.0,1,4,1,1,0.6610792782006328,1,0,0,0,0,10,0,0,0,0
ecommerce_ops,shop,customers,is_active,boolean,6,11693,0,0.0,0,6,0.0005131275121867,1,0,1.0,0,6,1,11693,1,1,0,1,1,6,1.0,1,5,1,1,0.0005131275121867,1,0,0,0,0,9,0,0,0,0
ecommerce_ops,shop,products,product_id,bigint,2630,2630,0,0.0,1,1,1.0,1,1,0.1666666666666666,1,6,1,2630,0,1,0,1,1,5,1.0,2,1,1,1,1.0,0,1,0,1,1,10,1,0,0,0
ecommerce_ops,shop,products,sku,varchar,2284,2630,0,0.0,0,2,0.8684410646387832,1,0,0.3333333333333333,0,6,1,2630,1,1,0,1,1,5,1.0,2,2,1,1,0.8684410646387832,1,0,0,0,0,3,0,0,0,0
ecommerce_ops,shop,products,name,varchar,1888,2630,0,0.0,0,3,0.7178707224334601,1,0,0.5,0,6,1,2630,1,1,0,1,1,5,1.0,2,3,1,1,0.7178707224334601,1,0,0,0,0,4,0,0,0,0
ecommerce_ops,shop,products,brand,varchar,7,2630,0,0.0,0,4,0.0026615969581749,1,0,0.6666666666666666,0,6,1,2630,1,1,0,1,1,5,1.0,2,6,1,1,0.0026615969581749,1,0,0,0,0,5,0,0,0,0
ecommerce_ops,shop,products,price,decimal,380,2630,0,0.0,0,5,0.1444866920152091,1,0,0.8333333333333334,0,6,1,2630,1,1,0,1,1,5,1.0,2,5,1,1,0.1444866920152091,1,0,0,0,0,5,0,0,0,0
ecommerce_ops,shop,products,weight_g,integer,397,2630,226,0.0859315589353612,0,6,0.1509505703422053,0,0,1.0,0,6,1,2630,1,1,0,1,1,5,1.0,2,4,6,0,0.1509505703422053,1,0,0,0,0,8,0,0,0,0
ecommerce_ops,shop,orders,order_id,bigint,91037,91037,0,0.0,1,1,1.0,1,1,0.2,1,5,1,91037,0,1,0,1,2,5,1.0,2,1,1,1,1.0,0,1,0,1,1,8,1,0,0,0
ecommerce_ops,shop,orders,customer_id,bigint,11693,91037,0,0.0,0,2,0.1284422817096345,1,0,0.4,0,5,1,91037,1,1,0,1,2,5,1.0,2,4,1,1,0.1284422817096345,1,1,0,0,0,11,0,0,1,0
ecommerce_ops,shop,orders,order_date,date,76536,91037,0,0.0,0,3,0.8407131166448807,1,0,0.6,0,5,1,91037,1,1,0,1,2,5,1.0,2,2,1,1,0.8407131166448807,1,0,0,1,0,10,0,0,0,0
ecommerce_ops,shop,orders,status,varchar,2,91037,0,0.0,0,4,2.1969089491086043e-05,1,0,0.8,0,5,1,91037,1,1,0,1,2,5,1.0,2,5,1,1,2.1969089491086043e-05,1,0,0,0,0,6,0,0,0,0
ecommerce_ops,shop,orders,total_amount,decimal,16182,91037,0,0.0,0,5,0.1777519030723771,1,0,1.0,0,5,1,91037,1,1,0,1,2,5,1.0,2,3,1,1,0.1777519030723771,1,0,0,0,0,12,0,0,0,0
ecommerce_ops,shop,categories,category_id,bigint,34,34,0,0.0,1,1,1.0,1,1,0.3333333333333333,1,3,1,34,0,1,0,1,1,3,1.0,2,1,1,1,1.0,0,1,0,1,1,11,1,0,0,0
ecommerce_ops,shop,categories,name,varchar,28,34,0,0.0,0,2,0.8235294117647058,1,0,0.6666666666666666,0,3,1,34,1,1,0,1,1,3,1.0,2,2,1,1,0.8235294117647058,1,0,0,0,0,4,0,0,0,0
ecommerce_ops,shop,categories,level,integer,4,34,0,0.0,0,3,0.1176470588235294,1,0,1.0,0,3,1,34,1,1,0,1,1,3,1.0,2,3,1,1,0.1176470588235294,1,0,0,0,0,5,0,0,0,0
ecommerce_ops,shop,order_items,order_id,bigint,68398,96311,0,0.0,0,1,0.7101784842852842,1,1,0.1666666666666666,0,6,0,96311,0,0,1,0,2,5,0.7101784842852842,4,1,1,1,1.0,0,1,0,0,0,8,0,1,0,0
ecommerce_ops,shop,order_items,item_seq,integer,2,96311,0,0.0,0,2,2.076605995161508e-05,1,0,0.3333333333333333,0,6,0,96311,0,0,1,0,2,5,0.7101784842852842,4,6,1,1,2.924062107079154e-05,0,0,0,0,0,8,0,1,0,0
ecommerce_ops,shop,order_items,product_id,bigint,2630,96311,0,0.0,0,3,0.0273073688363738,1,0,0.5,0,6,0,96311,0,0,1,0,2,5,0.7101784842852842,4,3,1,1,0.0384514167080908,0,1,0,0,0,10,0,0,1,0
ecommerce_ops,shop,order_items,quantity,integer,5,96311,0,0.0,0,4,5.19151498790377e-05,1,0,0.6666666666666666,0,6,0,96311,0,0,1,0,2,5,0.7101784842852842,4,5,1,1,7.310155267697885e-05,0,0,0,0,0,8,0,0,0,0
ecommerce_ops,shop,order_items,unit_price,decimal,7946,96311,0,0.0,0,5,0.0825035561877667,1,0,0.8333333333333334,0,6,0,96311,0,0,1,0,2,5,0.7101784842852842,4,2,1,1,0.1161729875142547,0,0,0,0,0,10,0,0,0,0
ecommerce_ops,shop,order_items,discount,decimal,7,96311,3590,0.037275077613149,0,6,7.268120983065278e-05,0,0,1.0,0,6,0,96311,0,0,1,0,2,5,0.7101784842852842,4,4,6,0,0.0001023421737477,0,0,0,0,0,8,0,0,0,0
ecommerce_ops,shop,cart_items,customer_id,bigint,2944,34875,0,0.0,0,1,0.084415770609319,1,1,0.25,0,4,0,34875,0,0,1,0,2,4,0.7440860215053764,3,2,1,1,0.1134489402697495,0,1,0,0,0,11,0,1,0,0
ecommerce_ops,shop,cart_items,product_id,bigint,2630,34875,0,0.0,0,2,0.0754121863799283,1,0,0.5,0,4,0,34875,0,0,1,0,2,4,0.7440860215053764,3,3,1,1,0.1013487475915221,0,1,0,0,0,10,0,1,0,0
ecommerce_ops,shop,cart_items,added_at,date,25950,34875,0,0.0,0,3,0.7440860215053764,1,0,0.75,0,4,0,34875,0,0,1,0,2,4,0.7440860215053764,3,1,1,1,1.0,0,0,0,0,0,8,0,0,0,0
ecommerce_ops,shop,cart_items,quantity,integer,5,34875,0,0.0,0,4,0.0001433691756272,1,0,1.0,0,4,0,34875,0,0,1,0,2,4,0.7440860215053764,3,4,1,1,0.0001926782273603,0,0,0,0,0,8,0,0,0,0
ecommerce_ops,shop,product_categories,product_id,bigint,797,1722,0,0.0,0,1,0.4628339140534262,1,1,0.3333333333333333,0,3,0,1722,0,0,1,0,2,3,0.4628339140534262,2,1,1,1,1.0,0,1,0,0,0,10,0,1,0,0
ecommerce_ops,shop,product_categories,category_id,bigint,34,1722,0,0.0,0,2,0.0197444831591173,1,0,0.6666666666666666,0,3,0,1722,0,0,1,0,2,3,0.4628339140534262,2,2,1,1,0.0426599749058971,0,1,0,0,0,11,0,1,0,0
ecommerce_ops,shop,product_categories,is_primary,boolean,8,1722,0,0.0,0,3,0.0046457607433217,1,0,1.0,0,3,0,1722,0,0,1,0,2,3,0.4628339140534262,2,3,1,1,0.0100376411543287,0,0,0,0,0,10,0,0,0,0
ecommerce_ops,shop,wishlists,customer_id,bigint,11693,33977,0,0.0,0,1,0.3441445683844954,1,1,0.25,0,4,0,33977,0,0,1,0,2,3,0.7083909703623039,3,2,1,1,0.4858116249117122,0,1,0,0,0,11,0,1,0,0
ecommerce_ops,shop,wishlists,product_id,bigint,2630,33977,0,0.0,0,2,0.0774053035877211,1,0,0.5,0,4,0,33977,0,0,1,0,2,3,0.7083909703623039,3,3,1,1,0.1092691844281025,0,1,0,0,0,10,0,1,0,0
ecommerce_ops,shop,wishlists,added_at,date,24069,33977,0,0.0,0,3,0.7083909703623039,1,0,0.75,0,4,0,33977,0,0,1,0,2,3,0.7083909703623039,3,1,1,1,1.0,0,0,0,0,0,8,0,0,0,0
ecommerce_ops,shop,wishlists,priority,integer,2,33977,1173,0.0345233540336109,0,4,5.8863348735909584e-05,0,0,1.0,0,4,0,33977,0,0,1,0,2,3,0.7083909703623039,3,4,4,0,8.30944368274544e-05,0,0,0,0,0,8,0,0,0,0
ecommerce_ops,shop,promotion_products,promotion_id,bigint,417,559,0,0.0,0,1,0.7459749552772809,1,1,0.25,0,4,0,559,0,0,1,0,2,3,0.7459749552772809,3,1,1,1,1.0,0,1,0,0,0,12,0,1,0,0
ecommerce_ops,shop,promotion_products,product_id,bigint,248,559,0,0.0,0,2,0.443649373881932,1,0,0.5,0,4,0,559,0,0,1,0,2,3,0.7459749552772809,3,2,1,1,0.5947242206235013,0,1,0,0,0,10,0,1,0,0
ecommerce_ops,shop,promotion_products,discount_pct,decimal,2,559,0,0.0,0,3,0.0035778175313059,1,0,0.75,0,4,0,559,0,0,1,0,2,3,0.7459749552772809,3,4,1,1,0.0047961630695443,0,0,0,0,0,12,0,0,0,0
ecommerce_ops,shop,promotion_products,max_qty,integer,4,559,26,0.0465116279069767,0,4,0.0071556350626118,0,0,1.0,0,4,0,559,0,0,1,0,2,3,0.7459749552772809,3,3,4,0,0.0095923261390887,0,0,0,0,0,7,0,0,0,0
hr_system,human_resources,employees,employee_id,bigint,2274,2274,0,0.0,1,1,1.0,1,1,0.1666666666666666,1,6,1,2274,0,1,0,1,1,6,1.0,1,1,1,1,1.0,0,1,0,1,1,11,1,0,0,0
hr_system,human_resources,employees,full_name,varchar,1913,2274,0,0.0,0,2,0.8412489006156553,1,0,0.3333333333333333,0,6,1,2274,1,1,0,1,1,6,1.0,1,2,1,1,0.8412489006156553,1,0,0,0,0,9,0,0,0,0
hr_system,human_resources,employees,email,varchar,1624,2274,0,0.0,0,3,0.714160070360598,1,0,0.5,0,6,1,2274,1,1,0,1,1,6,1.0,1,3,1,1,0.714160070360598,1,0,0,0,0,5,0,0,0,0
hr_system,human_resources,employees,department,varchar,7,2274,0,0.0,0,4,0.0030782761653474,1,0,0.6666666666666666,0,6,1,2274,1,1,0,1,1,6,1.0,1,5,1,1,0.0030782761653474,1,0,0,0,0,10,0,0,0,0
hr_system,human_resources,employees,hire_date,date,1420,2274,0,0.0,0,5,0.6244503078276166,1,0,0.8333333333333334,0,6,1,2274,1,1,0,1,1,6,1.0,1,4,1,1,0.6244503078276166,1,0,0,0,0,9,0,0,0,0
hr_system,human_resources,employees,is_active,boolean,2,2274,0,0.0,0,6,0.0008795074758135,1,0,1.0,0,6,1,2274,1,1,0,1,1,6,1.0,1,6,1,1,0.0008795074758135,1,0,0,0,0,9,0,0,0,0
hr_system,human_resources,projects,project_id,bigint,244,244,0,0.0,1,1,1.0,1,1,0.2,1,5,1,244,0,1,0,1,1,4,1.0,1,1,1,1,1.0,0,1,0,1,1,10,1,0,0,0
hr_system,human_resources,projects,name,varchar,147,244,0,0.0,0,2,0.6024590163934426,1,0,0.4,0,5,1,244,1,1,0,1,1,4,1.0,1,3,1,1,0.6024590163934426,1,0,0,0,0,4,0,0,0,0
hr_system,human_resources,projects,status,varchar,4,244,0,0.0,0,3,0.0163934426229508,1,0,0.6,0,5,1,244,1,1,0,1,1,4,1.0,1,5,1,1,0.0163934426229508,1,0,0,0,0,6,0,0,0,0
hr_system,human_resources,projects,start_date,date,163,244,0,0.0,0,4,0.6680327868852459,1,0,0.8,0,5,1,244,1,1,0,1,1,4,1.0,1,2,1,1,0.6680327868852459,1,0,0,0,0,10,0,0,0,0
hr_system,human_resources,projects,budget,decimal,44,244,20,0.081967213114754,0,5,0.180327868852459,0,0,1.0,0,5,1,244,1,1,0,1,1,4,1.0,1,4,5,0,0.180327868852459,1,0,0,0,0,6,0,0,0,0
hr_system,human_resources,skills,skill_id,bigint,36,36,0,0.0,1,1,1.0,1,1,0.3333333333333333,1,3,1,36,0,1,0,1,1,3,1.0,1,1,1,1,1.0,0,1,0,1,1,8,1,0,0,0
hr_system,human_resources,skills,name,varchar,33,36,0,0.0,0,2,0.9166666666666666,1,0,0.6666666666666666,0,3,1,36,1,1,0,1,1,3,1.0,1,2,1,1,0.9166666666666666,1,0,0,0,0,4,0,0,0,0
hr_system,human_resources,skills,category,varchar,8,36,0,0.0,0,3,0.2222222222222222,1,0,1.0,0,3,1,36,1,1,0,1,1,3,1.0,1,3,1,1,0.2222222222222222,1,0,0,0,0,8,0,0,0,0
hr_system,human_resources,roles,role_id,bigint,49,49,0,0.0,1,1,1.0,1,1,0.3333333333333333,1,3,1,49,0,1,0,1,1,3,1.0,2,1,1,1,1.0,0,1,0,1,1,7,1,0,0,0
hr_system,human_resources,roles,title,varchar,30,49,0,0.0,0,2,0.6122448979591837,1,0,0.6666666666666666,0,3,1,49,1,1,0,1,1,3,1.0,2,2,1,1,0.6122448979591837,1,0,0,0,0,5,0,0,0,0
hr_system,human_resources,roles,level,integer,5,49,0,0.0,0,3,0.1020408163265306,1,0,1.0,0,3,1,49,1,1,0,1,1,3,1.0,2,3,1,1,0.1020408163265306,1,0,0,0,0,5,0,0,0,0
hr_system,human_resources,employee_skills,employee_id,bigint,2274,5882,0,0.0,0,1,0.3866031961917715,1,1,0.25,0,4,0,5882,0,0,1,0,2,3,0.7169330159809588,3,2,1,1,0.5392459094142756,0,1,0,0,0,11,0,1,0,0
hr_system,human_resources,employee_skills,skill_id,bigint,36,5882,0,0.0,0,2,0.0061203672220333,1,0,0.5,0,4,0,5882,0,0,1,0,2,3,0.7169330159809588,3,3,1,1,0.0085368745553711,0,1,0,0,0,8,0,1,0,0
hr_system,human_resources,employee_skills,proficiency,integer,2,5882,0,0.0,0,3,0.000340020401224,1,0,0.75,0,4,0,5882,0,0,1,0,2,3,0.7169330159809588,3,4,1,1,0.0004742708086317,0,0,0,0,0,11,0,0,0,0
hr_system,human_resources,employee_skills,certified_at,date,4217,5882,319,0.0542332539952397,0,4,0.7169330159809588,0,0,1.0,0,4,0,5882,0,0,1,0,2,3,0.7169330159809588,3,1,4,0,1.0,0,0,0,0,0,12,0,0,0,0
hr_system,human_resources,project_assignments,project_id,bigint,244,1501,0,0.0,0,1,0.1625582944703531,1,1,0.2,0,5,0,1501,0,0,1,1,2,4,0.9673550966022652,3,2,1,1,0.1680440771349862,1,1,0,0,0,10,0,1,0,0
hr_system,human_resources,project_assignments,employee_id,bigint,151,1501,0,0.0,0,2,0.100599600266489,1,0,0.4,0,5,0,1501,0,0,1,1,2,4,0.9673550966022652,3,3,1,1,0.1039944903581267,1,1,0,0,0,11,0,1,0,0
hr_system,human_resources,project_assignments,role,varchar,3,1501,0,0.0,0,3,0.0019986675549633,1,0,0.6,0,5,0,1501,0,0,1,1,2,4,0.9673550966022652,3,5,1,1,0.0020661157024793,1,0,0,0,0,4,0,0,0,0
hr_system,human_resources,project_assignments,assigned_at,date,1452,1501,0,0.0,0,4,0.9673550966022652,1,0,0.8,0,5,0,1501,0,0,1,1,2,4,0.9673550966022652,3,1,1,1,1.0,0,0,0,0,0,11,0,0,0,0
hr_system,human_resources,project_assignments,hours_week,integer,7,1501,36,0.0239840106595602,0,5,0.0046635576282478,0,0,1.0,0,5,0,1501,0,0,1,1,2,4,0.9673550966022652,3,4,5,0,0.0048209366391184,1,0,0,0,0,10,0,0,0,0
hr_system,human_resources,role_permissions,role_id,bigint,49,346,0,0.0,0,1,0.1416184971098266,1,1,0.25,0,4,0,346,0,0,1,0,2,4,0.1416184971098266,2,1,1,1,1.0,0,1,0,0,0,7,0,1,0,0
hr_system,human_resources,role_permissions,permission_id,bigint,37,346,0,0.0,0,2,0.1069364161849711,1,0,0.5,0,4,0,346,0,0,1,0,2,4,0.1416184971098266,2,2,1,1,0.7551020408163265,0,1,0,0,0,13,0,1,0,0
hr_system,human_resources,role_permissions,can_read,boolean,4,346,0,0.0,0,3,0.0115606936416184,1,0,0.75,0,4,0,346,0,0,1,0,2,4,0.1416184971098266,2,4,1,1,0.0816326530612244,0,0,0,0,0,8,0,0,0,0
hr_system,human_resources,role_permissions,can_write,boolean,7,346,0,0.0,0,4,0.0202312138728323,1,0,1.0,0,4,0,346,0,0,1,0,2,4,0.1416184971098266,2,3,1,1,0.1428571428571428,0,0,0,0,0,9,0,0,0,0
hr_system,human_resources,salary_history,employee_id,bigint,1257,2969,0,0.0,0,1,0.4233748736948468,1,1,0.25,0,4,0,2969,0,0,1,0,1,4,0.4233748736948468,2,1,1,1,1.0,0,1,0,0,0,11,0,1,0,0
hr_system,human_resources,salary_history,effective_year,integer,5,2969,0,0.0,0,2,0.0016840687100033,1,0,0.5,0,4,0,2969,0,0,1,0,1,4,0.4233748736948468,2,4,1,1,0.0039777247414478,0,0,0,0,0,14,0,1,0,0
hr_system,human_resources,salary_history,amount,decimal,669,2969,0,0.0,0,3,0.2253283933984506,1,0,0.75,0,4,0,2969,0,0,1,0,1,4,0.4233748736948468,2,2,1,1,0.5322195704057279,0,0,0,0,0,6,0,0,0,0
hr_system,human_resources,salary_history,currency,varchar,6,2969,0,0.0,0,4,0.002020882452004,1,0,1.0,0,4,0,2969,0,0,1,0,1,4,0.4233748736948468,2,3,1,1,0.0047732696897374,0,0,0,0,0,8,0,0,0,0
hr_system,human_resources,team_members,team_id,bigint,321,822,0,0.0,0,1,0.3905109489051095,1,1,0.25,0,4,0,822,0,0,1,0,2,4,0.6970802919708029,2,3,1,1,0.5602094240837697,0,1,0,0,0,7,0,1,0,0
hr_system,human_resources,team_members,employee_id,bigint,538,822,0,0.0,0,2,0.6545012165450121,1,0,0.5,0,4,0,822,0,0,1,0,2,4,0.6970802919708029,2,2,1,1,0.9389179755671904,0,1,0,0,0,11,0,1,0,0
hr_system,human_resources,team_members,is_lead,boolean,5,822,0,0.0,0,3,0.0060827250608272,1,0,0.75,0,4,0,822,0,0,1,0,2,4,0.6970802919708029,2,4,1,1,0.0087260034904013,0,0,0,0,0,7,0,0,0,0
hr_system,human_resources,team_members,joined_at,date,573,822,0,0.0,0,4,0.6970802919708029,1,0,1.0,0,4,0,822,0,0,1,0,2,4,0.6970802919708029,2,1,1,1,1.0,0,0,0,0,0,9,0,0,0,0
library_db,catalog,books,book_id,bigint,8796,8796,0,0.0,1,1,1.0,1,1,0.2,1,5,1,8796,0,1,0,2,1,5,1.0,2,1,1,1,1.0,1,1,0,1,1,7,1,0,0,0
library_db,catalog,books,isbn,varchar,8396,8796,0,0.0,0,2,0.954524783992724,1,0,0.4,0,5,1,8796,1,1,0,2,1,5,1.0,2,2,1,1,0.954524783992724,1,0,0,0,0,4,0,0,0,0
library_db,catalog,books,title,varchar,5548,8796,0,0.0,0,3,0.6307412460209186,1,0,0.6,0,5,1,8796,1,1,0,2,1,5,1.0,2,3,1,1,0.6307412460209186,2,0,0,0,0,5,0,0,0,0
library_db,catalog,books,publisher,varchar,2445,8796,0,0.0,0,4,0.2779672578444747,1,0,0.8,0,5,1,8796,1,1,0,2,1,5,1.0,2,4,1,1,0.2779672578444747,2,0,0,0,0,9,0,0,0,0
library_db,catalog,books,pub_year,integer,7,8796,0,0.0,0,5,0.0007958162801273,1,0,1.0,0,5,1,8796,1,1,0,2,1,5,1.0,2,5,1,1,0.0007958162801273,2,0,0,0,0,8,0,0,0,0
library_db,catalog,authors,author_id,bigint,6892,6892,0,0.0,1,1,1.0,1,1,0.3333333333333333,1,3,1,6892,0,1,0,1,1,2,1.0,1,1,1,1,1.0,0,1,0,1,1,9,1,0,0,0
library_db,catalog,authors,full_name,varchar,5162,6892,0,0.0,0,2,0.748984329657574,1,0,0.6666666666666666,0,3,1,6892,1,1,0,1,1,2,1.0,1,2,1,1,0.748984329657574,1,0,0,0,0,9,0,0,0,0
library_db,catalog,authors,nationality,varchar,7,6892,631,0.0915554265815438,0,3,0.001015670342426,0,0,1.0,0,3,1,6892,1,1,0,1,1,2,1.0,1,3,3,0,0.001015670342426,1,0,0,0,0,11,0,0,0,0
library_db,catalog,members,member_id,bigint,2498,2498,0,0.0,1,1,1.0,1,1,0.2,1,5,1,2498,0,1,0,1,1,5,1.0,1,1,1,1,1.0,0,1,0,1,1,9,1,0,0,0
library_db,catalog,members,full_name,varchar,2167,2498,0,0.0,0,2,0.8674939951961569,1,0,0.4,0,5,1,2498,1,1,0,1,1,5,1.0,1,2,1,1,0.8674939951961569,1,0,0,0,0,9,0,0,0,0
library_db,catalog,members,email,varchar,1936,2498,0,0.0,0,3,0.7750200160128102,1,0,0.6,0,5,1,2498,1,1,0,1,1,5,1.0,1,3,1,1,0.7750200160128102,1,0,0,0,0,5,0,0,0,0
library_db,catalog,members,membership_type,varchar,3,2498,0,0.0,0,4,0.0012009607686148,1,0,0.8,0,5,1,2498,1,1,0,1,1,5,1.0,1,5,1,1,0.0012009607686148,1,0,0,1,0,15,0,0,0,0
library_db,catalog,members,joined_date,date,1651,2498,0,0.0,0,5,0.6609287429943955,1,0,1.0,0,5,1,2498,1,1,0,1,1,5,1.0,1,4,1,1,0.6609287429943955,1,0,0,0,0,11,0,0,0,0
library_db,catalog,subjects,subject_id,bigint,185,185,0,0.0,1,1,1.0,1,1,0.3333333333333333,1,3,1,185,0,1,0,1,1,3,1.0,1,1,1,1,1.0,0,1,0,1,1,10,1,0,0,0
library_db,catalog,subjects,name,varchar,121,185,0,0.0,0,2,0.654054054054054,1,0,0.6666666666666666,0,3,1,185,1,1,0,1,1,3,1.0,1,2,1,1,0.654054054054054,1,0,0,0,0,4,0,0,0,0
library_db,catalog,subjects,dewey_class,varchar,55,185,0,0.0,0,3,0.2972972972972973,1,0,1.0,0,3,1,185,1,1,0,1,1,3,1.0,1,3,1,1,0.2972972972972973,1,0,0,0,0,11,0,0,0,0
library_db,catalog,book_authors,book_id,bigint,2750,9698,0,0.0,0,1,0.2835636213652299,1,1,0.25,0,4,0,9698,0,0,1,0,2,4,0.4249329758713137,3,2,1,1,0.6673137587964086,0,1,0,0,0,7,0,1,0,0
library_db,catalog,book_authors,author_id,bigint,4121,9698,0,0.0,0,2,0.4249329758713137,1,0,0.5,0,4,0,9698,0,0,1,0,2,4,0.4249329758713137,3,1,1,1,1.0,0,1,0,0,0,9,0,1,0,0
library_db,catalog,book_authors,author_order,integer,11,9698,0,0.0,0,3,0.0011342544854609,1,0,0.75,0,4,0,9698,0,0,1,0,2,4,0.4249329758713137,3,3,1,1,0.0026692550351856,0,0,0,0,0,12,0,1,0,0
library_db,catalog,book_authors,is_primary,boolean,3,9698,0,0.0,0,4,0.0003093421323984,1,0,1.0,0,4,0,9698,0,0,1,0,2,4,0.4249329758713137,3,4,1,1,0.0007279786459597,0,0,0,0,0,10,0,0,0,0
library_db,catalog,book_subjects,book_id,bigint,3351,18456,0,0.0,0,1,0.1815669700910273,1,1,0.3333333333333333,0,3,0,18456,0,0,1,0,2,2,0.1815669700910273,3,1,1,1,1.0,0,1,0,0,0,7,0,1,0,0
library_db,catalog,book_subjects,subject_id,bigint,185,18456,0,0.0,0,2,0.0100238404854789,1,0,0.6666666666666666,0,3,0,18456,0,0,1,0,2,2,0.1815669700910273,3,2,1,1,0.0552074007758877,0,1,0,0,0,10,0,1,0,0
library_db,catalog,book_subjects,relevance,integer,5,18456,1267,0.0686497615951452,0,3,0.0002709146077156,0,0,1.0,0,3,0,18456,0,0,1,0,2,2,0.1815669700910273,3,3,3,0,0.0014920919128618,0,0,0,0,0,9,0,0,0,0
library_db,catalog,loans,member_id,bigint,2498,20663,0,0.0,0,1,0.1208924163964574,1,1,0.2,0,5,0,20663,0,0,1,0,2,4,0.8687025117359531,2,5,1,1,0.1391643454038997,0,1,0,0,0,9,0,1,0,0
library_db,catalog,loans,book_id,bigint,8796,20663,0,0.0,0,2,0.4256884285921696,1,0,0.4,0,5,0,20663,0,0,1,0,2,4,0.8687025117359531,2,4,1,1,0.4900278551532033,0,1,0,0,0,7,0,1,0,0
library_db,catalog,loans,loan_date,date,17868,20663,0,0.0,0,3,0.8647340657213377,1,0,0.6,0,5,0,20663,0,0,1,0,2,4,0.8687025117359531,2,2,1,1,0.995431754874652,0,0,0,1,0,9,0,0,0,0
library_db,catalog,loans,due_date,date,17950,20663,0,0.0,0,4,0.8687025117359531,1,0,0.8,0,5,0,20663,0,0,1,0,2,4,0.8687025117359531,2,1,1,1,1.0,0,0,0,0,0,8,0,0,0,0
library_db,catalog,loans,returned_at,date,14991,20663,1556,0.0753036829114843,0,5,0.7254996854280599,0,0,1.0,0,5,0,20663,0,0,1,0,2,4,0.8687025117359531,2,3,5,0,0.8351532033426184,0,0,0,0,0,11,0,0,0,0
library_db,catalog,reading_lists,member_id,bigint,2498,11135,0,0.0,0,1,0.224337674000898,1,1,0.25,0,4,0,11135,0,0,1,0,2,4,0.6759766502020655,2,2,1,1,0.33187192772685,0,1,0,0,0,9,0,1,0,0
library_db,catalog,reading_lists,book_id,bigint,683,11135,0,0.0,0,2,0.0613381230354737,1,0,0.5,0,4,0,11135,0,0,1,0,2,4,0.6759766502020655,2,3,1,1,0.0907400026571011,0,1,0,0,0,7,0,1,0,0
library_db,catalog,reading_lists,list_type,varchar,3,11135,0,0.0,0,3,0.0002694207453973,1,0,0.75,0,4,0,11135,0,0,1,0,2,4,0.6759766502020655,2,4,1,1,0.0003985651654045,0,0,0,0,0,9,0,1,0,0
library_db,catalog,reading_lists,added_at,date,7527,11135,0,0.0,0,4,0.6759766502020655,1,0,1.0,0,4,0,11135,0,0,1,0,2,4,0.6759766502020655,2,1,1,1,1.0,0,0,0,0,0,8,0,0,0,0
library_db,catalog,membership_services,membership_type,varchar,28,174,0,0.0,0,1,0.160919540229885,1,1,0.25,0,4,0,174,0,0,1,0,0,4,0.1666666666666666,2,2,1,1,0.9655172413793104,0,0,0,0,0,15,0,1,0,0
library_db,catalog,membership_services,service_code,varchar,29,174,0,0.0,0,2,0.1666666666666666,1,0,0.5,0,4,0,174,0,0,1,0,0,4,0.1666666666666666,2,1,1,1,1.0,0,0,0,0,0,12,0,1,0,0
library_db,catalog,membership_services,max_loans,integer,2,174,0,0.0,0,3,0.0114942528735632,1,0,0.75,0,4,0,174,0,0,1,0,0,4,0.1666666666666666,2,4,1,1,0.0689655172413793,0,0,0,0,0,9,0,0,0,0
library_db,catalog,membership_services,duration_days,integer,7,174,0,0.0,0,4,0.0402298850574712,1,0,1.0,0,4,0,174,0,0,1,0,0,4,0.1666666666666666,2,3,1,1,0.2413793103448276,0,0,0,0,0,13,0,0,0,0
social_platform,social,users,user_id,bigint,148209,148209,0,0.0,1,1,1.0,1,1,0.2,1,5,1,148209,0,1,0,2,1,5,1.0,1,1,1,1,1.0,1,1,0,1,1,7,1,0,0,0
social_platform,social,users,username,varchar,133335,148209,0,0.0,0,2,0.8996417221626217,1,0,0.4,0,5,1,148209,1,1,0,2,1,5,1.0,1,3,1,1,0.8996417221626217,2,0,0,1,0,8,0,0,0,0
social_platform,social,users,email,varchar,98369,148209,0,0.0,0,3,0.6637181277790147,1,0,0.6,0,5,1,148209,1,1,0,2,1,5,1.0,1,4,1,1,0.6637181277790147,2,0,0,0,0,5,0,0,0,0
social_platform,social,users,created_at,date,143711,148209,0,0.0,0,4,0.9696509658657706,1,0,0.8,0,5,1,148209,1,1,0,2,1,5,1.0,1,2,1,1,0.9696509658657706,1,0,0,0,0,10,0,0,0,0
social_platform,social,users,is_active,boolean,5,148209,0,0.0,0,5,3.373614287931232e-05,1,0,1.0,0,5,1,148209,1,1,0,2,1,5,1.0,1,5,1,1,3.373614287931232e-05,2,0,0,0,0,9,0,0,0,0
social_platform,social,posts,post_id,bigint,460336,460336,0,0.0,1,1,1.0,1,1,0.2,1,5,1,460336,0,1,0,1,2,5,1.0,3,1,1,1,1.0,0,1,0,1,1,7,1,0,0,0
social_platform,social,posts,user_id,bigint,148209,460336,0,0.0,0,2,0.3219583087136352,1,0,0.4,0,5,1,460336,1,1,0,1,2,5,1.0,3,3,1,1,0.3219583087136352,1,1,0,0,0,7,0,0,1,0
social_platform,social,posts,content_type,varchar,5,460336,0,0.0,0,3,1.0861631503944945e-05,1,0,0.6,0,5,1,460336,1,1,0,1,2,5,1.0,3,5,1,1,1.0861631503944945e-05,1,0,0,0,0,12,0,0,0,0
social_platform,social,posts,created_at,date,361004,460336,0,0.0,0,4,0.7842184838900281,1,0,0.8,0,5,1,460336,1,1,0,1,2,5,1.0,3,2,1,1,0.7842184838900281,1,0,0,0,0,10,0,0,0,0
social_platform,social,posts,like_count,integer,113817,460336,0,0.0,0,5,0.2472476625769003,1,0,1.0,0,5,1,460336,1,1,0,1,2,5,1.0,3,4,1,1,0.2472476625769003,1,0,0,0,0,10,0,0,0,0
social_platform,social,groups,group_id,bigint,3397,3397,0,0.0,1,1,1.0,1,1,0.25,1,4,1,3397,0,1,0,1,1,4,1.0,1,1,1,1,1.0,0,1,0,1,1,8,1,0,0,0
social_platform,social,groups,name,varchar,2695,3397,0,0.0,0,2,0.7933470709449514,1,0,0.5,0,4,1,3397,1,1,0,1,1,4,1.0,1,2,1,1,0.7933470709449514,1,0,0,0,0,4,0,0,0,0
social_platform,social,groups,privacy,varchar,5,3397,0,0.0,0,3,0.0014718869590815,1,0,0.75,0,4,1,3397,1,1,0,1,1,4,1.0,1,4,1,1,0.0014718869590815,1,0,0,0,0,7,0,0,0,0
social_platform,social,groups,created_at,date,2674,3397,0,0.0,0,4,0.787165145716809,1,0,1.0,0,4,1,3397,1,1,0,1,1,4,1.0,1,3,1,1,0.787165145716809,1,0,0,0,0,10,0,0,0,0
social_platform,social,follows,follower_id,bigint,138310,1075999,0,0.0,0,1,0.1285410116552152,1,1,0.3333333333333333,0,3,0,1075999,0,0,1,0,2,3,0.9263623850951536,2,3,1,1,0.1387588849929522,0,1,0,1,0,11,0,1,0,0
social_platform,social,follows,followee_id,bigint,148209,1075999,0,0.0,0,2,0.1377408343316304,1,0,0.6666666666666666,0,3,0,1075999,0,0,1,0,2,3,0.9263623850951536,2,2,1,1,0.1486900121894328,0,1,0,1,0,11,0,1,0,0
social_platform,social,follows,followed_at,date,996765,1075999,0,0.0,0,3,0.9263623850951536,1,0,1.0,0,3,0,1075999,0,0,1,0,2,3,0.9263623850951536,2,1,1,1,1.0,0,0,0,1,0,11,0,0,0,0
social_platform,social,post_likes,post_id,bigint,460336,1625110,0,0.0,0,1,0.2832645174788168,1,1,0.3333333333333333,0,3,0,1625110,0,0,1,0,2,3,0.6877614438407246,2,2,1,1,0.4118644917007251,0,1,0,0,0,7,0,1,0,0
social_platform,social,post_likes,user_id,bigint,148209,1625110,0,0.0,0,2,0.0911993649660638,1,0,0.6666666666666666,0,3,0,1625110,0,0,1,0,2,3,0.6877614438407246,2,3,1,1,0.1326031951671665,0,1,0,0,0,7,0,1,0,0
social_platform,social,post_likes,liked_at,date,1117688,1625110,0,0.0,0,3,0.6877614438407246,1,0,1.0,0,3,0,1625110,0,0,1,0,2,3,0.6877614438407246,2,1,1,1,1.0,0,0,0,0,0,8,0,0,0,0
social_platform,social,group_members,group_id,bigint,3397,514120,0,0.0,0,1,0.00660740683109,1,1,0.25,0,4,0,514120,0,0,1,0,2,4,0.6017719598537307,2,3,1,1,0.0109799180950472,0,1,0,0,0,8,0,1,0,0
social_platform,social,group_members,user_id,bigint,148209,514120,0,0.0,0,2,0.2882770559402474,1,0,0.5,0,4,0,514120,0,0,1,0,2,4,0.6017719598537307,2,2,1,1,0.4790470064612471,0,1,0,0,0,7,0,1,0,0
social_platform,social,group_members,role,varchar,2,514120,0,0.0,0,3,3.890142379211079e-06,1,0,0.75,0,4,0,514120,0,0,1,0,2,4,0.6017719598537307,2,4,1,1,6.464479302353393e-06,0,0,0,0,0,4,0,0,0,0
social_platform,social,group_members,joined_at,date,309383,514120,0,0.0,0,4,0.6017719598537307,1,0,1.0,0,4,0,514120,0,0,1,0,2,4,0.6017719598537307,2,1,1,1,1.0,0,0,0,0,0,9,0,0,0,0
social_platform,social,blocked_users,blocker_id,bigint,16676,27260,0,0.0,0,1,0.6117388114453411,1,1,0.3333333333333333,0,3,0,27260,0,0,1,0,2,3,0.8591709464416728,2,2,1,1,0.71201058878784,0,1,0,0,0,10,0,1,0,0
social_platform,social,blocked_users,blocked_id,bigint,1734,27260,0,0.0,0,2,0.0636096845194424,1,0,0.6666666666666666,0,3,0,27260,0,0,1,0,2,3,0.8591709464416728,2,3,1,1,0.0740361214294863,0,1,0,0,0,10,0,1,0,0
social_platform,social,blocked_users,blocked_at,date,23421,27260,0,0.0,0,3,0.8591709464416728,1,0,1.0,0,3,0,27260,0,0,1,0,2,3,0.8591709464416728,2,1,1,1,1.0,0,0,0,0,0,10,0,0,0,0
social_platform,social,user_badges,user_id,bigint,43224,156061,0,0.0,0,1,0.276968621244257,1,1,0.25,0,4,0,156061,0,0,1,0,2,3,0.8234023875279538,2,4,1,1,0.3363709231834771,0,1,0,0,0,7,0,1,0,0
social_platform,social,user_badges,badge_id,bigint,56268,156061,0,0.0,0,2,0.3605513228801558,1,0,0.5,0,4,0,156061,0,0,1,0,2,3,0.8234023875279538,2,3,1,1,0.4378798608571139,0,1,0,0,0,8,0,1,0,0
social_platform,social,user_badges,awarded_at,date,128501,156061,0,0.0,0,3,0.8234023875279538,1,0,0.75,0,4,0,156061,0,0,1,0,2,3,0.8234023875279538,2,1,1,1,1.0,0,0,0,0,0,10,0,0,0,0
social_platform,social,user_badges,expires_at,date,96536,156061,4446,0.0284888601252074,0,4,0.618578632714131,0,0,1.0,0,4,0,156061,0,0,1,0,2,3,0.8234023875279538,2,2,4,0,0.7512470720072217,0,0,0,0,0,10,0,0,0,0
inventory_mgmt,warehouse,warehouses,warehouse_id,bigint,38,38,0,0.0,1,1,1.0,1,1,0.25,1,4,1,38,0,1,0,1,1,4,1.0,2,1,1,1,1.0,0,1,0,1,1,12,1,0,0,0
inventory_mgmt,warehouse,warehouses,name,varchar,32,38,0,0.0,0,2,0.8421052631578947,1,0,0.5,0,4,1,38,1,1,0,1,1,4,1.0,2,2,1,1,0.8421052631578947,1,0,0,0,0,4,0,0,0,0
inventory_mgmt,warehouse,warehouses,location,varchar,2,38,0,0.0,0,3,0.0526315789473684,1,0,0.75,0,4,1,38,1,1,0,1,1,4,1.0,2,4,1,1,0.0526315789473684,1,0,0,0,0,8,0,0,0,0
inventory_mgmt,warehouse,warehouses,capacity,integer,8,38,0,0.0,0,4,0.2105263157894736,1,0,1.0,0,4,1,38,1,1,0,1,1,4,1.0,2,3,1,1,0.2105263157894736,1,0,0,0,0,8,0,0,0,0
inventory_mgmt,warehouse,products,product_id,bigint,4105,4105,0,0.0,1,1,1.0,1,1,0.2,1,5,1,4105,0,1,0,1,1,4,1.0,1,1,1,1,1.0,0,1,0,1,1,10,1,0,0,0
inventory_mgmt,warehouse,products,sku,varchar,2656,4105,0,0.0,0,2,0.6470158343483556,1,0,0.4,0,5,1,4105,1,1,0,1,1,4,1.0,1,3,1,1,0.6470158343483556,1,0,0,0,0,3,0,0,0,0
inventory_mgmt,warehouse,products,name,varchar,3168,4105,0,0.0,0,3,0.771741778319123,1,0,0.6,0,5,1,4105,1,1,0,1,1,4,1.0,1,2,1,1,0.771741778319123,1,0,0,0,0,4,0,0,0,0
inventory_mgmt,warehouse,products,category,varchar,2,4105,0,0.0,0,4,0.0004872107186358,1,0,0.8,0,5,1,4105,1,1,0,1,1,4,1.0,1,5,1,1,0.0004872107186358,1,0,0,0,0,8,0,0,0,0
inventory_mgmt,warehouse,products,unit_weight,decimal,1118,4105,280,0.0682095006090134,0,5,0.2723507917174178,0,0,1.0,0,5,1,4105,1,1,0,1,1,4,1.0,1,4,5,0,0.2723507917174178,1,0,0,0,0,11,0,0,0,0
inventory_mgmt,warehouse,suppliers,supplier_id,bigint,194,194,0,0.0,1,1,1.0,1,1,0.25,1,4,1,194,0,1,0,1,1,4,1.0,2,1,1,1,1.0,0,1,0,1,1,11,1,0,0,0
inventory_mgmt,warehouse,suppliers,name,varchar,143,194,0,0.0,0,2,0.7371134020618557,1,0,0.5,0,4,1,194,1,1,0,1,1,4,1.0,2,2,1,1,0.7371134020618557,1,0,0,0,0,4,0,0,0,0
inventory_mgmt,warehouse,suppliers,country,varchar,8,194,0,0.0,0,3,0.0412371134020618,1,0,0.75,0,4,1,194,1,1,0,1,1,4,1.0,2,3,1,1,0.0412371134020618,1,0,0,0,0,7,0,0,0,0
inventory_mgmt,warehouse,suppliers,lead_time_days,integer,2,194,0,0.0,0,4,0.0103092783505154,1,0,1.0,0,4,1,194,1,1,0,1,1,4,1.0,2,4,1,1,0.0103092783505154,1,0,0,0,0,14,0,0,0,0
inventory_mgmt,warehouse,kits,kit_id,bigint,274,274,0,0.0,1,1,1.0,1,1,0.3333333333333333,1,3,1,274,0,1,0,1,1,3,1.0,1,1,1,1,1.0,0,1,0,1,1,6,1,0,0,0
inventory_mgmt,warehouse,kits,name,varchar,223,274,0,0.0,0,2,0.8138686131386861,1,0,0.6666666666666666,0,3,1,274,1,1,0,1,1,3,1.0,1,2,1,1,0.8138686131386861,1,0,0,0,0,4,0,0,0,0
inventory_mgmt,warehouse,kits,is_active,boolean,7,274,0,0.0,0,3,0.0255474452554744,1,0,1.0,0,3,1,274,1,1,0,1,1,3,1.0,1,3,1,1,0.0255474452554744,1,0,0,0,0,9,0,0,0,0
inventory_mgmt,warehouse,stock_levels,warehouse_id,bigint,38,5306,0,0.0,0,1,0.0071617037316245,1,1,0.2,0,5,0,5306,0,0,1,0,2,5,0.6061062947606484,4,5,1,1,0.0118159203980099,0,1,0,0,0,12,0,1,0,0
inventory_mgmt,warehouse,stock_levels,product_id,bigint,680,5306,0,0.0,0,2,0.128156803618545,1,0,0.4,0,5,0,5306,0,0,1,0,2,5,0.6061062947606484,4,3,1,1,0.2114427860696517,0,1,0,0,0,10,0,1,0,0
inventory_mgmt,warehouse,stock_levels,quantity,integer,860,5306,0,0.0,0,3,0.1620806633999246,1,0,0.6,0,5,0,5306,0,0,1,0,2,5,0.6061062947606484,4,2,1,1,0.267412935323383,0,0,0,0,0,8,0,0,0,0
inventory_mgmt,warehouse,stock_levels,reserved_qty,integer,305,5306,0,0.0,0,4,0.0574820957406709,1,0,0.8,0,5,0,5306,0,0,1,0,2,5,0.6061062947606484,4,4,1,1,0.0948383084577114,0,0,0,0,0,12,0,0,0,0
inventory_mgmt,warehouse,stock_levels,last_updated,date,3216,5306,0,0.0,0,5,0.6061062947606484,1,0,1.0,0,5,0,5306,0,0,1,0,2,5,0.6061062947606484,4,1,1,1,1.0,0,0,0,0,0,12,0,0,0,0
inventory_mgmt,warehouse,kit_components,kit_id,bigint,274,1112,0,0.0,0,1,0.2464028776978417,1,1,0.25,0,4,0,1112,0,0,1,0,2,4,0.2464028776978417,3,1,1,1,1.0,0,1,0,0,0,6,0,1,0,0
inventory_mgmt,warehouse,kit_components,product_id,bigint,143,1112,0,0.0,0,2,0.1285971223021582,1,0,0.5,0,4,0,1112,0,0,1,0,2,4,0.2464028776978417,3,2,1,1,0.5218978102189782,0,1,0,0,0,10,0,1,0,0
inventory_mgmt,warehouse,kit_components,quantity,integer,7,1112,0,0.0,0,3,0.0062949640287769,1,0,0.75,0,4,0,1112,0,0,1,0,2,4,0.2464028776978417,3,3,1,1,0.0255474452554744,0,0,0,0,0,8,0,0,0,0
inventory_mgmt,warehouse,kit_components,is_optional,boolean,6,1112,0,0.0,0,4,0.0053956834532374,1,0,1.0,0,4,0,1112,0,0,1,0,2,4,0.2464028776978417,3,4,1,1,0.0218978102189781,0,0,0,0,0,11,0,0,0,0
inventory_mgmt,warehouse,supplier_products,supplier_id,bigint,194,3384,0,0.0,0,1,0.0573286052009456,1,1,0.2,0,5,0,3384,0,0,1,0,2,5,0.3880023640661938,3,3,1,1,0.1477532368621477,0,1,0,0,0,11,0,1,0,0
inventory_mgmt,warehouse,supplier_products,product_id,bigint,1313,3384,0,0.0,0,2,0.3880023640661938,1,0,0.4,0,5,0,3384,0,0,1,0,2,5,0.3880023640661938,3,1,1,1,1.0,0,1,0,0,0,10,0,1,0,0
inventory_mgmt,warehouse,supplier_products,unit_cost,decimal,1001,3384,0,0.0,0,3,0.2958037825059101,1,0,0.6,0,5,0,3384,0,0,1,0,2,5,0.3880023640661938,3,2,1,1,0.7623762376237623,0,0,0,0,0,9,0,0,0,0
inventory_mgmt,warehouse,supplier_products,min_order_qty,integer,6,3384,0,0.0,0,4,0.00177304964539,1,0,0.8,0,5,0,3384,0,0,1,0,2,5,0.3880023640661938,3,5,1,1,0.0045696877380045,0,0,0,0,0,13,0,0,0,0
inventory_mgmt,warehouse,supplier_products,is_preferred,boolean,7,3384,0,0.0,0,5,0.0020685579196217,1,0,1.0,0,5,0,3384,0,0,1,0,2,5,0.3880023640661938,3,4,1,1,0.0053313023610053,0,0,0,0,0,12,0,0,0,0
inventory_mgmt,warehouse,reorder_rules,warehouse_id,bigint,38,622,0,0.0,0,1,0.0610932475884244,1,1,0.25,0,4,0,622,0,0,1,0,2,4,0.270096463022508,4,4,1,1,0.2261904761904761,0,1,0,0,0,12,0,1,0,0
inventory_mgmt,warehouse,reorder_rules,product_id,bigint,121,622,0,0.0,0,2,0.1945337620578778,1,0,0.5,0,4,0,622,0,0,1,0,2,4,0.270096463022508,4,3,1,1,0.7202380952380952,0,1,0,0,0,10,0,1,0,0
inventory_mgmt,warehouse,reorder_rules,min_stock,integer,168,622,0,0.0,0,3,0.270096463022508,1,0,0.75,0,4,0,622,0,0,1,0,2,4,0.270096463022508,4,1,1,1,1.0,0,0,0,0,0,9,0,0,0,0
inventory_mgmt,warehouse,reorder_rules,reorder_qty,integer,156,622,0,0.0,0,4,0.2508038585209003,1,0,1.0,0,4,0,622,0,0,1,0,2,4,0.270096463022508,4,2,1,1,0.9285714285714284,0,0,0,0,0,11,0,0,0,0
inventory_mgmt,warehouse,warehouse_zones,warehouse_id,bigint,27,254,0,0.0,0,1,0.1062992125984252,1,1,0.25,0,4,0,254,0,0,1,0,1,4,0.5354330708661418,1,3,1,1,0.1985294117647058,0,1,0,0,0,12,0,1,0,0
inventory_mgmt,warehouse,warehouse_zones,zone_code,varchar,136,254,0,0.0,0,2,0.5354330708661418,1,0,0.5,0,4,0,254,0,0,1,0,1,4,0.5354330708661418,1,1,1,1,1.0,0,0,0,0,0,9,0,1,0,0
inventory_mgmt,warehouse,warehouse_zones,zone_type,varchar,2,254,0,0.0,0,3,0.0078740157480314,1,0,0.75,0,4,0,254,0,0,1,0,1,4,0.5354330708661418,1,4,1,1,0.0147058823529411,0,0,0,0,0,9,0,0,0,0
inventory_mgmt,warehouse,warehouse_zones,capacity_pct,decimal,33,254,0,0.0,0,4,0.1299212598425196,1,0,1.0,0,4,0,254,0,0,1,0,1,4,0.5354330708661418,1,2,1,1,0.2426470588235293,0,0,0,0,0,12,0,0,0,0
telecom_billing,billing,subscribers,subscriber_id,bigint,321036,321036,0,0.0,1,1,1.0,1,1,0.2,1,5,1,321036,0,1,0,1,1,5,1.0,1,1,1,1,1.0,0,1,0,1,1,13,1,0,0,0
telecom_billing,billing,subscribers,msisdn,varchar,223546,321036,0,0.0,0,2,0.6963268916881595,1,0,0.4,0,5,1,321036,1,1,0,1,1,5,1.0,1,3,1,1,0.6963268916881595,1,0,0,0,0,6,0,0,0,0
telecom_billing,billing,subscribers,full_name,varchar,216723,321036,0,0.0,0,3,0.6750738234964303,1,0,0.6,0,5,1,321036,1,1,0,1,1,5,1.0,1,4,1,1,0.6750738234964303,1,0,0,0,0,9,0,0,0,0
telecom_billing,billing,subscribers,status,varchar,6,321036,0,0.0,0,4,1.8689492767166295e-05,1,0,0.8,0,5,1,321036,1,1,0,1,1,5,1.0,1,5,1,1,1.8689492767166295e-05,1,0,0,0,0,6,0,0,0,0
telecom_billing,billing,subscribers,registered_at,date,232571,321036,0,0.0,0,5,0.7244390037254389,1,0,1.0,0,5,1,321036,1,1,0,1,1,5,1.0,1,2,1,1,0.7244390037254389,1,0,0,0,0,13,0,0,0,0
telecom_billing,billing,plans,plan_id,bigint,21,21,0,0.0,1,1,1.0,1,1,0.25,1,4,1,21,0,1,0,1,1,4,1.0,2,1,1,1,1.0,0,1,0,1,1,7,1,0,0,0
telecom_billing,billing,plans,name,varchar,15,21,0,0.0,0,2,0.7142857142857143,1,0,0.5,0,4,1,21,1,1,0,1,1,4,1.0,2,2,1,1,0.7142857142857143,1,0,0,0,0,4,0,0,0,0
telecom_billing,billing,plans,monthly_fee,decimal,5,21,0,0.0,0,3,0.238095238095238,1,0,0.75,0,4,1,21,1,1,0,1,1,4,1.0,2,3,1,1,0.238095238095238,1,0,0,0,0,11,0,0,0,0
telecom_billing,billing,plans,data_gb,integer,2,21,0,0.0,0,4,0.0952380952380952,1,0,1.0,0,4,1,21,1,1,0,1,1,4,1.0,2,4,1,1,0.0952380952380952,1,0,0,0,0,7,0,0,0,0
telecom_billing,billing,services,service_id,bigint,119,119,0,0.0,1,1,1.0,1,1,0.25,1,4,1,119,0,1,0,1,1,4,1.0,1,1,1,1,1.0,0,1,0,1,1,10,1,0,0,0
telecom_billing,billing,services,name,varchar,93,119,0,0.0,0,2,0.7815126050420168,1,0,0.5,0,4,1,119,1,1,0,1,1,4,1.0,1,2,1,1,0.7815126050420168,1,0,0,0,0,4,0,0,0,0
telecom_billing,billing,services,service_type,varchar,6,119,0,0.0,0,3,0.0504201680672268,1,0,0.75,0,4,1,119,1,1,0,1,1,4,1.0,1,4,1,1,0.0504201680672268,1,0,0,1,0,12,0,0,0,0
telecom_billing,billing,services,monthly_fee,decimal,21,119,0,0.0,0,4,0.1764705882352941,1,0,1.0,0,4,1,119,1,1,0,1,1,4,1.0,1,3,1,1,0.1764705882352941,1,0,0,0,0,11,0,0,0,0
telecom_billing,billing,operators,operator_id,bigint,119,119,0,0.0,1,1,1.0,1,1,0.25,1,4,1,119,0,1,0,1,1,4,1.0,1,1,1,1,1.0,0,1,0,1,1,11,1,0,0,0
telecom_billing,billing,operators,name,varchar,98,119,0,0.0,0,2,0.8235294117647058,1,0,0.5,0,4,1,119,1,1,0,1,1,4,1.0,1,3,1,1,0.8235294117647058,1,0,0,0,0,4,0,0,0,0
telecom_billing,billing,operators,country,varchar,3,119,0,0.0,0,3,0.0252100840336134,1,0,0.75,0,4,1,119,1,1,0,1,1,4,1.0,1,4,1,1,0.0252100840336134,1,0,0,0,0,7,0,0,0,0
telecom_billing,billing,operators,mcc_mnc,varchar,110,119,0,0.0,0,4,0.9243697478991596,1,0,1.0,0,4,1,119,1,1,0,1,1,4,1.0,1,2,1,1,0.9243697478991596,1,0,0,0,0,7,0,0,0,0
telecom_billing,billing,plan_features,plan_id,bigint,21,759,0,0.0,0,1,0.0276679841897233,1,1,0.25,0,4,0,759,0,0,1,0,1,3,0.1989459815546772,2,2,1,1,0.1390728476821192,0,1,0,0,0,7,0,1,0,0
telecom_billing,billing,plan_features,feature_code,varchar,13,759,0,0.0,0,2,0.0171277997364953,1,0,0.5,0,4,0,759,0,0,1,0,1,3,0.1989459815546772,2,3,1,1,0.086092715231788,0,0,0,0,0,12,0,1,0,0
telecom_billing,billing,plan_features,quota_value,integer,151,759,16,0.0210803689064558,0,3,0.1989459815546772,0,0,0.75,0,4,0,759,0,0,1,0,1,3,0.1989459815546772,2,1,4,0,1.0,0,0,0,0,0,11,0,0,0,0
telecom_billing,billing,plan_features,is_unlimited,boolean,3,759,0,0.0,0,4,0.0039525691699604,1,0,1.0,0,4,0,759,0,0,1,0,1,3,0.1989459815546772,2,4,1,1,0.0198675496688741,0,0,0,0,0,12,0,0,0,0
telecom_billing,billing,bundle_items,bundle_id,bigint,342,609,0,0.0,0,1,0.5615763546798029,1,1,0.25,0,4,0,609,0,0,1,0,2,3,0.5615763546798029,3,1,1,1,1.0,0,1,0,0,0,9,0,1,0,0
telecom_billing,billing,bundle_items,service_id,bigint,119,609,0,0.0,0,2,0.1954022988505747,1,0,0.5,0,4,0,609,0,0,1,0,2,3,0.5615763546798029,3,3,1,1,0.347953216374269,0,1,0,0,0,10,0,1,0,0
telecom_billing,billing,bundle_items,quantity,integer,5,609,0,0.0,0,3,0.0082101806239737,1,0,0.75,0,4,0,609,0,0,1,0,2,3,0.5615763546798029,3,4,1,1,0.0146198830409356,0,0,0,0,0,8,0,0,0,0
telecom_billing,billing,bundle_items,override_fee,decimal,180,609,38,0.0623973727422003,0,4,0.2955665024630542,0,0,1.0,0,4,0,609,0,0,1,0,2,3,0.5615763546798029,3,2,4,0,0.5263157894736843,0,0,0,0,0,12,0,0,0,0
telecom_billing,billing,roaming_partners,home_operator_id,bigint,119,780,0,0.0,0,1,0.1525641025641025,1,1,0.25,0,4,0,780,0,0,1,0,2,4,0.6076923076923076,2,2,1,1,0.2510548523206751,0,1,0,0,0,16,0,1,0,0
telecom_billing,billing,roaming_partners,partner_operator_id,bigint,119,780,0,0.0,0,2,0.1525641025641025,1,0,0.5,0,4,0,780,0,0,1,0,2,4,0.6076923076923076,2,2,1,1,0.2510548523206751,0,1,0,0,0,19,0,1,0,0
telecom_billing,billing,roaming_partners,agreement_type,varchar,2,780,0,0.0,0,3,0.0025641025641025,1,0,0.75,0,4,0,780,0,0,1,0,2,4,0.6076923076923076,2,4,1,1,0.0042194092827004,0,0,0,0,0,14,0,0,0,0
telecom_billing,billing,roaming_partners,valid_from,date,474,780,0,0.0,0,4,0.6076923076923076,1,0,1.0,0,4,0,780,0,0,1,0,2,4,0.6076923076923076,2,1,1,1,1.0,0,0,0,0,0,10,0,0,0,0
telecom_billing,billing,subscriber_services,subscriber_id,bigint,23665,214405,0,0.0,0,1,0.1103752244583848,1,1,0.25,0,4,0,214405,0,0,1,0,2,4,0.8362818031295912,2,2,1,1,0.1319832908540292,0,1,0,0,0,13,0,1,0,0
telecom_billing,billing,subscriber_services,service_id,bigint,119,214405,0,0.0,0,2,0.0005550243697674,1,0,0.5,0,4,0,214405,0,0,1,0,2,4,0.8362818031295912,2,3,1,1,0.0006636810315499,0,1,0,0,0,10,0,1,0,0
telecom_billing,billing,subscriber_services,activated_at,date,179303,214405,0,0.0,0,3,0.8362818031295912,1,0,0.75,0,4,0,214405,0,0,1,0,2,4,0.8362818031295912,2,1,1,1,1.0,0,0,0,0,0,12,0,0,0,0
telecom_billing,billing,subscriber_services,status,varchar,3,214405,0,0.0,0,4,1.3992211002541918e-05,1,0,1.0,0,4,0,214405,0,0,1,0,2,4,0.8362818031295912,2,4,1,1,1.67314545768894e-05,0,0,0,0,0,6,0,0,0,0
telecom_billing,billing,tariff_zones,operator_id,bigint,119,604,0,0.0,0,1,0.1970198675496688,1,1,0.25,0,4,0,604,0,0,1,0,1,4,0.2947019867549669,1,2,1,1,0.6685393258426966,0,1,0,0,0,11,0,1,0,0
telecom_billing,billing,tariff_zones,zone_code,varchar,9,604,0,0.0,0,2,0.0149006622516556,1,0,0.5,0,4,0,604,0,0,1,0,1,4,0.2947019867549669,1,4,1,1,0.0505617977528089,0,0,0,0,0,9,0,1,0,0
telecom_billing,billing,tariff_zones,zone_name,varchar,178,604,0,0.0,0,3,0.2947019867549669,1,0,0.75,0,4,0,604,0,0,1,0,1,4,0.2947019867549669,1,1,1,1,1.0,0,0,0,0,0,9,0,0,0,0
telecom_billing,billing,tariff_zones,rate_per_min,decimal,75,604,0,0.0,0,4,0.1241721854304635,1,0,1.0,0,4,0,604,0,0,1,0,1,4,0.2947019867549669,1,3,1,1,0.4213483146067415,0,0,0,0,0,12,0,0,0,0
banking_system,core_banking,customers,customer_id,bigint,135112,135112,0,0.0,1,1,1.0,1,1,0.2,1,5,1,135112,0,1,0,1,1,5,1.0,1,1,1,1,1.0,0,1,0,1,1,11,1,0,0,0
banking_system,core_banking,customers,full_name,varchar,108451,135112,0,0.0,0,2,0.8026748179288294,1,0,0.4,0,5,1,135112,1,1,0,1,1,5,1.0,1,2,1,1,0.8026748179288294,1,0,0,0,0,9,0,0,0,0
banking_system,core_banking,customers,id_number,varchar,100693,135112,0,0.0,0,3,0.7452557877908698,1,0,0.6,0,5,1,135112,1,1,0,1,1,5,1.0,1,3,1,1,0.7452557877908698,1,0,0,0,0,9,0,0,0,0
banking_system,core_banking,customers,date_of_birth,date,85176,135112,0,0.0,0,4,0.6304103262478536,1,0,0.8,0,5,1,135112,1,1,0,1,1,5,1.0,1,4,1,1,0.6304103262478536,1,0,0,0,0,13,0,0,0,0
banking_system,core_banking,customers,is_active,boolean,2,135112,0,0.0,0,5,1.4802534193853989e-05,1,0,1.0,0,5,1,135112,1,1,0,1,1,5,1.0,1,5,1,1,1.4802534193853989e-05,1,0,0,0,0,9,0,0,0,0
banking_system,core_banking,accounts,account_id,bigint,117800,117800,0,0.0,1,1,1.0,1,1,0.1666666666666666,1,6,1,117800,0,1,0,1,1,6,1.0,1,1,1,1,1.0,0,1,0,1,1,10,1,0,0,0
banking_system,core_banking,accounts,account_no,varchar,106412,117800,0,0.0,0,2,0.9033276740237692,1,0,0.3333333333333333,0,6,1,117800,1,1,0,1,1,6,1.0,1,2,1,1,0.9033276740237692,1,0,0,1,0,10,0,0,0,0
banking_system,core_banking,accounts,account_type,varchar,6,117800,0,0.0,0,3,5.093378607809847e-05,1,0,0.5,0,6,1,117800,1,1,0,1,1,6,1.0,1,5,1,1,5.093378607809847e-05,1,0,0,1,0,12,0,0,0,0
banking_system,core_banking,accounts,opened_date,date,86689,117800,0,0.0,0,4,0.735899830220713,1,0,0.6666666666666666,0,6,1,117800,1,1,0,1,1,6,1.0,1,3,1,1,0.735899830220713,1,0,0,0,0,11,0,0,0,0
banking_system,core_banking,accounts,balance,decimal,6555,117800,0,0.0,0,5,0.0556451612903225,1,0,0.8333333333333334,0,6,1,117800,1,1,0,1,1,6,1.0,1,4,1,1,0.0556451612903225,1,0,0,0,0,7,0,0,0,0
banking_system,core_banking,accounts,status,varchar,5,117800,0,0.0,0,6,4.244482173174873e-05,1,0,1.0,0,6,1,117800,1,1,0,1,1,6,1.0,1,6,1,1,4.244482173174873e-05,1,0,0,0,0,6,0,0,0,0
banking_system,core_banking,products,product_id,bigint,70,70,0,0.0,1,1,1.0,1,1,0.25,1,4,1,70,0,1,0,1,1,3,1.0,1,1,1,1,1.0,0,1,0,1,1,10,1,0,0,0
banking_system,core_banking,products,name,varchar,57,70,0,0.0,0,2,0.8142857142857143,1,0,0.5,0,4,1,70,1,1,0,1,1,3,1.0,1,2,1,1,0.8142857142857143,1,0,0,0,0,4,0,0,0,0
banking_system,core_banking,products,product_type,varchar,7,70,0,0.0,0,3,0.1,1,0,0.75,0,4,1,70,1,1,0,1,1,3,1.0,1,4,1,1,0.1,1,0,0,1,0,12,0,0,0,0
banking_system,core_banking,products,base_rate,decimal,19,70,4,0.0571428571428571,0,4,0.2714285714285714,0,0,1.0,0,4,1,70,1,1,0,1,1,3,1.0,1,3,4,0,0.2714285714285714,1,0,0,0,0,9,0,0,0,0
banking_system,core_banking,instruments,instrument_id,bigint,2234,2234,0,0.0,1,1,1.0,1,1,0.25,1,4,1,2234,0,1,0,1,1,4,1.0,1,1,1,1,1.0,0,1,0,1,1,13,1,0,0,0
banking_system,core_banking,instruments,isin,varchar,1932,2234,0,0.0,0,2,0.864816472694718,1,0,0.5,0,4,1,2234,1,1,0,1,1,4,1.0,1,2,1,1,0.864816472694718,1,0,0,0,0,4,0,0,0,0
banking_system,core_banking,instruments,name,varchar,1479,2234,0,0.0,0,3,0.6620411817367949,1,0,0.75,0,4,1,2234,1,1,0,1,1,4,1.0,1,3,1,1,0.6620411817367949,1,0,0,0,0,4,0,0,0,0
banking_system,core_banking,instruments,asset_class,varchar,3,2234,0,0.0,0,4,0.0013428827215756,1,0,1.0,0,4,1,2234,1,1,0,1,1,4,1.0,1,4,1,1,0.0013428827215756,1,0,0,0,0,11,0,0,0,0
banking_system,core_banking,account_holders,account_id,bigint,59252,256244,0,0.0,0,1,0.2312327313029768,1,1,0.25,0,4,0,256244,0,0,1,0,2,4,0.6266371115030986,2,2,1,1,0.3690058042498069,0,1,0,0,0,10,0,1,0,0
banking_system,core_banking,account_holders,customer_id,bigint,18995,256244,0,0.0,0,2,0.074128564961521,1,0,0.5,0,4,0,256244,0,0,1,0,2,4,0.6266371115030986,2,3,1,1,0.1182958423635503,0,1,0,0,0,11,0,1,0,0
banking_system,core_banking,account_holders,holder_type,varchar,6,256244,0,0.0,0,3,2.341518240427093e-05,1,0,0.75,0,4,0,256244,0,0,1,0,2,4,0.6266371115030986,2,4,1,1,3.736641506613855e-05,0,0,0,0,0,11,0,0,0,0
banking_system,core_banking,account_holders,since_date,date,160572,256244,0,0.0,0,4,0.6266371115030986,1,0,1.0,0,4,0,256244,0,0,1,0,2,4,0.6266371115030986,2,1,1,1,1.0,0,0,0,0,0,10,0,0,0,0
banking_system,core_banking,portfolio_holdings,account_id,bigint,117800,776200,0,0.0,0,1,0.1517650090182942,1,1,0.25,0,4,0,776200,0,0,1,0,2,4,0.2108747745426436,2,3,1,1,0.7196925727482115,0,1,0,0,0,10,0,1,0,0
banking_system,core_banking,portfolio_holdings,instrument_id,bigint,2234,776200,0,0.0,0,2,0.0028781241947951,1,0,0.5,0,4,0,776200,0,0,1,0,2,4,0.2108747745426436,2,4,1,1,0.0136484992149363,0,1,0,0,0,13,0,1,0,0
banking_system,core_banking,portfolio_holdings,quantity,decimal,163681,776200,0,0.0,0,3,0.2108747745426436,1,0,0.75,0,4,0,776200,0,0,1,0,2,4,0.2108747745426436,2,1,1,1,1.0,0,0,0,0,0,8,0,0,0,0
banking_system,core_banking,portfolio_holdings,avg_cost,decimal,128085,776200,0,0.0,0,4,0.1650154599330069,1,0,1.0,0,4,0,776200,0,0,1,0,2,4,0.2108747745426436,2,2,1,1,0.7825282103603961,0,0,0,0,0,8,0,0,0,0
banking_system,core_banking,rate_cards,product_id,bigint,70,931,0,0.0,0,1,0.075187969924812,1,1,0.2,0,5,0,931,0,0,1,0,1,5,0.7368421052631579,1,3,1,1,0.1020408163265306,0,1,0,0,0,10,0,1,0,0
banking_system,core_banking,rate_cards,tier_code,varchar,6,931,0,0.0,0,2,0.0064446831364124,1,0,0.4,0,5,0,931,0,0,1,0,1,5,0.7368421052631579,1,5,1,1,0.0087463556851311,0,0,0,0,0,9,0,1,0,0
banking_system,core_banking,rate_cards,rate,decimal,53,931,0,0.0,0,3,0.0569280343716433,1,0,0.6,0,5,0,931,0,0,1,0,1,5,0.7368421052631579,1,4,1,1,0.0772594752186588,0,0,0,0,0,4,0,0,0,0
banking_system,core_banking,rate_cards,min_balance,decimal,236,931,0,0.0,0,4,0.2534908700322234,1,0,0.8,0,5,0,931,0,0,1,0,1,5,0.7368421052631579,1,2,1,1,0.3440233236151603,0,0,0,0,0,11,0,0,0,0
banking_system,core_banking,rate_cards,valid_from,date,686,931,0,0.0,0,5,0.7368421052631579,1,0,1.0,0,5,0,931,0,0,1,0,1,5,0.7368421052631579,1,1,1,1,1.0,0,0,0,0,0,10,0,0,0,0
banking_system,core_banking,standing_orders,account_id,bigint,53647,82435,0,0.0,0,1,0.650779401953054,1,1,0.2,0,5,0,82435,0,0,1,0,2,5,0.7599563292290896,2,2,1,1,0.8563378932750172,0,1,0,0,0,10,0,1,0,0
banking_system,core_banking,standing_orders,payee_id,bigint,29063,82435,0,0.0,0,2,0.3525565597137138,1,0,0.4,0,5,0,82435,0,0,1,0,2,5,0.7599563292290896,2,3,1,1,0.4639168675275751,0,1,0,0,0,8,0,1,0,0
banking_system,core_banking,standing_orders,frequency,varchar,8,82435,0,0.0,0,3,9.704615757869836e-05,1,0,0.6,0,5,0,82435,0,0,1,0,2,5,0.7599563292290896,2,5,1,1,0.0001276996504222,0,0,0,0,0,9,0,0,0,0
banking_system,core_banking,standing_orders,amount,decimal,10292,82435,0,0.0,0,4,0.1248498817249954,1,0,0.8,0,5,0,82435,0,0,1,0,2,5,0.7599563292290896,2,4,1,1,0.1642856002681692,0,0,0,0,0,6,0,0,0,0
banking_system,core_banking,standing_orders,next_exec,date,62647,82435,0,0.0,0,5,0.7599563292290896,1,0,1.0,0,5,0,82435,0,0,1,0,2,5,0.7599563292290896,2,1,1,1,1.0,0,0,0,0,0,9,0,0,0,0
banking_system,core_banking,product_fees,product_id,bigint,70,289,0,0.0,0,1,0.2422145328719723,1,1,0.25,0,4,0,289,0,0,1,0,1,4,0.2422145328719723,1,1,1,1,1.0,0,1,0,0,0,10,0,1,0,0
banking_system,core_banking,product_fees,fee_code,varchar,12,289,0,0.0,0,2,0.0415224913494809,1,0,0.5,0,4,0,289,0,0,1,0,1,4,0.2422145328719723,1,3,1,1,0.1714285714285714,0,0,0,0,0,8,0,1,0,0
banking_system,core_banking,product_fees,amount,decimal,48,289,0,0.0,0,3,0.1660899653979238,1,0,0.75,0,4,0,289,0,0,1,0,1,4,0.2422145328719723,1,2,1,1,0.6857142857142857,0,0,0,0,0,6,0,0,0,0
banking_system,core_banking,product_fees,frequency,varchar,5,289,0,0.0,0,4,0.0173010380622837,1,0,1.0,0,4,0,289,0,0,1,0,1,4,0.2422145328719723,1,4,1,1,0.0714285714285714,0,0,0,0,0,9,0,0,0,0
event_mgmt,events,events,event_id,bigint,993,993,0,0.0,1,1,1.0,1,1,0.1666666666666666,1,6,1,993,0,1,0,1,1,6,1.0,2,1,1,1,1.0,0,1,0,1,1,8,1,0,0,0
event_mgmt,events,events,name,varchar,654,993,0,0.0,0,2,0.6586102719033232,1,0,0.3333333333333333,0,6,1,993,1,1,0,1,1,6,1.0,2,3,1,1,0.6586102719033232,1,0,0,0,0,4,0,0,0,0
event_mgmt,events,events,event_date,date,877,993,0,0.0,0,3,0.8831822759315207,1,0,0.5,0,6,1,993,1,1,0,1,1,6,1.0,2,2,1,1,0.8831822759315207,1,0,0,1,0,10,0,0,0,0
event_mgmt,events,events,location,varchar,169,993,0,0.0,0,4,0.1701913393756294,1,0,0.6666666666666666,0,6,1,993,1,1,0,1,1,6,1.0,2,5,1,1,0.1701913393756294,1,0,0,0,0,8,0,0,0,0
event_mgmt,events,events,capacity,integer,179,993,0,0.0,0,5,0.1802618328298086,1,0,0.8333333333333334,0,6,1,993,1,1,0,1,1,6,1.0,2,4,1,1,0.1802618328298086,1,0,0,0,0,8,0,0,0,0
event_mgmt,events,events,status,varchar,6,993,0,0.0,0,6,0.0060422960725075,1,0,1.0,0,6,1,993,1,1,0,1,1,6,1.0,2,6,1,1,0.0060422960725075,1,0,0,0,0,6,0,0,0,0
event_mgmt,events,speakers,speaker_id,bigint,1543,1543,0,0.0,1,1,1.0,1,1,0.25,1,4,1,1543,0,1,0,1,1,3,1.0,1,1,1,1,1.0,0,1,0,1,1,10,1,0,0,0
event_mgmt,events,speakers,full_name,varchar,1442,1543,0,0.0,0,2,0.9345430978613092,1,0,0.5,0,4,1,1543,1,1,0,1,1,3,1.0,1,2,1,1,0.9345430978613092,1,0,0,0,0,9,0,0,0,0
event_mgmt,events,speakers,organization,varchar,187,1543,132,0.085547634478289,0,3,0.1211924821775761,0,0,0.75,0,4,1,1543,1,1,0,1,1,3,1.0,1,3,4,0,0.1211924821775761,1,0,0,0,0,12,0,0,0,0
event_mgmt,events,speakers,expertise,varchar,5,1543,0,0.0,0,4,0.0032404406999351,1,0,1.0,0,4,1,1543,1,1,0,1,1,3,1.0,1,4,1,1,0.0032404406999351,1,0,0,0,0,9,0,0,0,0
event_mgmt,events,sessions,session_id,bigint,1893,1893,0,0.0,1,1,1.0,1,1,0.2,1,5,1,1893,0,1,0,1,2,5,1.0,3,1,1,1,1.0,0,1,0,1,1,10,1,0,0,0
event_mgmt,events,sessions,event_id,bigint,993,1893,0,0.0,0,2,0.5245641838351822,1,0,0.4,0,5,1,1893,1,1,0,1,2,5,1.0,3,3,1,1,0.5245641838351822,1,1,0,0,0,8,0,0,1,0
event_mgmt,events,sessions,title,varchar,1594,1893,0,0.0,0,3,0.8420496566296883,1,0,0.6,0,5,1,1893,1,1,0,1,2,5,1.0,3,2,1,1,0.8420496566296883,1,0,0,0,0,5,0,0,0,0
event_mgmt,events,sessions,track,varchar,7,1893,0,0.0,0,4,0.0036978341257263,1,0,0.8,0,5,1,1893,1,1,0,1,2,5,1.0,3,4,1,1,0.0036978341257263,1,0,0,0,0,5,0,0,0,0
event_mgmt,events,sessions,duration_min,integer,2,1893,0,0.0,0,5,0.0010565240359218,1,0,1.0,0,5,1,1893,1,1,0,1,2,5,1.0,3,5,1,1,0.0010565240359218,1,0,0,0,0,12,0,0,0,0
event_mgmt,events,registrations,registration_id,bigint,8976,8976,0,0.0,1,1,1.0,1,1,0.2,1,5,1,8976,0,1,0,1,2,5,1.0,2,1,1,1,1.0,0,1,0,1,1,15,1,0,0,0
event_mgmt,events,registrations,event_id,bigint,993,8976,0,0.0,0,2,0.1106283422459893,1,0,0.4,0,5,1,8976,1,1,0,1,2,5,1.0,2,4,1,1,0.1106283422459893,1,1,0,0,0,8,0,0,1,0
event_mgmt,events,registrations,attendee_email,varchar,5898,8976,0,0.0,0,3,0.6570855614973262,1,0,0.6,0,5,1,8976,1,1,0,1,2,5,1.0,2,2,1,1,0.6570855614973262,1,0,0,0,0,14,0,0,0,0
event_mgmt,events,registrations,registered_at,date,5659,8976,0,0.0,0,4,0.6304590017825312,1,0,0.8,0,5,1,8976,1,1,0,1,2,5,1.0,2,3,1,1,0.6304590017825312,1,0,0,0,0,13,0,0,0,0
event_mgmt,events,registrations,ticket_type,varchar,7,8976,0,0.0,0,5,0.0007798573975044,1,0,1.0,0,5,1,8976,1,1,0,1,2,5,1.0,2,5,1,1,0.0007798573975044,1,0,0,0,0,11,0,0,0,0
event_mgmt,events,topics,topic_id,bigint,198,198,0,0.0,1,1,1.0,1,1,0.3333333333333333,1,3,1,198,0,1,0,1,1,3,1.0,1,1,1,1,1.0,0,1,0,1,1,8,1,0,0,0
event_mgmt,events,topics,name,varchar,125,198,0,0.0,0,2,0.6313131313131313,1,0,0.6666666666666666,0,3,1,198,1,1,0,1,1,3,1.0,1,2,1,1,0.6313131313131313,1,0,0,0,0,4,0,0,0,0
event_mgmt,events,topics,track,varchar,3,198,0,0.0,0,3,0.0151515151515151,1,0,1.0,0,3,1,198,1,1,0,1,1,3,1.0,1,3,1,1,0.0151515151515151,1,0,0,0,0,5,0,0,0,0
event_mgmt,events,venues,venue_id,bigint,262,262,0,0.0,1,1,1.0,1,1,0.25,1,4,1,262,0,1,0,1,1,4,1.0,2,1,1,1,1.0,0,1,0,1,1,8,1,0,0,0
event_mgmt,events,venues,name,varchar,170,262,0,0.0,0,2,0.648854961832061,1,0,0.5,0,4,1,262,1,1,0,1,1,4,1.0,2,2,1,1,0.648854961832061,1,0,0,0,0,4,0,0,0,0
event_mgmt,events,venues,city,varchar,29,262,0,0.0,0,3,0.1106870229007633,1,0,0.75,0,4,1,262,1,1,0,1,1,4,1.0,2,3,1,1,0.1106870229007633,1,0,0,0,0,4,0,0,0,0
event_mgmt,events,venues,capacity,integer,13,262,0,0.0,0,4,0.049618320610687,1,0,1.0,0,4,1,262,1,1,0,1,1,4,1.0,2,4,1,1,0.049618320610687,1,0,0,0,0,8,0,0,0,0
event_mgmt,events,event_speakers,event_id,bigint,993,2313,0,0.0,0,1,0.4293125810635538,1,1,0.25,0,4,0,2313,0,0,1,0,2,3,0.8153912667531344,2,2,1,1,0.5265111346765642,0,1,0,0,0,8,0,1,0,0
event_mgmt,events,event_speakers,speaker_id,bigint,941,2313,0,0.0,0,2,0.4068309554690877,1,0,0.5,0,4,0,2313,0,0,1,0,2,3,0.8153912667531344,2,3,1,1,0.4989395546129374,0,1,0,0,0,10,0,1,0,0
event_mgmt,events,event_speakers,talk_type,varchar,7,2313,0,0.0,0,3,0.0030263726761781,1,0,0.75,0,4,0,2313,0,0,1,0,2,3,0.8153912667531344,2,4,1,1,0.0037115588547189,0,0,0,0,0,9,0,0,0,0
event_mgmt,events,event_speakers,confirmed_at,date,1886,2313,132,0.0570687418936446,0,4,0.8153912667531344,0,0,1.0,0,4,0,2313,0,0,1,0,2,3,0.8153912667531344,2,1,4,0,1.0,0,0,0,0,0,12,0,0,0,0
event_mgmt,events,session_topics,session_id,bigint,160,2592,0,0.0,0,1,0.0617283950617283,1,1,0.3333333333333333,0,3,0,2592,0,0,1,0,2,3,0.0763888888888889,2,2,1,1,0.808080808080808,0,1,0,0,0,10,0,1,0,0
event_mgmt,events,session_topics,topic_id,bigint,198,2592,0,0.0,0,2,0.0763888888888889,1,0,0.6666666666666666,0,3,0,2592,0,0,1,0,2,3,0.0763888888888889,2,1,1,1,1.0,0,1,0,0,0,8,0,1,0,0
event_mgmt,events,session_topics,is_primary,boolean,5,2592,0,0.0,0,3,0.001929012345679,1,0,1.0,0,3,0,2592,0,0,1,0,2,3,0.0763888888888889,2,3,1,1,0.0252525252525252,0,0,0,0,0,10,0,0,0,0
event_mgmt,events,attendee_sessions,registration_id,bigint,8976,74585,0,0.0,0,1,0.1203459140577864,1,1,0.25,0,4,0,74585,0,0,1,0,2,3,0.1203459140577864,3,1,1,1,1.0,0,1,0,0,0,15,0,1,0,0
event_mgmt,events,attendee_sessions,session_id,bigint,1893,74585,0,0.0,0,2,0.0253804384259569,1,0,0.5,0,4,0,74585,0,0,1,0,2,3,0.1203459140577864,3,2,1,1,0.2108957219251337,0,1,0,0,0,10,0,1,0,0
event_mgmt,events,attendee_sessions,checked_in,boolean,8,74585,0,0.0,0,3,0.000107260172957,1,0,0.75,0,4,0,74585,0,0,1,0,2,3,0.1203459140577864,3,3,1,1,0.0008912655971479,0,0,0,0,0,10,0,0,0,0
event_mgmt,events,attendee_sessions,rating,integer,7,74585,7409,0.0993363276798283,0,4,9.385265133740028e-05,0,0,1.0,0,4,0,74585,0,0,1,0,2,3,0.1203459140577864,3,4,4,0,0.0007798573975044,0,0,0,0,0,6,0,0,0,0
event_mgmt,events,venue_capacities,venue_id,bigint,262,1094,0,0.0,0,1,0.2394881170018281,1,1,0.25,0,4,0,1094,0,0,1,0,1,4,0.2394881170018281,3,1,1,1,1.0,0,1,0,0,0,8,0,1,0,0
event_mgmt,events,venue_capacities,layout_type,varchar,8,1094,0,0.0,0,2,0.0073126142595978,1,0,0.5,0,4,0,1094,0,0,1,0,1,4,0.2394881170018281,3,3,1,1,0.0305343511450381,0,0,0,0,0,11,0,1,0,0
event_mgmt,events,venue_capacities,max_capacity,integer,120,1094,0,0.0,0,3,0.109689213893967,1,0,0.75,0,4,0,1094,0,0,1,0,1,4,0.2394881170018281,3,2,1,1,0.4580152671755725,0,0,0,0,0,12,0,0,0,0
event_mgmt,events,venue_capacities,setup_time_h,integer,5,1094,0,0.0,0,4,0.0045703839122486,1,0,1.0,0,4,0,1094,0,0,1,0,1,4,0.2394881170018281,3,4,1,1,0.0190839694656488,0,0,0,0,0,12,0,0,0,0
event_mgmt,events,sponsor_tiers,event_id,bigint,62,110,0,0.0,0,1,0.5636363636363636,1,1,0.25,0,4,0,110,0,0,1,0,1,3,0.5636363636363636,2,1,1,1,1.0,0,1,0,0,0,8,0,1,0,0
event_mgmt,events,sponsor_tiers,tier_name,varchar,2,110,0,0.0,0,2,0.0181818181818181,1,0,0.5,0,4,0,110,0,0,1,0,1,3,0.5636363636363636,2,4,1,1,0.032258064516129,0,0,0,0,0,9,0,1,0,0
event_mgmt,events,sponsor_tiers,amount,decimal,26,110,0,0.0,0,3,0.2363636363636363,1,0,0.75,0,4,0,110,0,0,1,0,1,3,0.5636363636363636,2,2,1,1,0.4193548387096774,0,0,0,0,0,6,0,0,0,0
event_mgmt,events,sponsor_tiers,max_sponsors,integer,3,110,5,0.0454545454545454,0,4,0.0272727272727272,0,0,1.0,0,4,0,110,0,0,1,0,1,3,0.5636363636363636,2,3,4,0,0.0483870967741935,0,0,0,0,0,12,0,0,0,0
manufacturing_db,production,work_orders,work_order_id,bigint,3227,3227,0,0.0,1,1,1.0,1,1,0.2,1,5,1,3227,0,1,0,1,2,5,1.0,3,1,1,1,1.0,0,1,0,1,1,13,1,0,0,0
manufacturing_db,production,work_orders,product_id,bigint,1055,3227,0,0.0,0,2,0.326929036256585,1,0,0.4,0,5,1,3227,1,1,0,1,2,5,1.0,3,3,1,1,0.326929036256585,1,1,0,0,0,10,0,0,1,0
manufacturing_db,production,work_orders,quantity,integer,812,3227,0,0.0,0,3,0.2516268980477223,1,0,0.6,0,5,1,3227,1,1,0,1,2,5,1.0,3,4,1,1,0.2516268980477223,1,0,0,0,0,8,0,0,0,0
manufacturing_db,production,work_orders,status,varchar,6,3227,0,0.0,0,4,0.0018593120545398,1,0,0.8,0,5,1,3227,1,1,0,1,2,5,1.0,3,5,1,1,0.0018593120545398,1,0,0,0,0,6,0,0,0,0
manufacturing_db,production,work_orders,start_date,date,2020,3227,0,0.0,0,5,0.6259683916950728,1,0,1.0,0,5,1,3227,1,1,0,1,2,5,1.0,3,2,1,1,0.6259683916950728,1,0,0,0,0,10,0,0,0,0
manufacturing_db,production,products,product_id,bigint,1055,1055,0,0.0,1,1,1.0,1,1,0.25,1,4,1,1055,0,1,0,1,1,3,1.0,1,1,1,1,1.0,0,1,0,1,1,10,1,0,0,0
manufacturing_db,production,products,name,varchar,744,1055,0,0.0,0,2,0.70521327014218,1,0,0.5,0,4,1,1055,1,1,0,1,1,3,1.0,1,2,1,1,0.70521327014218,1,0,0,0,0,4,0,0,0,0
manufacturing_db,production,products,category,varchar,7,1055,0,0.0,0,3,0.0066350710900473,1,0,0.75,0,4,1,1055,1,1,0,1,1,3,1.0,1,4,1,1,0.0066350710900473,1,0,0,0,0,8,0,0,0,0
manufacturing_db,production,products,unit_cost,decimal,93,1055,125,0.1184834123222748,0,4,0.0881516587677725,0,0,1.0,0,4,1,1055,1,1,0,1,1,3,1.0,1,3,4,0,0.0881516587677725,1,0,0,0,0,9,0,0,0,0
manufacturing_db,production,components,component_id,bigint,2498,2498,0,0.0,1,1,1.0,1,1,0.25,1,4,1,2498,0,1,0,1,1,4,1.0,2,1,1,1,1.0,0,1,0,1,1,12,1,0,0,0
manufacturing_db,production,components,name,varchar,2239,2498,0,0.0,0,2,0.8963170536429144,1,0,0.5,0,4,1,2498,1,1,0,1,1,4,1.0,2,2,1,1,0.8963170536429144,1,0,0,0,0,4,0,0,0,0
manufacturing_db,production,components,unit,varchar,5,2498,0,0.0,0,3,0.0020016012810248,1,0,0.75,0,4,1,2498,1,1,0,1,1,4,1.0,2,4,1,1,0.0020016012810248,1,0,0,0,0,4,0,0,0,0
manufacturing_db,production,components,stock_qty,integer,171,2498,0,0.0,0,4,0.0684547638110488,1,0,1.0,0,4,1,2498,1,1,0,1,1,4,1.0,2,3,1,1,0.0684547638110488,1,0,0,0,0,9,0,0,0,0
manufacturing_db,production,employees,employee_id,bigint,727,727,0,0.0,1,1,1.0,1,1,0.25,1,4,1,727,0,1,0,1,1,4,1.0,1,1,1,1,1.0,0,1,0,1,1,11,1,0,0,0
manufacturing_db,production,employees,full_name,varchar,634,727,0,0.0,0,2,0.8720770288858322,1,0,0.5,0,4,1,727,1,1,0,1,1,4,1.0,1,2,1,1,0.8720770288858322,1,0,0,0,0,9,0,0,0,0
manufacturing_db,production,employees,department,varchar,2,727,0,0.0,0,3,0.0027510316368638,1,0,0.75,0,4,1,727,1,1,0,1,1,4,1.0,1,4,1,1,0.0027510316368638,1,0,0,0,0,10,0,0,0,0
manufacturing_db,production,employees,hire_date,date,485,727,0,0.0,0,4,0.6671251719394773,1,0,1.0,0,4,1,727,1,1,0,1,1,4,1.0,1,3,1,1,0.6671251719394773,1,0,0,0,0,9,0,0,0,0
manufacturing_db,production,work_order_ops,work_order_id,bigint,49,217,0,0.0,0,1,0.2258064516129032,1,1,0.2,0,5,0,217,0,0,1,0,2,4,0.2442396313364055,4,2,1,1,0.9245283018867924,0,1,0,0,0,13,0,1,0,0
manufacturing_db,production,work_order_ops,operation_seq,integer,3,217,0,0.0,0,2,0.0138248847926267,1,0,0.4,0,5,0,217,0,0,1,0,2,4,0.2442396313364055,4,4,1,1,0.0566037735849056,0,0,0,0,0,13,0,1,0,0
manufacturing_db,production,work_order_ops,op_type,varchar,2,217,0,0.0,0,3,0.0092165898617511,1,0,0.6,0,5,0,217,0,0,1,0,2,4,0.2442396313364055,4,5,1,1,0.0377358490566037,0,0,0,0,0,7,0,0,0,0
manufacturing_db,production,work_order_ops,duration_min,integer,12,217,0,0.0,0,4,0.0552995391705069,1,0,0.8,0,5,0,217,0,0,1,0,2,4,0.2442396313364055,4,3,1,1,0.2264150943396226,0,0,0,0,0,12,0,0,0,0
manufacturing_db,production,work_order_ops,machine_id,bigint,53,217,18,0.0829493087557603,0,5,0.2442396313364055,0,0,1.0,0,5,0,217,0,0,1,0,2,4,0.2442396313364055,4,1,5,0,1.0,0,1,0,0,0,10,0,0,0,0
manufacturing_db,production,bill_of_materials,product_id,bigint,623,1341,0,0.0,0,1,0.4645786726323639,1,1,0.25,0,4,0,1341,0,0,1,0,2,4,0.4645786726323639,2,1,1,1,1.0,0,1,0,0,0,10,0,1,0,0
manufacturing_db,production,bill_of_materials,component_id,bigint,529,1341,0,0.0,0,2,0.3944817300521998,1,0,0.5,0,4,0,1341,0,0,1,0,2,4,0.4645786726323639,2,2,1,1,0.8491171749598715,0,1,0,0,0,12,0,1,0,0
manufacturing_db,production,bill_of_materials,quantity,decimal,372,1341,0,0.0,0,3,0.2774049217002237,1,0,0.75,0,4,0,1341,0,0,1,0,2,4,0.4645786726323639,2,3,1,1,0.5971107544141252,0,0,0,0,0,8,0,0,0,0
manufacturing_db,production,bill_of_materials,unit,varchar,4,1341,0,0.0,0,4,0.0029828486204325,1,0,1.0,0,4,0,1341,0,0,1,0,2,4,0.4645786726323639,2,4,1,1,0.0064205457463884,0,0,0,0,0,4,0,0,0,0
manufacturing_db,production,quality_inspections,inspection_id,bigint,11599,11599,0,0.0,1,1,1.0,1,1,0.1666666666666666,1,6,1,11599,0,1,0,1,3,6,1.0,4,1,1,1,1.0,0,1,0,0,0,13,1,0,0,0
manufacturing_db,production,quality_inspections,work_order_id,bigint,217,11599,0,0.0,0,2,0.0187085093542546,1,0,0.3333333333333333,0,6,1,11599,1,1,0,1,3,6,1.0,4,4,1,1,0.0187085093542546,1,1,0,0,0,13,0,0,0,1
manufacturing_db,production,quality_inspections,operation_seq,integer,217,11599,0,0.0,0,3,0.0187085093542546,1,0,0.5,0,6,1,11599,1,1,0,1,3,6,1.0,4,4,1,1,0.0187085093542546,1,0,0,0,0,13,0,0,0,1
manufacturing_db,production,quality_inspections,inspector_id,bigint,727,11599,0,0.0,0,4,0.0626778170531942,1,0,0.6666666666666666,0,6,1,11599,1,1,0,1,3,6,1.0,4,3,1,1,0.0626778170531942,1,1,0,0,0,12,0,0,1,0
manufacturing_db,production,quality_inspections,result,varchar,5,11599,0,0.0,0,5,0.0004310716441072,1,0,0.8333333333333334,0,6,1,11599,1,1,0,1,3,6,1.0,4,6,1,1,0.0004310716441072,1,0,0,0,0,6,0,0,0,0
manufacturing_db,production,quality_inspections,inspected_at,date,10738,11599,0,0.0,0,6,0.9257694628847316,1,0,1.0,0,6,1,11599,1,1,0,1,3,6,1.0,4,2,1,1,0.9257694628847316,1,0,0,0,0,12,0,0,0,0
manufacturing_db,production,labor_records,record_id,bigint,2415,2415,0,0.0,1,1,1.0,1,1,0.1666666666666666,1,6,1,2415,0,1,0,1,3,6,1.0,4,1,1,1,1.0,0,1,0,0,0,9,1,0,0,0
manufacturing_db,production,labor_records,work_order_id,bigint,217,2415,0,0.0,0,2,0.0898550724637681,1,0,0.3333333333333333,0,6,1,2415,1,1,0,1,3,6,1.0,4,5,1,1,0.0898550724637681,1,1,0,0,0,13,0,0,0,1
manufacturing_db,production,labor_records,operation_seq,integer,217,2415,0,0.0,0,3,0.0898550724637681,1,0,0.5,0,6,1,2415,1,1,0,1,3,6,1.0,4,5,1,1,0.0898550724637681,1,0,0,0,0,13,0,0,0,1
manufacturing_db,production,labor_records,employee_id,bigint,727,2415,0,0.0,0,4,0.3010351966873706,1,0,0.6666666666666666,0,6,1,2415,1,1,0,1,3,6,1.0,4,3,1,1,0.3010351966873706,1,1,0,0,0,11,0,0,1,0
manufacturing_db,production,labor_records,hours_worked,decimal,497,2415,0,0.0,0,5,0.2057971014492753,1,0,0.8333333333333334,0,6,1,2415,1,1,0,1,3,6,1.0,4,4,1,1,0.2057971014492753,1,0,0,0,0,12,0,0,0,0
manufacturing_db,production,labor_records,work_date,date,1960,2415,0,0.0,0,6,0.8115942028985508,1,0,1.0,0,6,1,2415,1,1,0,1,3,6,1.0,4,2,1,1,0.8115942028985508,1,0,0,0,0,9,0,0,0,0
manufacturing_db,production,bom_requirements,req_id,bigint,1685,1685,0,0.0,1,1,1.0,1,1,0.1666666666666666,1,6,1,1685,0,1,0,1,3,5,1.0,4,1,1,1,1.0,0,1,0,0,0,6,1,0,0,0
manufacturing_db,production,bom_requirements,product_id,bigint,1195,1685,0,0.0,0,2,0.7091988130563798,1,0,0.3333333333333333,0,6,1,1685,1,1,0,1,3,5,1.0,4,3,1,1,0.7091988130563798,1,1,0,0,0,10,0,0,0,1
manufacturing_db,production,bom_requirements,component_id,bigint,854,1685,0,0.0,0,3,0.5068249258160238,1,0,0.5,0,6,1,1685,1,1,0,1,3,5,1.0,4,4,1,1,0.5068249258160238,1,1,0,0,0,12,0,0,0,1
manufacturing_db,production,bom_requirements,required_qty,decimal,161,1685,0,0.0,0,4,0.0955489614243323,1,0,0.6666666666666666,0,6,1,1685,1,1,0,1,3,5,1.0,4,5,1,1,0.0955489614243323,1,0,0,0,0,12,0,0,0,0
manufacturing_db,production,bom_requirements,priority,integer,6,1685,0,0.0,0,5,0.0035608308605341,1,0,0.8333333333333334,0,6,1,1685,1,1,0,1,3,5,1.0,4,6,1,1,0.0035608308605341,1,0,0,0,0,8,0,0,0,0
manufacturing_db,production,bom_requirements,valid_from,date,1274,1685,177,0.1050445103857566,0,6,0.7560830860534125,0,0,1.0,0,6,1,1685,1,1,0,1,3,5,1.0,4,2,6,0,0.7560830860534125,1,0,0,0,0,10,0,0,0,0
manufacturing_db,production,bom_changes,change_id,bigint,4167,4167,0,0.0,1,1,1.0,1,1,0.1666666666666666,1,6,1,4167,0,1,0,1,3,5,1.0,4,1,1,1,1.0,0,1,0,0,0,9,1,0,0,0
manufacturing_db,production,bom_changes,product_id,bigint,1258,4167,0,0.0,0,2,0.3018958483321334,1,0,0.3333333333333333,0,6,1,4167,1,1,0,1,3,5,1.0,4,4,1,1,0.3018958483321334,1,1,0,0,0,10,0,0,0,1
manufacturing_db,production,bom_changes,component_id,bigint,1341,4167,0,0.0,0,3,0.3218142548596112,1,0,0.5,0,6,1,4167,1,1,0,1,3,5,1.0,4,3,1,1,0.3218142548596112,1,1,0,0,0,12,0,0,0,1
manufacturing_db,production,bom_changes,change_type,varchar,5,4167,0,0.0,0,4,0.0011999040076793,1,0,0.6666666666666666,0,6,1,4167,1,1,0,1,3,5,1.0,4,6,1,1,0.0011999040076793,1,0,0,0,0,11,0,0,0,0
manufacturing_db,production,bom_changes,changed_at,date,2826,4167,0,0.0,0,5,0.6781857451403888,1,0,0.8333333333333334,0,6,1,4167,1,1,0,1,3,5,1.0,4,2,1,1,0.6781857451403888,1,0,0,0,0,10,0,0,0,0
manufacturing_db,production,bom_changes,changed_by,bigint,727,4167,152,0.0364770818334533,0,6,0.1744660427165826,0,0,1.0,0,6,1,4167,1,1,0,1,3,5,1.0,4,5,6,0,0.1744660427165826,1,0,0,0,0,10,0,0,1,0
academic_records,academics,students,student_id,bigint,4545,4545,0,0.0,1,1,1.0,1,1,0.2,1,5,1,4545,0,1,0,1,1,5,1.0,1,1,1,1,1.0,0,1,0,1,1,10,1,0,0,0
academic_records,academics,students,full_name,varchar,3107,4545,0,0.0,0,2,0.6836083608360836,1,0,0.4,0,5,1,4545,1,1,0,1,1,5,1.0,1,2,1,1,0.6836083608360836,1,0,0,0,0,9,0,0,0,0
academic_records,academics,students,email,varchar,2838,4545,0,0.0,0,3,0.6244224422442244,1,0,0.6,0,5,1,4545,1,1,0,1,1,5,1.0,1,4,1,1,0.6244224422442244,1,0,0,0,0,5,0,0,0,0
academic_records,academics,students,program,varchar,2,4545,0,0.0,0,4,0.0004400440044004,1,0,0.8,0,5,1,4545,1,1,0,1,1,5,1.0,1,5,1,1,0.0004400440044004,1,0,0,0,0,7,0,0,0,0
academic_records,academics,students,enrolled_date,date,2841,4545,0,0.0,0,5,0.6250825082508251,1,0,1.0,0,5,1,4545,1,1,0,1,1,5,1.0,1,3,1,1,0.6250825082508251,1,0,0,0,0,13,0,0,0,0
academic_records,academics,courses,course_id,bigint,128,128,0,0.0,1,1,1.0,1,1,0.25,1,4,1,128,0,1,0,1,1,4,1.0,2,1,1,1,1.0,0,1,0,1,1,9,1,0,0,0
academic_records,academics,courses,name,varchar,83,128,0,0.0,0,2,0.6484375,1,0,0.5,0,4,1,128,1,1,0,1,1,4,1.0,2,2,1,1,0.6484375,1,0,0,0,0,4,0,0,0,0
academic_records,academics,courses,credits,integer,5,128,0,0.0,0,3,0.0390625,1,0,0.75,0,4,1,128,1,1,0,1,1,4,1.0,2,3,1,1,0.0390625,1,0,0,0,0,7,0,0,0,0
academic_records,academics,courses,department,varchar,2,128,0,0.0,0,4,0.015625,1,0,1.0,0,4,1,128,1,1,0,1,1,4,1.0,2,4,1,1,0.015625,1,0,0,0,0,10,0,0,0,0
academic_records,academics,instructors,instructor_id,bigint,126,126,0,0.0,1,1,1.0,1,1,0.25,1,4,1,126,0,1,0,1,1,4,1.0,1,1,1,1,1.0,0,1,0,1,1,13,1,0,0,0
academic_records,academics,instructors,full_name,varchar,108,126,0,0.0,0,2,0.8571428571428571,1,0,0.5,0,4,1,126,1,1,0,1,1,4,1.0,1,3,1,1,0.8571428571428571,1,0,0,0,0,9,0,0,0,0
academic_records,academics,instructors,department,varchar,7,126,0,0.0,0,3,0.0555555555555555,1,0,0.75,0,4,1,126,1,1,0,1,1,4,1.0,1,4,1,1,0.0555555555555555,1,0,0,0,0,10,0,0,0,0
academic_records,academics,instructors,hire_date,date,112,126,0,0.0,0,4,0.8888888888888888,1,0,1.0,0,4,1,126,1,1,0,1,1,4,1.0,1,2,1,1,0.8888888888888888,1,0,0,0,0,9,0,0,0,0
academic_records,academics,departments,department_id,bigint,11,11,0,0.0,1,1,1.0,1,1,0.3333333333333333,1,3,1,11,0,1,0,1,2,3,1.0,2,1,1,1,1.0,0,1,0,1,1,13,1,0,0,0
academic_records,academics,departments,name,varchar,8,11,0,0.0,0,2,0.7272727272727273,1,0,0.6666666666666666,0,3,1,11,1,1,0,1,2,3,1.0,2,3,1,1,0.7272727272727273,1,0,0,0,0,4,0,0,0,0
academic_records,academics,departments,head_id,bigint,9,11,0,0.0,0,3,0.8181818181818182,1,0,1.0,0,3,1,11,1,1,0,1,2,3,1.0,2,2,1,1,0.8181818181818182,1,1,0,0,0,7,0,0,1,0
academic_records,academics,enrollments,student_id,bigint,1713,5395,0,0.0,0,1,0.317516218721038,1,1,0.25,0,4,0,5395,0,0,1,0,2,4,0.8048192771084337,2,2,1,1,0.3945186549976969,0,1,0,0,0,10,0,1,0,0
academic_records,academics,enrollments,course_id,bigint,128,5395,0,0.0,0,2,0.023725671918443,1,0,0.5,0,4,0,5395,0,0,1,0,2,4,0.8048192771084337,2,3,1,1,0.0294795025333947,0,1,0,0,0,9,0,1,0,0
academic_records,academics,enrollments,semester,varchar,7,5395,0,0.0,0,3,0.0012974976830398,1,0,0.75,0,4,0,5395,0,0,1,0,2,4,0.8048192771084337,2,4,1,1,0.001612160294795,0,0,0,0,0,8,0,0,0,0
academic_records,academics,enrollments,enrolled_at,date,4342,5395,0,0.0,0,4,0.8048192771084337,1,0,1.0,0,4,0,5395,0,0,1,0,2,4,0.8048192771084337,2,1,1,1,1.0,0,0,0,0,0,11,0,0,0,0
academic_records,academics,course_assessments,course_id,bigint,45,637,0,0.0,0,1,0.0706436420722135,1,1,0.2,0,5,0,637,0,0,1,0,1,4,0.945054945054945,2,4,1,1,0.074750830564784,0,1,0,0,0,9,0,1,0,0
academic_records,academics,course_assessments,assessment_no,integer,11,637,0,0.0,0,2,0.0172684458398744,1,0,0.4,0,5,0,637,0,0,1,0,1,4,0.945054945054945,2,5,1,1,0.0182724252491694,0,0,0,0,0,13,0,1,0,0
academic_records,academics,course_assessments,title,varchar,440,637,0,0.0,0,3,0.6907378335949764,1,0,0.6,0,5,0,637,0,0,1,0,1,4,0.945054945054945,2,2,1,1,0.7308970099667774,0,0,0,0,0,5,0,0,0,0
academic_records,academics,course_assessments,weight_pct,decimal,89,637,0,0.0,0,4,0.1397174254317111,1,0,0.8,0,5,0,637,0,0,1,0,1,4,0.945054945054945,2,3,1,1,0.1478405315614618,0,0,0,0,0,10,0,0,0,0
academic_records,academics,course_assessments,due_date,date,602,637,21,0.0329670329670329,0,5,0.945054945054945,0,0,1.0,0,5,0,637,0,0,1,0,1,4,0.945054945054945,2,1,5,0,1.0,0,0,0,0,0,8,0,0,0,0
academic_records,academics,grade_appeals,appeal_id,bigint,16215,16215,0,0.0,1,1,1.0,1,1,0.1666666666666666,1,6,1,16215,0,1,0,1,3,6,1.0,3,1,1,1,1.0,0,1,0,0,0,9,1,0,0,0
academic_records,academics,grade_appeals,student_id,bigint,5395,16215,0,0.0,0,2,0.3327166204131976,1,0,0.3333333333333333,0,6,1,16215,1,1,0,1,3,6,1.0,3,3,1,1,0.3327166204131976,1,1,0,0,0,10,0,0,0,1
academic_records,academics,grade_appeals,course_id,bigint,5395,16215,0,0.0,0,3,0.3327166204131976,1,0,0.5,0,6,1,16215,1,1,0,1,3,6,1.0,3,3,1,1,0.3327166204131976,1,1,0,0,0,9,0,0,0,1
academic_records,academics,grade_appeals,reason,varchar,7,16215,0,0.0,0,4,0.0004316990440949,1,0,0.6666666666666666,0,6,1,16215,1,1,0,1,3,6,1.0,3,5,1,1,0.0004316990440949,1,0,0,0,0,6,0,0,0,0
academic_records,academics,grade_appeals,submitted_at,date,12338,16215,0,0.0,0,5,0.760900400863398,1,0,0.8333333333333334,0,6,1,16215,1,1,0,1,3,6,1.0,3,2,1,1,0.760900400863398,1,0,0,0,0,12,0,0,0,0
academic_records,academics,grade_appeals,resolved,boolean,2,16215,0,0.0,0,6,0.0001233425840271,1,0,1.0,0,6,1,16215,1,1,0,1,3,6,1.0,3,6,1,1,0.0001233425840271,1,0,0,0,0,8,0,0,0,0
academic_records,academics,attendance,record_id,bigint,8231,8231,0,0.0,1,1,1.0,1,1,0.1666666666666666,1,6,1,8231,0,1,0,1,3,5,1.0,3,1,1,1,1.0,0,1,0,0,0,9,1,0,0,0
academic_records,academics,attendance,student_id,bigint,5395,8231,0,0.0,0,2,0.655448912647309,1,0,0.3333333333333333,0,6,1,8231,1,1,0,1,3,5,1.0,3,3,1,1,0.655448912647309,1,1,0,0,0,10,0,0,0,1
academic_records,academics,attendance,course_id,bigint,5395,8231,0,0.0,0,3,0.655448912647309,1,0,0.5,0,6,1,8231,1,1,0,1,3,5,1.0,3,3,1,1,0.655448912647309,1,1,0,0,0,9,0,0,0,1
academic_records,academics,attendance,session_date,date,5686,8231,0,0.0,0,4,0.6908030615964038,1,0,0.6666666666666666,0,6,1,8231,1,1,0,1,3,5,1.0,3,2,1,1,0.6908030615964038,1,0,0,0,0,12,0,0,0,0
academic_records,academics,attendance,present,boolean,6,8231,0,0.0,0,5,0.0007289515247236,1,0,0.8333333333333334,0,6,1,8231,1,1,0,1,3,5,1.0,3,5,1,1,0.0007289515247236,1,0,0,0,0,7,0,0,0,0
academic_records,academics,attendance,notes,varchar,3,8231,892,0.1083707933422427,0,6,0.0003644757623618,0,0,1.0,0,6,1,8231,1,1,0,1,3,5,1.0,3,6,6,0,0.0003644757623618,1,0,0,0,0,5,0,0,0,0
academic_records,academics,submissions,sub_id,bigint,6729,6729,0,0.0,1,1,1.0,1,1,0.1666666666666666,1,6,1,6729,0,1,0,1,3,5,1.0,4,1,1,1,1.0,0,1,0,0,0,6,1,0,0,0
academic_records,academics,submissions,course_id,bigint,637,6729,0,0.0,0,2,0.0946648833407638,1,0,0.3333333333333333,0,6,1,6729,1,1,0,1,3,5,1.0,4,5,1,1,0.0946648833407638,1,1,0,0,0,9,0,0,0,1
academic_records,academics,submissions,assessment_no,integer,637,6729,0,0.0,0,3,0.0946648833407638,1,0,0.5,0,6,1,6729,1,1,0,1,3,5,1.0,4,5,1,1,0.0946648833407638,1,0,0,0,0,13,0,0,0,1
academic_records,academics,submissions,student_id,bigint,4545,6729,0,0.0,0,4,0.6754346856888096,1,0,0.6666666666666666,0,6,1,6729,1,1,0,1,3,5,1.0,4,3,1,1,0.6754346856888096,1,1,0,0,0,10,0,0,1,0
academic_records,academics,submissions,submitted_at,date,6172,6729,0,0.0,0,5,0.9172239560112944,1,0,0.8333333333333334,0,6,1,6729,1,1,0,1,3,5,1.0,4,2,1,1,0.9172239560112944,1,0,0,0,0,12,0,0,0,0
academic_records,academics,submissions,score,decimal,1920,6729,661,0.0982315351463813,0,6,0.2853321444493981,0,0,1.0,0,6,1,6729,1,1,0,1,3,5,1.0,4,4,6,0,0.2853321444493981,1,0,0,0,0,5,0,0,0,0
academic_records,academics,submission_feedback,feedback_id,bigint,20810,20810,0,0.0,1,1,1.0,1,1,0.1666666666666666,1,6,1,20810,0,1,0,1,3,5,1.0,4,1,1,1,1.0,0,1,0,0,0,11,1,0,0,0
academic_records,academics,submission_feedback,course_id,bigint,637,20810,0,0.0,0,2,0.0306102835175396,1,0,0.3333333333333333,0,6,1,20810,1,1,0,1,3,5,1.0,4,4,1,1,0.0306102835175396,1,1,0,0,0,9,0,0,0,1
academic_records,academics,submission_feedback,assessment_no,integer,637,20810,0,0.0,0,3,0.0306102835175396,1,0,0.5,0,6,1,20810,1,1,0,1,3,5,1.0,4,4,1,1,0.0306102835175396,1,0,0,0,0,13,0,0,0,1
academic_records,academics,submission_feedback,instructor_id,bigint,126,20810,0,0.0,0,4,0.0060547813551177,1,0,0.6666666666666666,0,6,1,20810,1,1,0,1,3,5,1.0,4,6,1,1,0.0060547813551177,1,1,0,0,0,13,0,0,1,0
academic_records,academics,submission_feedback,feedback_text,varchar,18523,20810,1073,0.0515617491590581,0,5,0.8901009130225853,0,0,0.8333333333333334,0,6,1,20810,1,1,0,1,3,5,1.0,4,2,6,0,0.8901009130225853,1,0,0,0,0,13,0,0,0,0
academic_records,academics,submission_feedback,given_at,date,12839,20810,0,0.0,0,6,0.6169629985583854,1,0,1.0,0,6,1,20810,1,1,0,1,3,5,1.0,4,3,1,1,0.6169629985583854,1,0,0,0,0,8,0,0,0,0
project_mgmt,projects,projects,project_id,bigint,175,175,0,0.0,1,1,1.0,1,1,0.2,1,5,1,175,0,1,0,1,1,4,1.0,1,1,1,1,1.0,0,1,0,1,1,10,1,0,0,0
project_mgmt,projects,projects,name,varchar,115,175,0,0.0,0,2,0.6571428571428571,1,0,0.4,0,5,1,175,1,1,0,1,1,4,1.0,1,3,1,1,0.6571428571428571,1,0,0,0,0,4,0,0,0,0
project_mgmt,projects,projects,status,varchar,4,175,0,0.0,0,3,0.0228571428571428,1,0,0.6,0,5,1,175,1,1,0,1,1,4,1.0,1,5,1,1,0.0228571428571428,1,0,0,0,0,6,0,0,0,0
project_mgmt,projects,projects,start_date,date,120,175,0,0.0,0,4,0.6857142857142857,1,0,0.8,0,5,1,175,1,1,0,1,1,4,1.0,1,2,1,1,0.6857142857142857,1,0,0,0,0,10,0,0,0,0
project_mgmt,projects,projects,budget,decimal,26,175,16,0.0914285714285714,0,5,0.1485714285714285,0,0,1.0,0,5,1,175,1,1,0,1,1,4,1.0,1,4,5,0,0.1485714285714285,1,0,0,0,0,6,0,0,0,0
project_mgmt,projects,employees,employee_id,bigint,1904,1904,0,0.0,1,1,1.0,1,1,0.25,1,4,1,1904,0,1,0,1,1,4,1.0,1,1,1,1,1.0,0,1,0,1,1,11,1,0,0,0
project_mgmt,projects,employees,full_name,varchar,1640,1904,0,0.0,0,2,0.8613445378151261,1,0,0.5,0,4,1,1904,1,1,0,1,1,4,1.0,1,2,1,1,0.8613445378151261,1,0,0,0,0,9,0,0,0,0
project_mgmt,projects,employees,department,varchar,6,1904,0,0.0,0,3,0.0031512605042016,1,0,0.75,0,4,1,1904,1,1,0,1,1,4,1.0,1,4,1,1,0.0031512605042016,1,0,0,0,0,10,0,0,0,0
project_mgmt,projects,employees,hourly_rate,decimal,387,1904,0,0.0,0,4,0.2032563025210084,1,0,1.0,0,4,1,1904,1,1,0,1,1,4,1.0,1,3,1,1,0.2032563025210084,1,0,0,0,0,11,0,0,0,0
project_mgmt,projects,clients,client_id,bigint,225,225,0,0.0,1,1,1.0,1,1,0.25,1,4,1,225,0,1,0,1,1,4,1.0,1,1,1,1,1.0,0,1,0,1,1,9,1,0,0,0
project_mgmt,projects,clients,name,varchar,200,225,0,0.0,0,2,0.8888888888888888,1,0,0.5,0,4,1,225,1,1,0,1,1,4,1.0,1,2,1,1,0.8888888888888888,1,0,0,0,0,4,0,0,0,0
project_mgmt,projects,clients,country,varchar,6,225,0,0.0,0,3,0.0266666666666666,1,0,0.75,0,4,1,225,1,1,0,1,1,4,1.0,1,4,1,1,0.0266666666666666,1,0,0,0,0,7,0,0,0,0
project_mgmt,projects,clients,contact_email,varchar,185,225,0,0.0,0,4,0.8222222222222222,1,0,1.0,0,4,1,225,1,1,0,1,1,4,1.0,1,3,1,1,0.8222222222222222,1,0,0,0,0,13,0,0,0,0
project_mgmt,projects,task_assignments,project_id,bigint,42,355,0,0.0,0,1,0.1183098591549295,1,1,0.25,0,4,0,355,0,0,1,0,2,4,0.8816901408450705,2,3,1,1,0.134185303514377,0,1,0,0,0,10,0,1,0,0
project_mgmt,projects,task_assignments,employee_id,bigint,173,355,0,0.0,0,2,0.4873239436619718,1,0,0.5,0,4,0,355,0,0,1,0,2,4,0.8816901408450705,2,2,1,1,0.5527156549520766,0,1,0,0,0,11,0,1,0,0
project_mgmt,projects,task_assignments,role,varchar,2,355,0,0.0,0,3,0.0056338028169014,1,0,0.75,0,4,0,355,0,0,1,0,2,4,0.8816901408450705,2,4,1,1,0.0063897763578274,0,0,0,0,0,4,0,0,0,0
project_mgmt,projects,task_assignments,assigned_at,date,313,355,0,0.0,0,4,0.8816901408450705,1,0,1.0,0,4,0,355,0,0,1,0,2,4,0.8816901408450705,2,1,1,1,1.0,0,0,0,0,0,11,0,0,0,0
project_mgmt,projects,project_phases,project_id,bigint,161,220,0,0.0,0,1,0.7318181818181818,1,1,0.2,0,5,0,220,0,0,1,0,1,4,0.8863636363636364,2,4,1,1,0.8256410256410256,0,1,0,0,0,10,0,1,0,0
project_mgmt,projects,project_phases,phase_no,integer,6,220,0,0.0,0,2,0.0272727272727272,1,0,0.4,0,5,0,220,0,0,1,0,1,4,0.8863636363636364,2,5,1,1,0.0307692307692307,0,0,0,0,0,8,0,1,0,0
project_mgmt,projects,project_phases,name,varchar,185,220,0,0.0,0,3,0.8409090909090909,1,0,0.6,0,5,0,220,0,0,1,0,1,4,0.8863636363636364,2,2,1,1,0.9487179487179488,0,0,0,0,0,4,0,0,0,0
project_mgmt,projects,project_phases,start_date,date,195,220,0,0.0,0,4,0.8863636363636364,1,0,0.8,0,5,0,220,0,0,1,0,1,4,0.8863636363636364,2,1,1,1,1.0,0,0,0,0,0,10,0,0,0,0
project_mgmt,projects,project_phases,end_date,date,166,220,20,0.0909090909090909,0,5,0.7545454545454545,0,0,1.0,0,5,0,220,0,0,1,0,1,4,0.8863636363636364,2,3,5,0,0.8512820512820513,0,0,0,0,0,8,0,0,0,0
project_mgmt,projects,time_logs,log_id,bigint,24767,24767,0,0.0,1,1,1.0,1,1,0.1666666666666666,1,6,1,24767,0,1,0,1,3,5,1.0,3,1,1,1,1.0,0,1,0,0,0,6,1,0,0,0
project_mgmt,projects,time_logs,project_id,bigint,355,24767,0,0.0,0,2,0.0143335890499454,1,0,0.3333333333333333,0,6,1,24767,1,1,0,1,3,5,1.0,3,5,1,1,0.0143335890499454,1,1,0,0,0,10,0,0,0,1
project_mgmt,projects,time_logs,employee_id,bigint,355,24767,0,0.0,0,3,0.0143335890499454,1,0,0.5,0,6,1,24767,1,1,0,1,3,5,1.0,3,5,1,1,0.0143335890499454,1,1,0,0,0,11,0,0,0,1
project_mgmt,projects,time_logs,log_date,date,15793,24767,0,0.0,0,4,0.6376630193402512,1,0,0.6666666666666666,0,6,1,24767,1,1,0,1,3,5,1.0,3,3,1,1,0.6376630193402512,1,0,0,0,0,8,0,0,0,0
project_mgmt,projects,time_logs,hours,decimal,1524,24767,0,0.0,0,5,0.0615334921468082,1,0,0.8333333333333334,0,6,1,24767,1,1,0,1,3,5,1.0,3,4,1,1,0.0615334921468082,1,0,0,0,0,5,0,0,0,0
project_mgmt,projects,time_logs,description,varchar,19583,24767,1920,0.0775225097912545,0,6,0.7906892235636128,0,0,1.0,0,6,1,24767,1,1,0,1,3,5,1.0,3,2,6,0,0.7906892235636128,1,0,0,0,0,11,0,0,0,0
project_mgmt,projects,expense_claims,claim_id,bigint,9214,9214,0,0.0,1,1,1.0,1,1,0.1666666666666666,1,6,1,9214,0,1,0,1,3,6,1.0,3,1,1,1,1.0,0,1,0,0,0,8,1,0,0,0
project_mgmt,projects,expense_claims,project_id,bigint,355,9214,0,0.0,0,2,0.0385283264597351,1,0,0.3333333333333333,0,6,1,9214,1,1,0,1,3,6,1.0,3,4,1,1,0.0385283264597351,1,1,0,0,0,10,0,0,0,1
project_mgmt,projects,expense_claims,employee_id,bigint,355,9214,0,0.0,0,3,0.0385283264597351,1,0,0.5,0,6,1,9214,1,1,0,1,3,6,1.0,3,4,1,1,0.0385283264597351,1,1,0,0,0,11,0,0,0,1
project_mgmt,projects,expense_claims,amount,decimal,1086,9214,0,0.0,0,4,0.1178641198176687,1,0,0.6666666666666666,0,6,1,9214,1,1,0,1,3,6,1.0,3,3,1,1,0.1178641198176687,1,0,0,0,0,6,0,0,0,0
project_mgmt,projects,expense_claims,category,varchar,8,9214,0,0.0,0,5,0.0008682439765574,1,0,0.8333333333333334,0,6,1,9214,1,1,0,1,3,6,1.0,3,6,1,1,0.0008682439765574,1,0,0,0,0,8,0,0,0,0
project_mgmt,projects,expense_claims,claim_date,date,5570,9214,0,0.0,0,6,0.6045148686780986,1,0,1.0,0,6,1,9214,1,1,0,1,3,6,1.0,3,2,1,1,0.6045148686780986,1,0,0,0,0,10,0,0,0,0
project_mgmt,projects,phase_deliverables,deliverable_id,bigint,1539,1539,0,0.0,1,1,1.0,1,1,0.1666666666666666,1,6,1,1539,0,1,0,1,2,5,1.0,3,1,1,1,1.0,0,1,0,0,0,14,1,0,0,0
project_mgmt,projects,phase_deliverables,project_id,bigint,220,1539,0,0.0,0,2,0.142949967511371,1,0,0.3333333333333333,0,6,1,1539,1,1,0,1,2,5,1.0,3,4,1,1,0.142949967511371,1,1,0,0,0,10,0,0,0,1
project_mgmt,projects,phase_deliverables,phase_no,integer,220,1539,0,0.0,0,3,0.142949967511371,1,0,0.5,0,6,1,1539,1,1,0,1,2,5,1.0,3,4,1,1,0.142949967511371,1,0,0,0,0,8,0,0,0,1
project_mgmt,projects,phase_deliverables,title,varchar,1065,1539,0,0.0,0,4,0.6920077972709552,1,0,0.6666666666666666,0,6,1,1539,1,1,0,1,2,5,1.0,3,3,1,1,0.6920077972709552,1,0,0,0,0,5,0,0,0,0
project_mgmt,projects,phase_deliverables,status,varchar,2,1539,0,0.0,0,5,0.0012995451591942,1,0,0.8333333333333334,0,6,1,1539,1,1,0,1,2,5,1.0,3,6,1,1,0.0012995451591942,1,0,0,0,0,6,0,0,0,0
project_mgmt,projects,phase_deliverables,due_date,date,1394,1539,43,0.027940220922677,0,6,0.9057829759584144,0,0,1.0,0,6,1,1539,1,1,0,1,2,5,1.0,3,2,6,0,0.9057829759584144,1,0,0,0,0,8,0,0,0,0
project_mgmt,projects,phase_reviews,review_id,bigint,4636,4636,0,0.0,1,1,1.0,1,1,0.1666666666666666,1,6,1,4636,0,1,0,1,3,6,1.0,5,1,1,1,1.0,0,1,0,0,0,9,1,0,0,0
project_mgmt,projects,phase_reviews,project_id,bigint,220,4636,0,0.0,0,2,0.0474547023295944,1,0,0.3333333333333333,0,6,1,4636,1,1,0,1,3,6,1.0,5,4,1,1,0.0474547023295944,1,1,0,0,0,10,0,0,0,1
project_mgmt,projects,phase_reviews,phase_no,integer,220,4636,0,0.0,0,3,0.0474547023295944,1,0,0.5,0,6,1,4636,1,1,0,1,3,6,1.0,5,4,1,1,0.0474547023295944,1,0,0,0,0,8,0,0,0,1
project_mgmt,projects,phase_reviews,reviewer_id,bigint,1904,4636,0,0.0,0,4,0.4106988783433994,1,0,0.6666666666666666,0,6,1,4636,1,1,0,1,3,6,1.0,5,3,1,1,0.4106988783433994,1,1,0,0,0,11,0,0,1,0
project_mgmt,projects,phase_reviews,score,integer,4,4636,0,0.0,0,5,0.0008628127696289,1,0,0.8333333333333334,0,6,1,4636,1,1,0,1,3,6,1.0,5,6,1,1,0.0008628127696289,1,0,0,0,0,5,0,0,0,0
project_mgmt,projects,phase_reviews,reviewed_at,date,4350,4636,0,0.0,0,6,0.9383088869715271,1,0,1.0,0,6,1,4636,1,1,0,1,3,6,1.0,5,2,1,1,0.9383088869715271,1,0,0,0,0,11,0,0,0,0
retail_pos,sales,transactions,transaction_id,bigint,14245,14245,0,0.0,1,1,1.0,1,1,0.2,1,5,1,14245,0,1,0,1,3,4,1.0,3,1,1,1,1.0,0,1,0,1,1,14,1,0,0,0
retail_pos,sales,transactions,store_id,bigint,50,14245,0,0.0,0,2,0.0035100035100035,1,0,0.4,0,5,1,14245,1,1,0,1,3,4,1.0,3,5,1,1,0.0035100035100035,1,1,0,0,0,8,0,0,1,0
retail_pos,sales,transactions,customer_id,bigint,9392,14245,302,0.0212004212004212,0,3,0.6593190593190593,0,0,0.6,0,5,1,14245,1,1,0,1,3,4,1.0,3,3,5,0,0.6593190593190593,1,1,0,0,0,11,0,0,1,0
retail_pos,sales,transactions,trans_date,date,11844,14245,0,0.0,0,4,0.8314496314496315,1,0,0.8,0,5,1,14245,1,1,0,1,3,4,1.0,3,2,1,1,0.8314496314496315,1,0,0,0,0,10,0,0,0,0
retail_pos,sales,transactions,total_amount,decimal,3367,14245,0,0.0,0,5,0.2363636363636363,1,0,1.0,0,5,1,14245,1,1,0,1,3,4,1.0,3,4,1,1,0.2363636363636363,1,0,0,0,0,12,0,0,0,0
retail_pos,sales,products,product_id,bigint,3876,3876,0,0.0,1,1,1.0,1,1,0.25,1,4,1,3876,0,1,0,1,1,4,1.0,1,1,1,1,1.0,0,1,0,1,1,10,1,0,0,0
retail_pos,sales,products,name,varchar,3080,3876,0,0.0,0,2,0.7946336429308566,1,0,0.5,0,4,1,3876,1,1,0,1,1,4,1.0,1,2,1,1,0.7946336429308566,1,0,0,0,0,4,0,0,0,0
retail_pos,sales,products,category,varchar,7,3876,0,0.0,0,3,0.0018059855521155,1,0,0.75,0,4,1,3876,1,1,0,1,1,4,1.0,1,4,1,1,0.0018059855521155,1,0,0,0,0,8,0,0,0,0
retail_pos,sales,products,base_price,decimal,622,3876,0,0.0,0,4,0.1604747162022703,1,0,1.0,0,4,1,3876,1,1,0,1,1,4,1.0,1,3,1,1,0.1604747162022703,1,0,0,0,0,10,0,0,0,0
retail_pos,sales,stores,store_id,bigint,50,50,0,0.0,1,1,1.0,1,1,0.25,1,4,1,50,0,1,0,1,1,4,1.0,1,1,1,1,1.0,0,1,0,1,1,8,1,0,0,0
retail_pos,sales,stores,name,varchar,32,50,0,0.0,0,2,0.64,1,0,0.5,0,4,1,50,1,1,0,1,1,4,1.0,1,2,1,1,0.64,1,0,0,0,0,4,0,0,0,0
retail_pos,sales,stores,city,varchar,3,50,0,0.0,0,3,0.06,1,0,0.75,0,4,1,50,1,1,0,1,1,4,1.0,1,4,1,1,0.06,1,0,0,0,0,4,0,0,0,0
retail_pos,sales,stores,region,varchar,7,50,0,0.0,0,4,0.14,1,0,1.0,0,4,1,50,1,1,0,1,1,4,1.0,1,3,1,1,0.14,1,0,0,0,0,6,0,0,0,0
retail_pos,sales,customers,customer_id,bigint,19151,19151,0,0.0,1,1,1.0,1,1,0.25,1,4,1,19151,0,1,0,2,1,3,1.0,1,1,1,1,1.0,1,1,0,1,1,11,1,0,0,0
retail_pos,sales,customers,full_name,varchar,13684,19151,0,0.0,0,2,0.7145318782309018,1,0,0.5,0,4,1,19151,1,1,0,2,1,3,1.0,1,3,1,1,0.7145318782309018,2,0,0,0,0,9,0,0,0,0
retail_pos,sales,customers,email,varchar,18575,19151,0,0.0,0,3,0.9699232416061824,1,0,0.75,0,4,1,19151,1,1,0,2,1,3,1.0,1,2,1,1,0.9699232416061824,1,0,0,0,0,5,0,0,0,0
retail_pos,sales,customers,loyalty_tier,varchar,3,19151,1339,0.069918019946739,0,4,0.0001566497833011,0,0,1.0,0,4,1,19151,1,1,0,2,1,3,1.0,1,4,4,0,0.0001566497833011,2,0,0,0,0,12,0,0,0,0
retail_pos,sales,sale_items,transaction_id,bigint,360,4532,0,0.0,0,1,0.0794351279788173,1,1,0.2,0,5,0,4532,0,0,1,0,2,5,0.6518093556928508,4,3,1,1,0.1218686526743398,0,1,0,0,0,14,0,1,0,0
retail_pos,sales,sale_items,line_no,integer,14,4532,0,0.0,0,2,0.0030891438658428,1,0,0.4,0,5,0,4532,0,0,1,0,2,5,0.6518093556928508,4,4,1,1,0.0047393364928909,0,0,0,0,0,7,0,1,0,0
retail_pos,sales,sale_items,product_id,bigint,2954,4532,0,0.0,0,3,0.6518093556928508,1,0,0.6,0,5,0,4532,0,0,1,0,2,5,0.6518093556928508,4,1,1,1,1.0,0,1,0,0,0,10,0,0,1,0
retail_pos,sales,sale_items,quantity,integer,5,4532,0,0.0,0,4,0.0011032656663724,1,0,0.8,0,5,0,4532,0,0,1,0,2,5,0.6518093556928508,4,5,1,1,0.0016926201760324,0,0,0,0,0,8,0,0,0,0
retail_pos,sales,sale_items,unit_price,decimal,1179,4532,0,0.0,0,5,0.2601500441306266,1,0,1.0,0,5,0,4532,0,0,1,0,2,5,0.6518093556928508,4,2,1,1,0.3991198375084631,0,0,0,0,0,10,0,0,0,0
retail_pos,sales,store_stock,store_id,bigint,50,1457,0,0.0,0,1,0.0343170899107755,1,1,0.25,0,4,0,1457,0,0,1,0,2,3,0.9245024021962938,3,4,1,1,0.0371195248700816,0,1,0,0,0,8,0,1,0,0
retail_pos,sales,store_stock,product_id,bigint,455,1457,0,0.0,0,2,0.3122855181880576,1,0,0.5,0,4,0,1457,0,0,1,0,2,3,0.9245024021962938,3,2,1,1,0.3377876763177431,0,1,0,0,0,10,0,1,0,0
retail_pos,sales,store_stock,quantity,integer,176,1457,0,0.0,0,3,0.1207961564859299,1,0,0.75,0,4,0,1457,0,0,1,0,2,3,0.9245024021962938,3,3,1,1,0.1306607275426874,0,0,0,0,0,8,0,0,0,0
retail_pos,sales,store_stock,last_restocked,date,1347,1457,150,0.1029512697323267,0,4,0.9245024021962938,0,0,1.0,0,4,0,1457,0,0,1,0,2,3,0.9245024021962938,3,1,4,0,1.0,0,0,0,0,0,14,0,0,0,0
retail_pos,sales,item_returns,return_id,bigint,14021,14021,0,0.0,1,1,1.0,1,1,0.1666666666666666,1,6,1,14021,0,1,0,1,2,6,1.0,3,1,1,1,1.0,0,1,0,0,0,9,1,0,0,0
retail_pos,sales,item_returns,transaction_id,bigint,4532,14021,0,0.0,0,2,0.3232294415519577,1,0,0.3333333333333333,0,6,1,14021,1,1,0,1,2,6,1.0,3,3,1,1,0.3232294415519577,1,1,0,0,0,14,0,0,0,1
retail_pos,sales,item_returns,line_no,integer,4532,14021,0,0.0,0,3,0.3232294415519577,1,0,0.5,0,6,1,14021,1,1,0,1,2,6,1.0,3,3,1,1,0.3232294415519577,1,0,0,0,0,7,0,0,0,1
retail_pos,sales,item_returns,reason,varchar,7,14021,0,0.0,0,4,0.000499251123315,1,0,0.6666666666666666,0,6,1,14021,1,1,0,1,2,6,1.0,3,6,1,1,0.000499251123315,1,0,0,0,0,6,0,0,0,0
retail_pos,sales,item_returns,returned_at,date,10834,14021,0,0.0,0,5,0.7726980957135725,1,0,0.8333333333333334,0,6,1,14021,1,1,0,1,2,6,1.0,3,2,1,1,0.7726980957135725,1,0,0,0,0,11,0,0,0,0
retail_pos,sales,item_returns,refund_amount,decimal,2864,14021,0,0.0,0,6,0.2042650310248912,1,0,1.0,0,6,1,14021,1,1,0,1,2,6,1.0,3,5,1,1,0.2042650310248912,1,0,0,0,0,13,0,0,0,0
retail_pos,sales,warranty_claims,claim_id,bigint,3316,3316,0,0.0,1,1,1.0,1,1,0.1666666666666666,1,6,1,3316,0,1,0,1,2,6,1.0,3,1,1,1,1.0,0,1,0,0,0,8,1,0,0,0
retail_pos,sales,warranty_claims,transaction_id,bigint,2816,3316,0,0.0,0,2,0.8492159227985525,1,0,0.3333333333333333,0,6,1,3316,1,1,0,1,2,6,1.0,3,3,1,1,0.8492159227985525,1,1,0,0,0,14,0,0,0,1
retail_pos,sales,warranty_claims,line_no,integer,2890,3316,0,0.0,0,3,0.8715319662243667,1,0,0.5,0,6,1,3316,1,1,0,1,2,6,1.0,3,2,1,1,0.8715319662243667,1,0,0,0,0,7,0,0,0,1
retail_pos,sales,warranty_claims,issue_desc,varchar,2350,3316,0,0.0,0,4,0.7086851628468034,1,0,0.6666666666666666,0,6,1,3316,1,1,0,1,2,6,1.0,3,4,1,1,0.7086851628468034,1,0,0,0,0,10,0,0,0,0
retail_pos,sales,warranty_claims,claim_date,date,2335,3316,0,0.0,0,5,0.7041616405307599,1,0,0.8333333333333334,0,6,1,3316,1,1,0,1,2,6,1.0,3,5,1,1,0.7041616405307599,1,0,0,0,0,10,0,0,0,0
retail_pos,sales,warranty_claims,resolved,boolean,2,3316,0,0.0,0,6,0.0006031363088057,1,0,1.0,0,6,1,3316,1,1,0,1,2,6,1.0,3,6,1,1,0.0006031363088057,1,0,0,0,0,8,0,0,0,0
retail_pos,sales,stock_movements,movement_id,bigint,13927,13927,0,0.0,1,1,1.0,1,1,0.1666666666666666,1,6,1,13927,0,1,0,2,3,6,1.0,4,1,1,1,1.0,1,1,0,0,0,11,1,0,0,0
retail_pos,sales,stock_movements,store_id,bigint,1457,13927,0,0.0,0,2,0.1046169311409492,1,0,0.3333333333333333,0,6,1,13927,1,1,0,2,3,6,1.0,4,4,1,1,0.1046169311409492,2,1,0,0,0,8,0,0,0,1
retail_pos,sales,stock_movements,product_id,bigint,1457,13927,0,0.0,0,3,0.1046169311409492,1,0,0.5,0,6,1,13927,1,1,0,2,3,6,1.0,4,4,1,1,0.1046169311409492,2,1,0,0,0,10,0,0,0,1
retail_pos,sales,stock_movements,movement_type,varchar,8,13927,0,0.0,0,4,0.0005744237811445,1,0,0.6666666666666666,0,6,1,13927,1,1,0,2,3,6,1.0,4,6,1,1,0.0005744237811445,2,0,0,0,0,13,0,0,0,0
retail_pos,sales,stock_movements,quantity,integer,2550,13927,0,0.0,0,5,0.1830975802398219,1,0,0.8333333333333334,0,6,1,13927,1,1,0,2,3,6,1.0,4,3,1,1,0.1830975802398219,2,0,0,0,0,8,0,0,0,0
retail_pos,sales,stock_movements,movement_date,date,13485,13927,0,0.0,0,6,0.968263086091764,1,0,1.0,0,6,1,13927,1,1,0,2,3,6,1.0,4,2,1,1,0.968263086091764,1,0,0,0,0,13,0,0,0,0
retail_pos,sales,replenishment_orders,order_id,bigint,3406,3406,0,0.0,1,1,1.0,1,1,0.1666666666666666,1,6,1,3406,0,1,0,1,3,6,1.0,4,1,1,1,1.0,0,1,0,0,0,8,1,0,0,0
retail_pos,sales,replenishment_orders,store_id,bigint,1457,3406,0,0.0,0,2,0.4277745155607751,1,0,0.3333333333333333,0,6,1,3406,1,1,0,1,3,6,1.0,4,3,1,1,0.4277745155607751,1,1,0,0,0,8,0,0,0,1
retail_pos,sales,replenishment_orders,product_id,bigint,1457,3406,0,0.0,0,3,0.4277745155607751,1,0,0.5,0,6,1,3406,1,1,0,1,3,6,1.0,4,3,1,1,0.4277745155607751,1,1,0,0,0,10,0,0,0,1
retail_pos,sales,replenishment_orders,ordered_qty,integer,540,3406,0,0.0,0,4,0.1585437463300058,1,0,0.6666666666666666,0,6,1,3406,1,1,0,1,3,6,1.0,4,5,1,1,0.1585437463300058,1,0,0,0,0,11,0,0,0,0
retail_pos,sales,replenishment_orders,order_date,date,2292,3406,0,0.0,0,5,0.6729301233118027,1,0,0.8333333333333334,0,6,1,3406,1,1,0,1,3,6,1.0,4,2,1,1,0.6729301233118027,1,0,0,0,0,10,0,0,0,0
retail_pos,sales,replenishment_orders,status,varchar,6,3406,0,0.0,0,6,0.0017615971814445,1,0,1.0,0,6,1,3406,1,1,0,1,3,6,1.0,4,6,1,1,0.0017615971814445,1,0,0,0,0,6,0,0,0,0
sports_league,sports,matches,match_id,bigint,1230,1230,0,0.0,1,1,1.0,1,1,0.2,1,5,1,1230,0,1,0,1,2,5,1.0,2,1,1,1,1.0,0,1,0,0,0,8,1,0,0,0
sports_league,sports,matches,league_id,bigint,55,1230,0,0.0,0,2,0.0447154471544715,1,0,0.4,0,5,1,1230,1,1,0,1,2,5,1.0,2,4,1,1,0.0447154471544715,1,1,0,0,0,9,0,0,1,0
sports_league,sports,matches,match_date,date,993,1230,0,0.0,0,3,0.8073170731707318,1,0,0.6,0,5,1,1230,1,1,0,1,2,5,1.0,2,2,1,1,0.8073170731707318,1,0,0,0,0,10,0,0,0,0
sports_league,sports,matches,venue,varchar,95,1230,0,0.0,0,4,0.0772357723577235,1,0,0.8,0,5,1,1230,1,1,0,1,2,5,1.0,2,3,1,1,0.0772357723577235,1,0,0,0,0,5,0,0,0,0
sports_league,sports,matches,status,varchar,6,1230,0,0.0,0,5,0.0048780487804878,1,0,1.0,0,5,1,1230,1,1,0,1,2,5,1.0,2,5,1,1,0.0048780487804878,1,0,0,0,0,6,0,0,0,0
sports_league,sports,players,player_id,bigint,2774,2774,0,0.0,1,1,1.0,1,1,0.25,1,4,1,2774,0,1,0,1,1,4,1.0,1,1,1,1,1.0,0,1,0,1,1,9,1,0,0,0
sports_league,sports,players,full_name,varchar,1849,2774,0,0.0,0,2,0.6665465032444124,1,0,0.5,0,4,1,2774,1,1,0,1,1,4,1.0,1,2,1,1,0.6665465032444124,1,0,0,0,0,9,0,0,0,0
sports_league,sports,players,position,varchar,5,2774,0,0.0,0,3,0.0018024513338139,1,0,0.75,0,4,1,2774,1,1,0,1,1,4,1.0,1,4,1,1,0.0018024513338139,1,0,0,0,0,8,0,0,0,0
sports_league,sports,players,nationality,varchar,8,2774,0,0.0,0,4,0.0028839221341023,1,0,1.0,0,4,1,2774,1,1,0,1,1,4,1.0,1,3,1,1,0.0028839221341023,1,0,0,0,0,11,0,0,0,0
sports_league,sports,leagues,league_id,bigint,55,55,0,0.0,1,1,1.0,1,1,0.25,1,4,1,55,0,1,0,1,1,4,1.0,1,1,1,1,1.0,0,1,0,1,1,9,1,0,0,0
sports_league,sports,leagues,name,varchar,51,55,0,0.0,0,2,0.9272727272727272,1,0,0.5,0,4,1,55,1,1,0,1,1,4,1.0,1,2,1,1,0.9272727272727272,1,0,0,0,0,4,0,0,0,0
sports_league,sports,leagues,country,varchar,4,55,0,0.0,0,3,0.0727272727272727,1,0,0.75,0,4,1,55,1,1,0,1,1,4,1.0,1,4,1,1,0.0727272727272727,1,0,0,0,0,7,0,0,0,0
sports_league,sports,leagues,season,varchar,7,55,0,0.0,0,4,0.1272727272727272,1,0,1.0,0,4,1,55,1,1,0,1,1,4,1.0,1,3,1,1,0.1272727272727272,1,0,0,0,0,6,0,0,0,0
sports_league,sports,teams,team_id,bigint,303,303,0,0.0,1,1,1.0,1,1,0.25,1,4,1,303,0,1,0,2,1,3,1.0,2,1,1,1,1.0,1,1,0,1,1,7,1,0,0,0
sports_league,sports,teams,name,varchar,294,303,0,0.0,0,2,0.9702970297029704,1,0,0.5,0,4,1,303,1,1,0,2,1,3,1.0,2,2,1,1,0.9702970297029704,1,0,0,0,0,4,0,0,0,0
sports_league,sports,teams,city,varchar,29,303,0,0.0,0,3,0.0957095709570957,1,0,0.75,0,4,1,303,1,1,0,2,1,3,1.0,2,4,1,1,0.0957095709570957,2,0,0,0,0,4,0,0,0,0
sports_league,sports,teams,founded_year,integer,45,303,9,0.0297029702970297,0,4,0.1485148514851485,0,0,1.0,0,4,1,303,1,1,0,2,1,3,1.0,2,3,4,0,0.1485148514851485,2,0,0,0,0,12,0,0,0,0
sports_league,sports,match_lineups,match_id,bigint,411,2833,0,0.0,0,1,0.1450758912813272,1,1,0.2,0,5,0,2833,0,0,1,0,3,5,0.6632545005294741,4,2,1,1,0.2187333688131985,0,1,0,0,0,8,0,1,0,0
sports_league,sports,match_lineups,player_id,bigint,1879,2833,0,0.0,0,2,0.6632545005294741,1,0,0.4,0,5,0,2833,0,0,1,0,3,5,0.6632545005294741,4,1,1,1,1.0,0,1,0,0,0,9,0,1,0,0
sports_league,sports,match_lineups,team_id,bigint,303,2833,0,0.0,0,3,0.1069537592657959,1,0,0.6,0,5,0,2833,0,0,1,0,3,5,0.6632545005294741,4,3,1,1,0.1612559872272485,0,1,0,0,0,7,0,0,1,0
sports_league,sports,match_lineups,shirt_no,integer,5,2833,0,0.0,0,4,0.0017649135192375,1,0,0.8,0,5,0,2833,0,0,1,0,3,5,0.6632545005294741,4,5,1,1,0.0026609898882384,0,0,0,0,0,8,0,0,0,0
sports_league,sports,match_lineups,position,varchar,8,2833,0,0.0,0,5,0.00282386163078,1,0,1.0,0,5,0,2833,0,0,1,0,3,5,0.6632545005294741,4,4,1,1,0.0042575838211814,0,0,0,0,0,8,0,0,0,0
sports_league,sports,league_standings,league_id,bigint,55,739,0,0.0,0,1,0.074424898511502,1,1,0.2,0,5,0,739,0,0,1,0,2,5,0.4100135317997294,5,5,1,1,0.1815181518151815,0,1,0,0,0,9,0,1,0,0
sports_league,sports,league_standings,team_id,bigint,303,739,0,0.0,0,2,0.4100135317997294,1,0,0.4,0,5,0,739,0,0,1,0,2,5,0.4100135317997294,5,1,1,1,1.0,0,1,0,0,0,7,0,1,0,0
sports_league,sports,league_standings,points,integer,98,739,0,0.0,0,3,0.1326116373477672,1,0,0.6,0,5,0,739,0,0,1,0,2,5,0.4100135317997294,5,3,1,1,0.3234323432343234,0,0,0,0,0,6,0,0,0,0
sports_league,sports,league_standings,wins,integer,80,739,0,0.0,0,4,0.108254397834912,1,0,0.8,0,5,0,739,0,0,1,0,2,5,0.4100135317997294,5,4,1,1,0.264026402640264,0,0,0,0,0,4,0,0,0,0
sports_league,sports,league_standings,losses,integer,141,739,0,0.0,0,5,0.1907983761840324,1,0,1.0,0,5,0,739,0,0,1,0,2,5,0.4100135317997294,5,2,1,1,0.4653465346534653,0,0,0,0,0,6,0,0,0,0
sports_league,sports,player_events,event_id,bigint,2355,2355,0,0.0,1,1,1.0,1,1,0.1666666666666666,1,6,1,2355,0,1,0,1,3,5,1.0,4,1,1,1,1.0,0,1,0,0,0,8,1,0,0,0
sports_league,sports,player_events,match_id,bigint,2134,2355,0,0.0,0,2,0.9061571125265392,1,0,0.3333333333333333,0,6,1,2355,1,1,0,1,3,5,1.0,4,2,1,1,0.9061571125265392,1,1,0,0,0,8,0,0,0,1
sports_league,sports,player_events,player_id,bigint,1091,2355,0,0.0,0,3,0.4632696390658174,1,0,0.5,0,6,1,2355,1,1,0,1,3,5,1.0,4,3,1,1,0.4632696390658174,1,1,0,0,0,9,0,0,0,1
sports_league,sports,player_events,event_type,varchar,8,2355,0,0.0,0,4,0.0033970276008492,1,0,0.6666666666666666,0,6,1,2355,1,1,0,1,3,5,1.0,4,4,1,1,0.0033970276008492,1,0,0,0,0,10,0,0,0,0
sports_league,sports,player_events,minute,integer,4,2355,0,0.0,0,5,0.0016985138004246,1,0,0.8333333333333334,0,6,1,2355,1,1,0,1,3,5,1.0,4,6,1,1,0.0016985138004246,1,0,0,0,0,6,0,0,0,0
sports_league,sports,player_events,event_detail,varchar,7,2355,157,0.0666666666666666,0,6,0.0029723991507431,0,0,1.0,0,6,1,2355,1,1,0,1,3,5,1.0,4,5,6,0,0.0029723991507431,1,0,0,0,0,12,0,0,0,0
sports_league,sports,player_stats,stat_id,bigint,5440,5440,0,0.0,1,1,1.0,1,1,0.1666666666666666,1,6,1,5440,0,1,0,1,3,6,1.0,6,1,1,1,1.0,0,1,0,0,0,7,1,0,0,0
sports_league,sports,player_stats,match_id,bigint,1694,5440,0,0.0,0,2,0.3113970588235294,1,0,0.3333333333333333,0,6,1,5440,1,1,0,1,3,6,1.0,6,3,1,1,0.3113970588235294,1,1,0,0,0,8,0,0,0,1
sports_league,sports,player_stats,player_id,bigint,2833,5440,0,0.0,0,3,0.5207720588235294,1,0,0.5,0,6,1,5440,1,1,0,1,3,6,1.0,6,2,1,1,0.5207720588235294,1,1,0,0,0,9,0,0,0,1
sports_league,sports,player_stats,goals,integer,3,5440,0,0.0,0,4,0.0005514705882352,1,0,0.6666666666666666,0,6,1,5440,1,1,0,1,3,6,1.0,6,6,1,1,0.0005514705882352,1,0,0,0,0,5,0,0,0,0
sports_league,sports,player_stats,assists,integer,8,5440,0,0.0,0,5,0.0014705882352941,1,0,0.8333333333333334,0,6,1,5440,1,1,0,1,3,6,1.0,6,4,1,1,0.0014705882352941,1,0,0,0,0,7,0,0,0,0
sports_league,sports,player_stats,minutes_played,integer,8,5440,0,0.0,0,6,0.0014705882352941,1,0,1.0,0,6,1,5440,1,1,0,1,3,6,1.0,6,4,1,1,0.0014705882352941,1,0,0,0,0,14,0,0,0,0
sports_league,sports,standing_changes,change_id,bigint,3279,3279,0,0.0,1,1,1.0,1,1,0.1666666666666666,1,6,1,3279,0,1,0,1,3,6,1.0,4,1,1,1,1.0,0,1,0,0,0,9,1,0,0,0
sports_league,sports,standing_changes,league_id,bigint,739,3279,0,0.0,0,2,0.2253735895089966,1,0,0.3333333333333333,0,6,1,3279,1,1,0,1,3,6,1.0,4,3,1,1,0.2253735895089966,1,1,0,0,0,9,0,0,0,1
sports_league,sports,standing_changes,team_id,bigint,739,3279,0,0.0,0,3,0.2253735895089966,1,0,0.5,0,6,1,3279,1,1,0,1,3,6,1.0,4,3,1,1,0.2253735895089966,1,1,0,0,0,7,0,0,0,1
sports_league,sports,standing_changes,change_type,varchar,6,3279,0,0.0,0,4,0.0018298261665141,1,0,0.6666666666666666,0,6,1,3279,1,1,0,1,3,6,1.0,4,5,1,1,0.0018298261665141,1,0,0,0,0,11,0,0,0,0
sports_league,sports,standing_changes,change_date,date,2879,3279,0,0.0,0,5,0.8780115888990546,1,0,0.8333333333333334,0,6,1,3279,1,1,0,1,3,6,1.0,4,2,1,1,0.8780115888990546,1,0,0,0,0,11,0,0,0,0
sports_league,sports,standing_changes,points_delta,integer,3,3279,0,0.0,0,6,0.000914913083257,1,0,1.0,0,6,1,3279,1,1,0,1,3,6,1.0,4,6,1,1,0.000914913083257,1,0,0,0,0,12,0,0,0,0
sports_league,sports,team_penalties,penalty_id,bigint,3533,3533,0,0.0,1,1,1.0,1,1,0.1666666666666666,1,6,1,3533,0,1,0,1,3,6,1.0,4,1,1,1,1.0,0,1,0,0,0,10,1,0,0,0
sports_league,sports,team_penalties,league_id,bigint,739,3533,0,0.0,0,2,0.2091706764789131,1,0,0.3333333333333333,0,6,1,3533,1,1,0,1,3,6,1.0,4,3,1,1,0.2091706764789131,1,1,0,0,0,9,0,0,0,1
sports_league,sports,team_penalties,team_id,bigint,739,3533,0,0.0,0,3,0.2091706764789131,1,0,0.5,0,6,1,3533,1,1,0,1,3,6,1.0,4,3,1,1,0.2091706764789131,1,1,0,0,0,7,0,0,0,1
sports_league,sports,team_penalties,penalty_type,varchar,3,3533,0,0.0,0,4,0.0008491367110104,1,0,0.6666666666666666,0,6,1,3533,1,1,0,1,3,6,1.0,4,6,1,1,0.0008491367110104,1,0,0,0,0,12,0,0,0,0
sports_league,sports,team_penalties,points_deducted,integer,8,3533,0,0.0,0,5,0.0022643645626945,1,0,0.8333333333333334,0,6,1,3533,1,1,0,1,3,6,1.0,4,5,1,1,0.0022643645626945,1,0,0,0,0,15,0,0,0,0
sports_league,sports,team_penalties,issued_at,date,2786,3533,0,0.0,0,6,0.7885649589583923,1,0,1.0,0,6,1,3533,1,1,0,1,3,6,1.0,4,2,1,1,0.7885649589583923,1,0,0,0,0,9,0,0,0,0
hospitality,hotel,rooms,room_id,bigint,490,490,0,0.0,1,1,1.0,1,1,0.25,1,4,1,490,0,1,0,1,1,4,1.0,2,1,1,1,1.0,0,1,0,1,1,7,1,0,0,0
hospitality,hotel,rooms,room_no,varchar,344,490,0,0.0,0,2,0.7020408163265306,1,0,0.5,0,4,1,490,1,1,0,1,1,4,1.0,2,2,1,1,0.7020408163265306,1,0,0,1,0,7,0,0,0,0
hospitality,hotel,rooms,floor,integer,5,490,0,0.0,0,3,0.010204081632653,1,0,0.75,0,4,1,490,1,1,0,1,1,4,1.0,2,4,1,1,0.010204081632653,1,0,0,0,0,5,0,0,0,0
hospitality,hotel,rooms,status,varchar,7,490,0,0.0,0,4,0.0142857142857142,1,0,1.0,0,4,1,490,1,1,0,1,1,4,1.0,2,3,1,1,0.0142857142857142,1,0,0,0,0,6,0,0,0,0
hospitality,hotel,guests,guest_id,bigint,7185,7185,0,0.0,1,1,1.0,1,1,0.25,1,4,1,7185,0,1,0,1,1,3,1.0,1,1,1,1,1.0,0,1,0,1,1,8,1,0,0,0
hospitality,hotel,guests,full_name,varchar,4466,7185,0,0.0,0,2,0.6215727209464161,1,0,0.5,0,4,1,7185,1,1,0,1,1,3,1.0,1,3,1,1,0.6215727209464161,1,0,0,0,0,9,0,0,0,0
hospitality,hotel,guests,email,varchar,5683,7185,0,0.0,0,3,0.7909533750869868,1,0,0.75,0,4,1,7185,1,1,0,1,1,3,1.0,1,2,1,1,0.7909533750869868,1,0,0,0,0,5,0,0,0,0
hospitality,hotel,guests,nationality,varchar,4,7185,572,0.0796102992345163,0,4,0.0005567153792623,0,0,1.0,0,4,1,7185,1,1,0,1,1,3,1.0,1,4,4,0,0.0005567153792623,1,0,0,0,0,11,0,0,0,0
hospitality,hotel,packages,package_id,bigint,97,97,0,0.0,1,1,1.0,1,1,0.25,1,4,1,97,0,1,0,1,1,4,1.0,1,1,1,1,1.0,0,1,0,1,1,10,1,0,0,0
hospitality,hotel,packages,name,varchar,89,97,0,0.0,0,2,0.9175257731958762,1,0,0.5,0,4,1,97,1,1,0,1,1,4,1.0,1,2,1,1,0.9175257731958762,1,0,0,0,0,4,0,0,0,0
hospitality,hotel,packages,price,decimal,26,97,0,0.0,0,3,0.268041237113402,1,0,0.75,0,4,1,97,1,1,0,1,1,4,1.0,1,3,1,1,0.268041237113402,1,0,0,0,0,5,0,0,0,0
hospitality,hotel,packages,is_active,boolean,8,97,0,0.0,0,4,0.0824742268041237,1,0,1.0,0,4,1,97,1,1,0,1,1,4,1.0,1,4,1,1,0.0824742268041237,1,0,0,0,0,9,0,0,0,0
hospitality,hotel,amenities,amenity_id,bigint,148,148,0,0.0,1,1,1.0,1,1,0.3333333333333333,1,3,1,148,0,1,0,1,1,3,1.0,1,1,1,1,1.0,0,1,0,1,1,10,1,0,0,0
hospitality,hotel,amenities,name,varchar,119,148,0,0.0,0,2,0.8040540540540541,1,0,0.6666666666666666,0,3,1,148,1,1,0,1,1,3,1.0,1,2,1,1,0.8040540540540541,1,0,0,0,0,4,0,0,0,0
hospitality,hotel,amenities,category,varchar,5,148,0,0.0,0,3,0.0337837837837837,1,0,1.0,0,3,1,148,1,1,0,1,1,3,1.0,1,3,1,1,0.0337837837837837,1,0,0,0,0,8,0,0,0,0
hospitality,hotel,rate_plan_rooms,room_category,varchar,415,1210,0,0.0,0,1,0.3429752066115702,1,1,0.2,0,5,0,1210,0,0,1,0,0,5,0.6958677685950413,1,2,1,1,0.492874109263658,0,0,0,0,0,13,0,1,0,0
hospitality,hotel,rate_plan_rooms,rate_code,varchar,842,1210,0,0.0,0,2,0.6958677685950413,1,0,0.4,0,5,0,1210,0,0,1,0,0,5,0.6958677685950413,1,1,1,1,1.0,0,0,0,0,0,9,0,1,0,0
hospitality,hotel,rate_plan_rooms,price_per_night,decimal,285,1210,0,0.0,0,3,0.2355371900826446,1,0,0.6,0,5,0,1210,0,0,1,0,0,5,0.6958677685950413,1,3,1,1,0.338479809976247,0,0,0,0,0,15,0,0,0,0
hospitality,hotel,rate_plan_rooms,min_stay_nights,integer,5,1210,0,0.0,0,4,0.0041322314049586,1,0,0.8,0,5,0,1210,0,0,1,0,0,5,0.6958677685950413,1,5,1,1,0.005938242280285,0,0,0,0,0,15,0,0,0,0
hospitality,hotel,rate_plan_rooms,is_active,boolean,7,1210,0,0.0,0,5,0.0057851239669421,1,0,1.0,0,5,0,1210,0,0,1,0,0,5,0.6958677685950413,1,4,1,1,0.008313539192399,0,0,0,0,0,9,0,0,0,0
hospitality,hotel,amenity_packages,package_id,bigint,97,473,0,0.0,0,1,0.2050739957716701,1,1,0.25,0,4,0,473,0,0,1,0,2,3,0.2050739957716701,3,1,1,1,1.0,0,1,0,0,0,10,0,1,0,0
hospitality,hotel,amenity_packages,amenity_id,bigint,96,473,0,0.0,0,2,0.2029598308668076,1,0,0.5,0,4,0,473,0,0,1,0,2,3,0.2050739957716701,3,2,1,1,0.9896907216494846,0,1,0,0,0,10,0,1,0,0
hospitality,hotel,amenity_packages,quantity,integer,6,473,0,0.0,0,3,0.0126849894291754,1,0,0.75,0,4,0,473,0,0,1,0,2,3,0.2050739957716701,3,3,1,1,0.0618556701030927,0,0,0,0,0,8,0,0,0,0
hospitality,hotel,amenity_packages,notes,varchar,4,473,37,0.0782241014799154,0,4,0.0084566596194503,0,0,1.0,0,4,0,473,0,0,1,0,2,3,0.2050739957716701,3,4,4,0,0.0412371134020618,0,0,0,0,0,5,0,0,0,0
hospitality,hotel,reservations,reservation_id,bigint,15160,15160,0,0.0,1,1,1.0,1,1,0.1666666666666666,1,6,1,15160,0,1,0,1,2,6,1.0,2,1,1,1,1.0,0,1,0,1,1,14,1,0,0,0
hospitality,hotel,reservations,room_category,varchar,1210,15160,0,0.0,0,2,0.0798153034300791,1,0,0.3333333333333333,0,6,1,15160,1,1,0,1,2,6,1.0,2,5,1,1,0.0798153034300791,1,0,0,0,0,13,0,0,0,1
hospitality,hotel,reservations,rate_code,varchar,1210,15160,0,0.0,0,3,0.0798153034300791,1,0,0.5,0,6,1,15160,1,1,0,1,2,6,1.0,2,5,1,1,0.0798153034300791,1,0,0,0,0,9,0,0,0,1
hospitality,hotel,reservations,guest_id,bigint,7185,15160,0,0.0,0,4,0.4739445910290237,1,0,0.6666666666666666,0,6,1,15160,1,1,0,1,2,6,1.0,2,4,1,1,0.4739445910290237,1,1,0,0,0,8,0,0,1,0
hospitality,hotel,reservations,check_in,date,14067,15160,0,0.0,0,5,0.9279023746701848,1,0,0.8333333333333334,0,6,1,15160,1,1,0,1,2,6,1.0,2,2,1,1,0.9279023746701848,1,0,0,0,0,8,0,0,0,0
hospitality,hotel,reservations,check_out,date,10774,15160,0,0.0,0,6,0.7106860158311346,1,0,1.0,0,6,1,15160,1,1,0,1,2,6,1.0,2,3,1,1,0.7106860158311346,1,0,0,0,0,9,0,0,0,0
hospitality,hotel,invoices,invoice_id,bigint,8042,8042,0,0.0,1,1,1.0,1,1,0.1666666666666666,1,6,1,8042,0,1,0,2,2,6,1.0,2,1,1,1,1.0,1,1,0,1,1,10,1,0,0,0
hospitality,hotel,invoices,room_category,varchar,1210,8042,0,0.0,0,2,0.1504600845560805,1,0,0.3333333333333333,0,6,1,8042,1,1,0,2,2,6,1.0,2,4,1,1,0.1504600845560805,2,0,0,0,0,13,0,0,0,1
hospitality,hotel,invoices,rate_code,varchar,1210,8042,0,0.0,0,3,0.1504600845560805,1,0,0.5,0,6,1,8042,1,1,0,2,2,6,1.0,2,4,1,1,0.1504600845560805,2,0,0,0,0,9,0,0,0,1
hospitality,hotel,invoices,guest_id,bigint,7185,8042,0,0.0,0,4,0.8934344690375529,1,0,0.6666666666666666,0,6,1,8042,1,1,0,2,2,6,1.0,2,3,1,1,0.8934344690375529,2,1,0,0,0,8,0,0,1,0
hospitality,hotel,invoices,total_amount,decimal,685,8042,0,0.0,0,5,0.0851778164635662,1,0,0.8333333333333334,0,6,1,8042,1,1,0,2,2,6,1.0,2,6,1,1,0.0851778164635662,2,0,0,0,0,12,0,0,0,0
hospitality,hotel,invoices,issued_at,date,7765,8042,0,0.0,0,6,0.9655558318826164,1,0,1.0,0,6,1,8042,1,1,0,2,2,6,1.0,2,2,1,1,0.9655558318826164,1,0,0,0,0,9,0,0,0,0
hospitality,hotel,guest_package_items,item_id,bigint,14121,14121,0,0.0,1,1,1.0,1,1,0.1666666666666666,1,6,1,14121,0,1,0,1,4,5,1.0,5,1,1,1,1.0,0,1,0,0,0,7,1,0,0,0
hospitality,hotel,guest_package_items,package_id,bigint,473,14121,0,0.0,0,2,0.033496211316479,1,0,0.3333333333333333,0,6,1,14121,1,1,0,1,4,5,1.0,5,4,1,1,0.033496211316479,1,1,0,0,0,10,0,0,0,1
hospitality,hotel,guest_package_items,amenity_id,bigint,473,14121,0,0.0,0,3,0.033496211316479,1,0,0.5,0,6,1,14121,1,1,0,1,4,5,1.0,5,4,1,1,0.033496211316479,1,1,0,0,0,10,0,0,0,1
hospitality,hotel,guest_package_items,guest_id,bigint,7185,14121,0,0.0,0,4,0.5088166560441895,1,0,0.6666666666666666,0,6,1,14121,1,1,0,1,4,5,1.0,5,3,1,1,0.5088166560441895,1,1,0,0,0,8,0,0,1,0
hospitality,hotel,guest_package_items,quantity,integer,7,14121,0,0.0,0,5,0.0004957156008781,1,0,0.8333333333333334,0,6,1,14121,1,1,0,1,4,5,1.0,5,6,1,1,0.0004957156008781,1,0,0,0,0,8,0,0,0,0
hospitality,hotel,guest_package_items,used_at,date,11010,14121,337,0.0238651653565611,0,6,0.7796898236668791,0,0,1.0,0,6,1,14121,1,1,0,1,4,5,1.0,5,2,6,0,0.7796898236668791,1,0,0,0,0,7,0,0,0,0
hospitality,hotel,package_charges,charge_id,bigint,6547,6547,0,0.0,1,1,1.0,1,1,0.1666666666666666,1,6,1,6547,0,1,0,1,4,5,1.0,4,1,1,1,1.0,0,1,0,0,0,9,1,0,0,0
hospitality,hotel,package_charges,package_id,bigint,473,6547,0,0.0,0,2,0.0722468306094394,1,0,0.3333333333333333,0,6,1,6547,1,1,0,1,4,5,1.0,4,5,1,1,0.0722468306094394,1,1,0,0,0,10,0,0,0,1
hospitality,hotel,package_charges,amenity_id,bigint,473,6547,0,0.0,0,3,0.0722468306094394,1,0,0.5,0,6,1,6547,1,1,0,1,4,5,1.0,4,5,1,1,0.0722468306094394,1,1,0,0,0,10,0,0,0,1
hospitality,hotel,package_charges,amount,decimal,767,6547,0,0.0,0,4,0.1171528944554757,1,0,0.6666666666666666,0,6,1,6547,1,1,0,1,4,5,1.0,4,4,1,1,0.1171528944554757,1,0,0,0,0,6,0,0,0,0
hospitality,hotel,package_charges,charged_at,date,6082,6547,0,0.0,0,5,0.9289751031006568,1,0,0.8333333333333334,0,6,1,6547,1,1,0,1,4,5,1.0,4,2,1,1,0.9289751031006568,1,0,0,0,0,10,0,0,0,0
hospitality,hotel,package_charges,invoice_id,bigint,5005,6547,647,0.0988238888040323,0,6,0.7644722773789522,0,0,1.0,0,6,1,6547,1,1,0,1,4,5,1.0,4,3,6,0,0.7644722773789522,1,1,0,0,0,10,0,0,1,0
supply_chain,procurement,purchase_orders,po_id,bigint,3257,3257,0,0.0,1,1,1.0,1,1,0.2,1,5,1,3257,0,1,0,1,2,5,1.0,2,1,1,1,1.0,0,1,0,0,0,5,1,0,0,0
supply_chain,procurement,purchase_orders,supplier_id,bigint,847,3257,0,0.0,0,2,0.2600552655818238,1,0,0.4,0,5,1,3257,1,1,0,1,2,5,1.0,2,3,1,1,0.2600552655818238,1,1,0,0,0,11,0,0,1,0
supply_chain,procurement,purchase_orders,order_date,date,2837,3257,0,0.0,0,3,0.8710469757445501,1,0,0.6,0,5,1,3257,1,1,0,1,2,5,1.0,2,2,1,1,0.8710469757445501,1,0,0,0,0,10,0,0,0,0
supply_chain,procurement,purchase_orders,status,varchar,3,3257,0,0.0,0,4,0.000921093030396,1,0,0.8,0,5,1,3257,1,1,0,1,2,5,1.0,2,5,1,1,0.000921093030396,1,0,0,0,0,6,0,0,0,0
supply_chain,procurement,purchase_orders,total_amount,decimal,656,3257,0,0.0,0,5,0.2014123426466073,1,0,1.0,0,5,1,3257,1,1,0,1,2,5,1.0,2,4,1,1,0.2014123426466073,1,0,0,0,0,12,0,0,0,0
supply_chain,procurement,suppliers,supplier_id,bigint,847,847,0,0.0,1,1,1.0,1,1,0.25,1,4,1,847,0,1,0,1,1,3,1.0,1,1,1,1,1.0,0,1,0,1,1,11,1,0,0,0
supply_chain,procurement,suppliers,name,varchar,754,847,0,0.0,0,2,0.8902007083825265,1,0,0.5,0,4,1,847,1,1,0,1,1,3,1.0,1,2,1,1,0.8902007083825265,1,0,0,0,0,4,0,0,0,0
supply_chain,procurement,suppliers,country,varchar,5,847,0,0.0,0,3,0.0059031877213695,1,0,0.75,0,4,1,847,1,1,0,1,1,3,1.0,1,3,1,1,0.0059031877213695,1,0,0,0,0,7,0,0,0,0
supply_chain,procurement,suppliers,rating,decimal,2,847,95,0.1121605667060212,0,4,0.0023612750885478,0,0,1.0,0,4,1,847,1,1,0,1,1,3,1.0,1,4,4,0,0.0023612750885478,1,0,0,0,0,6,0,0,0,0
supply_chain,procurement,products,product_id,bigint,1276,1276,0,0.0,1,1,1.0,1,1,0.25,1,4,1,1276,0,1,0,1,1,4,1.0,1,1,1,1,1.0,0,1,0,1,1,10,1,0,0,0
supply_chain,procurement,products,name,varchar,1085,1276,0,0.0,0,2,0.8503134796238244,1,0,0.5,0,4,1,1276,1,1,0,1,1,4,1.0,1,2,1,1,0.8503134796238244,1,0,0,0,0,4,0,0,0,0
supply_chain,procurement,products,category,varchar,4,1276,0,0.0,0,3,0.0031347962382445,1,0,0.75,0,4,1,1276,1,1,0,1,1,4,1.0,1,4,1,1,0.0031347962382445,1,0,0,0,0,8,0,0,0,0
supply_chain,procurement,products,unit,varchar,8,1276,0,0.0,0,4,0.006269592476489,1,0,1.0,0,4,1,1276,1,1,0,1,1,4,1.0,1,3,1,1,0.006269592476489,1,0,0,0,0,4,0,0,0,0
supply_chain,procurement,warehouses,warehouse_id,bigint,18,18,0,0.0,1,1,1.0,1,1,0.25,1,4,1,18,0,1,0,1,1,4,1.0,2,1,1,1,1.0,0,1,0,1,1,12,1,0,0,0
supply_chain,procurement,warehouses,name,varchar,16,18,0,0.0,0,2,0.8888888888888888,1,0,0.5,0,4,1,18,1,1,0,1,1,4,1.0,2,2,1,1,0.8888888888888888,1,0,0,0,0,4,0,0,0,0
supply_chain,procurement,warehouses,location,varchar,3,18,0,0.0,0,3,0.1666666666666666,1,0,0.75,0,4,1,18,1,1,0,1,1,4,1.0,2,3,1,1,0.1666666666666666,1,0,0,0,0,8,0,0,0,0
supply_chain,procurement,warehouses,capacity,integer,3,18,0,0.0,0,4,0.1666666666666666,1,0,1.0,0,4,1,18,1,1,0,1,1,4,1.0,2,3,1,1,0.1666666666666666,1,0,0,0,0,8,0,0,0,0
supply_chain,procurement,po_lines,po_id,bigint,508,1774,0,0.0,0,1,0.286358511837655,1,1,0.2,0,5,0,1774,0,0,1,0,2,5,0.7192784667418264,4,2,1,1,0.3981191222570533,0,1,0,0,0,5,0,1,0,0
supply_chain,procurement,po_lines,line_no,integer,12,1774,0,0.0,0,2,0.0067643742953776,1,0,0.4,0,5,0,1774,0,0,1,0,2,5,0.7192784667418264,4,5,1,1,0.0094043887147335,0,0,0,0,0,7,0,1,0,0
supply_chain,procurement,po_lines,product_id,bigint,1276,1774,0,0.0,0,3,0.7192784667418264,1,0,0.6,0,5,0,1774,0,0,1,0,2,5,0.7192784667418264,4,1,1,1,1.0,0,1,0,0,0,10,0,0,1,0
supply_chain,procurement,po_lines,quantity,integer,309,1774,0,0.0,0,4,0.1741826381059752,1,0,0.8,0,5,0,1774,0,0,1,0,2,5,0.7192784667418264,4,4,1,1,0.2421630094043887,0,0,0,0,0,8,0,0,0,0
supply_chain,procurement,po_lines,unit_price,decimal,319,1774,0,0.0,0,5,0.1798196166854566,1,0,1.0,0,5,0,1774,0,0,1,0,2,5,0.7192784667418264,4,3,1,1,0.25,0,0,0,0,0,10,0,0,0,0
supply_chain,procurement,supplier_products,supplier_id,bigint,230,391,0,0.0,0,1,0.5882352941176471,1,1,0.2,0,5,0,391,0,0,1,0,2,5,0.5882352941176471,3,1,1,1,1.0,0,1,0,0,0,11,0,1,0,0
supply_chain,procurement,supplier_products,product_id,bigint,82,391,0,0.0,0,2,0.2097186700767263,1,0,0.4,0,5,0,391,0,0,1,0,2,5,0.5882352941176471,3,3,1,1,0.3565217391304348,0,1,0,0,0,10,0,1,0,0
supply_chain,procurement,supplier_products,unit_cost,decimal,113,391,0,0.0,0,3,0.289002557544757,1,0,0.6,0,5,0,391,0,0,1,0,2,5,0.5882352941176471,3,2,1,1,0.4913043478260869,0,0,0,0,0,9,0,0,0,0
supply_chain,procurement,supplier_products,lead_time_days,integer,3,391,0,0.0,0,4,0.0076726342710997,1,0,0.8,0,5,0,391,0,0,1,0,2,5,0.5882352941176471,3,4,1,1,0.0130434782608695,0,0,0,0,0,14,0,0,0,0
supply_chain,procurement,supplier_products,is_preferred,boolean,2,391,0,0.0,0,5,0.0051150895140664,1,0,1.0,0,5,0,391,0,0,1,0,2,5,0.5882352941176471,3,5,1,1,0.008695652173913,0,0,0,0,0,12,0,0,0,0
supply_chain,procurement,goods_receipts,receipt_id,bigint,13261,13261,0,0.0,1,1,1.0,1,1,0.1666666666666666,1,6,1,13261,0,1,0,1,3,6,1.0,5,1,1,1,1.0,0,1,0,0,0,10,1,0,0,0
supply_chain,procurement,goods_receipts,po_id,bigint,1774,13261,0,0.0,0,2,0.1337757333534424,1,0,0.3333333333333333,0,6,1,13261,1,1,0,1,3,6,1.0,5,3,1,1,0.1337757333534424,1,1,0,0,0,5,0,0,0,1
supply_chain,procurement,goods_receipts,line_no,integer,1774,13261,0,0.0,0,3,0.1337757333534424,1,0,0.5,0,6,1,13261,1,1,0,1,3,6,1.0,5,3,1,1,0.1337757333534424,1,0,0,0,0,7,0,0,0,1
supply_chain,procurement,goods_receipts,received_qty,integer,1603,13261,0,0.0,0,4,0.1208807782218535,1,0,0.6666666666666666,0,6,1,13261,1,1,0,1,3,6,1.0,5,5,1,1,0.1208807782218535,1,0,0,0,0,12,0,0,0,0
supply_chain,procurement,goods_receipts,received_at,date,11322,13261,0,0.0,0,5,0.8537817660809893,1,0,0.8333333333333334,0,6,1,13261,1,1,0,1,3,6,1.0,5,2,1,1,0.8537817660809893,1,0,0,0,0,11,0,0,0,0
supply_chain,procurement,goods_receipts,warehouse_id,bigint,18,13261,0,0.0,0,6,0.0013573636980619,1,0,1.0,0,6,1,13261,1,1,0,1,3,6,1.0,5,6,1,1,0.0013573636980619,1,1,0,0,0,12,0,0,1,0
supply_chain,procurement,invoice_lines,inv_line_id,bigint,11890,11890,0,0.0,1,1,1.0,1,1,0.1666666666666666,1,6,1,11890,0,1,0,2,2,6,1.0,4,1,1,1,1.0,1,1,0,0,0,11,1,0,0,0
supply_chain,procurement,invoice_lines,po_id,bigint,1774,11890,0,0.0,0,2,0.1492010092514718,1,0,0.3333333333333333,0,6,1,11890,1,1,0,2,2,6,1.0,4,5,1,1,0.1492010092514718,2,1,0,0,0,5,0,0,0,1
supply_chain,procurement,invoice_lines,line_no,integer,1774,11890,0,0.0,0,3,0.1492010092514718,1,0,0.5,0,6,1,11890,1,1,0,2,2,6,1.0,4,5,1,1,0.1492010092514718,2,0,0,0,0,7,0,0,0,1
supply_chain,procurement,invoice_lines,invoiced_qty,integer,3242,11890,0,0.0,0,4,0.2726661059714045,1,0,0.6666666666666666,0,6,1,11890,1,1,0,2,2,6,1.0,4,4,1,1,0.2726661059714045,2,0,0,0,0,12,0,0,0,0
supply_chain,procurement,invoice_lines,invoiced_amount,decimal,3269,11890,0,0.0,0,5,0.2749369217830109,1,0,0.8333333333333334,0,6,1,11890,1,1,0,2,2,6,1.0,4,3,1,1,0.2749369217830109,2,0,0,0,0,15,0,0,0,0
supply_chain,procurement,invoice_lines,invoice_date,date,11395,11890,0,0.0,0,6,0.9583683767872162,1,0,1.0,0,6,1,11890,1,1,0,2,2,6,1.0,4,2,1,1,0.9583683767872162,1,0,0,0,0,12,0,0,0,0
supply_chain,procurement,contract_prices,price_id,bigint,2496,2496,0,0.0,1,1,1.0,1,1,0.1666666666666666,1,6,1,2496,0,1,0,1,3,5,1.0,3,1,1,1,1.0,0,1,0,0,0,8,1,0,0,0
supply_chain,procurement,contract_prices,supplier_id,bigint,391,2496,0,0.0,0,2,0.156650641025641,1,0,0.3333333333333333,0,6,1,2496,1,1,0,1,3,5,1.0,3,5,1,1,0.156650641025641,1,1,0,0,0,11,0,0,0,1
supply_chain,procurement,contract_prices,product_id,bigint,391,2496,0,0.0,0,3,0.156650641025641,1,0,0.5,0,6,1,2496,1,1,0,1,3,5,1.0,3,5,1,1,0.156650641025641,1,1,0,0,0,10,0,0,0,1
supply_chain,procurement,contract_prices,agreed_price,decimal,734,2496,0,0.0,0,4,0.2940705128205128,1,0,0.6666666666666666,0,6,1,2496,1,1,0,1,3,5,1.0,3,4,1,1,0.2940705128205128,1,0,0,0,0,12,0,0,0,0
supply_chain,procurement,contract_prices,valid_from,date,2191,2496,0,0.0,0,5,0.8778044871794872,1,0,0.8333333333333334,0,6,1,2496,1,1,0,1,3,5,1.0,3,2,1,1,0.8778044871794872,1,0,0,0,0,10,0,0,0,0
supply_chain,procurement,contract_prices,valid_to,date,2068,2496,147,0.0588942307692307,0,6,0.8285256410256411,0,0,1.0,0,6,1,2496,1,1,0,1,3,5,1.0,3,3,6,0,0.8285256410256411,1,0,0,0,0,8,0,0,0,0
supply_chain,procurement,contract_amendments,amendment_id,bigint,1215,1215,0,0.0,1,1,1.0,1,1,0.1666666666666666,1,6,1,1215,0,1,0,1,3,5,1.0,3,1,1,1,1.0,0,1,0,0,0,12,1,0,0,0
supply_chain,procurement,contract_amendments,supplier_id,bigint,391,1215,0,0.0,0,2,0.3218106995884773,1,0,0.3333333333333333,0,6,1,1215,1,1,0,1,3,5,1.0,3,4,1,1,0.3218106995884773,1,1,0,0,0,11,0,0,0,1
supply_chain,procurement,contract_amendments,product_id,bigint,391,1215,0,0.0,0,3,0.3218106995884773,1,0,0.5,0,6,1,1215,1,1,0,1,3,5,1.0,3,4,1,1,0.3218106995884773,1,1,0,0,0,10,0,0,0,1
supply_chain,procurement,contract_amendments,amendment_type,varchar,7,1215,0,0.0,0,4,0.0057613168724279,1,0,0.6666666666666666,0,6,1,1215,1,1,0,1,3,5,1.0,3,6,1,1,0.0057613168724279,1,0,0,0,0,14,0,0,0,0
supply_chain,procurement,contract_amendments,amended_at,date,882,1215,0,0.0,0,5,0.725925925925926,1,0,0.8333333333333334,0,6,1,1215,1,1,0,1,3,5,1.0,3,3,1,1,0.725925925925926,1,0,0,0,0,10,0,0,0,0
supply_chain,procurement,contract_amendments,notes,varchar,1046,1215,23,0.0189300411522633,0,6,0.8609053497942387,0,0,1.0,0,6,1,1215,1,1,0,1,3,5,1.0,3,2,6,0,0.8609053497942387,1,0,0,0,0,5,0,0,0,0
content_mgmt,content,publications,publication_id,bigint,949,949,0,0.0,1,1,1.0,1,1,0.25,1,4,1,949,0,1,0,2,1,3,1.0,1,1,1,1,1.0,1,1,0,1,1,14,1,0,0,0
content_mgmt,content,publications,title,varchar,856,949,0,0.0,0,2,0.9020021074815596,1,0,0.5,0,4,1,949,1,1,0,2,1,3,1.0,1,3,1,1,0.9020021074815596,2,0,0,0,0,5,0,0,0,0
content_mgmt,content,publications,pub_type,varchar,6,949,0,0.0,0,3,0.006322444678609,1,0,0.75,0,4,1,949,1,1,0,2,1,3,1.0,1,4,1,1,0.006322444678609,2,0,0,0,0,8,0,0,0,0
content_mgmt,content,publications,published_at,date,919,949,78,0.0821917808219178,0,4,0.9683877766069549,0,0,1.0,0,4,1,949,1,1,0,2,1,3,1.0,1,2,4,0,0.9683877766069549,1,0,0,0,0,12,0,0,0,0
content_mgmt,content,authors,author_id,bigint,120,120,0,0.0,1,1,1.0,1,1,0.3333333333333333,1,3,1,120,0,1,0,1,1,3,1.0,1,1,1,1,1.0,0,1,0,1,1,9,1,0,0,0
content_mgmt,content,authors,full_name,varchar,106,120,0,0.0,0,2,0.8833333333333333,1,0,0.6666666666666666,0,3,1,120,1,1,0,1,1,3,1.0,1,2,1,1,0.8833333333333333,1,0,0,0,0,9,0,0,0,0
content_mgmt,content,authors,email,varchar,93,120,0,0.0,0,3,0.775,1,0,1.0,0,3,1,120,1,1,0,1,1,3,1.0,1,3,1,1,0.775,1,0,0,0,0,5,0,0,0,0
content_mgmt,content,content_items,content_id,bigint,1205,1205,0,0.0,1,1,1.0,1,1,0.25,1,4,1,1205,0,1,0,1,1,4,1.0,1,1,1,1,1.0,0,1,0,0,0,10,1,0,0,0
content_mgmt,content,content_items,title,varchar,831,1205,0,0.0,0,2,0.6896265560165975,1,0,0.5,0,4,1,1205,1,1,0,1,1,4,1.0,1,2,1,1,0.6896265560165975,1,0,0,0,0,5,0,0,0,0
content_mgmt,content,content_items,content_type,varchar,6,1205,0,0.0,0,3,0.0049792531120331,1,0,0.75,0,4,1,1205,1,1,0,1,1,4,1.0,1,4,1,1,0.0049792531120331,1,0,0,0,0,12,0,0,0,0
content_mgmt,content,content_items,created_at,date,790,1205,0,0.0,0,4,0.6556016597510373,1,0,1.0,0,4,1,1205,1,1,0,1,1,4,1.0,1,3,1,1,0.6556016597510373,1,0,0,0,0,10,0,0,0,0
content_mgmt,content,tags,tag_id,bigint,395,395,0,0.0,1,1,1.0,1,1,0.3333333333333333,1,3,1,395,0,1,0,1,1,3,1.0,1,1,1,1,1.0,0,1,0,1,1,6,1,0,0,0
content_mgmt,content,tags,name,varchar,266,395,0,0.0,0,2,0.6734177215189874,1,0,0.6666666666666666,0,3,1,395,1,1,0,1,1,3,1.0,1,2,1,1,0.6734177215189874,1,0,0,0,0,4,0,0,0,0
content_mgmt,content,tags,category,varchar,2,395,0,0.0,0,3,0.0050632911392405,1,0,1.0,0,3,1,395,1,1,0,1,1,3,1.0,1,3,1,1,0.0050632911392405,1,0,0,0,0,8,0,0,0,0
content_mgmt,content,publication_chapters,publication_id,bigint,447,1590,0,0.0,0,1,0.2811320754716981,1,1,0.2,0,5,0,1590,0,0,1,0,2,4,0.7062893081761006,4,2,1,1,0.3980409617097061,0,1,0,0,0,14,0,1,0,0
content_mgmt,content,publication_chapters,chapter_no,integer,9,1590,0,0.0,0,2,0.0056603773584905,1,0,0.4,0,5,0,1590,0,0,1,0,2,4,0.7062893081761006,4,5,1,1,0.0080142475512021,0,0,0,0,0,10,0,1,0,0
content_mgmt,content,publication_chapters,title,varchar,1123,1590,0,0.0,0,3,0.7062893081761006,1,0,0.6,0,5,0,1590,0,0,1,0,2,4,0.7062893081761006,4,1,1,1,1.0,0,0,0,0,0,5,0,0,0,0
content_mgmt,content,publication_chapters,word_count,integer,274,1590,0,0.0,0,4,0.1723270440251572,1,0,0.8,0,5,0,1590,0,0,1,0,2,4,0.7062893081761006,4,3,1,1,0.2439893143365984,0,0,0,0,0,10,0,0,0,0
content_mgmt,content,publication_chapters,author_id,bigint,120,1590,93,0.0584905660377358,0,5,0.0754716981132075,0,0,1.0,0,5,0,1590,0,0,1,0,2,4,0.7062893081761006,4,4,5,0,0.1068566340160285,0,1,0,0,0,9,0,0,1,0
content_mgmt,content,content_tags,content_id,bigint,1205,3144,0,0.0,0,1,0.3832697201017812,1,1,0.25,0,4,0,3144,0,0,1,0,2,3,0.6949745547073791,2,2,1,1,0.551487414187643,0,1,0,0,0,10,0,1,0,0
content_mgmt,content,content_tags,tag_id,bigint,395,3144,0,0.0,0,2,0.1256361323155216,1,0,0.5,0,4,0,3144,0,0,1,0,2,3,0.6949745547073791,2,4,1,1,0.1807780320366132,0,1,0,0,0,6,0,1,0,0
content_mgmt,content,content_tags,tagged_at,date,2185,3144,0,0.0,0,3,0.6949745547073791,1,0,0.75,0,4,0,3144,0,0,1,0,2,3,0.6949745547073791,2,1,1,1,1.0,0,0,0,0,0,9,0,0,0,0
content_mgmt,content,content_tags,confidence,decimal,734,3144,119,0.0378498727735368,0,4,0.2334605597964376,0,0,1.0,0,4,0,3144,0,0,1,0,2,3,0.6949745547073791,2,3,4,0,0.3359267734553776,0,0,0,0,0,10,0,0,0,0
content_mgmt,content,chapter_revisions,revision_id,bigint,9001,9001,0,0.0,1,1,1.0,1,1,0.1666666666666666,1,6,1,9001,0,1,0,1,3,6,1.0,5,1,1,1,1.0,0,1,0,0,0,11,1,0,0,0
content_mgmt,content,chapter_revisions,publication_id,bigint,1590,9001,0,0.0,0,2,0.1766470392178646,1,0,0.3333333333333333,0,6,1,9001,1,1,0,1,3,6,1.0,5,3,1,1,0.1766470392178646,1,1,0,0,0,14,0,0,0,1
content_mgmt,content,chapter_revisions,chapter_no,integer,1590,9001,0,0.0,0,3,0.1766470392178646,1,0,0.5,0,6,1,9001,1,1,0,1,3,6,1.0,5,3,1,1,0.1766470392178646,1,0,0,0,0,10,0,0,0,1
content_mgmt,content,chapter_revisions,author_id,bigint,120,9001,0,0.0,0,4,0.0133318520164426,1,0,0.6666666666666666,0,6,1,9001,1,1,0,1,3,6,1.0,5,5,1,1,0.0133318520164426,1,1,0,0,0,9,0,0,1,0
content_mgmt,content,chapter_revisions,revision_no,integer,5,9001,0,0.0,0,5,0.0005554938340184,1,0,0.8333333333333334,0,6,1,9001,1,1,0,1,3,6,1.0,5,6,1,1,0.0005554938340184,1,0,0,0,0,11,0,0,0,0
content_mgmt,content,chapter_revisions,revised_at,date,7891,9001,0,0.0,0,6,0.8766803688479058,1,0,1.0,0,6,1,9001,1,1,0,1,3,6,1.0,5,2,1,1,0.8766803688479058,1,0,0,0,0,10,0,0,0,0
content_mgmt,content,chapter_comments,comment_id,bigint,2085,2085,0,0.0,1,1,1.0,1,1,0.1666666666666666,1,6,1,2085,0,1,0,1,3,5,1.0,4,1,1,1,1.0,0,1,0,0,0,10,1,0,0,0
content_mgmt,content,chapter_comments,publication_id,bigint,710,2085,0,0.0,0,2,0.3405275779376499,1,0,0.3333333333333333,0,6,1,2085,1,1,0,1,3,5,1.0,4,5,1,1,0.3405275779376499,1,1,0,0,0,14,0,0,0,1
content_mgmt,content,chapter_comments,chapter_no,integer,1590,2085,0,0.0,0,3,0.762589928057554,1,0,0.5,0,6,1,2085,1,1,0,1,3,5,1.0,4,4,1,1,0.762589928057554,1,0,0,0,0,10,0,0,0,1
content_mgmt,content,chapter_comments,commenter_id,bigint,120,2085,232,0.1112709832134292,0,4,0.0575539568345323,0,0,0.6666666666666666,0,6,1,2085,1,1,0,1,3,5,1.0,4,6,6,0,0.0575539568345323,1,1,0,0,0,12,0,0,1,0
content_mgmt,content,chapter_comments,comment_text,varchar,1898,2085,0,0.0,0,5,0.9103117505995204,1,0,0.8333333333333334,0,6,1,2085,1,1,0,1,3,5,1.0,4,2,1,1,0.9103117505995204,1,0,0,0,0,12,0,0,0,0
content_mgmt,content,chapter_comments,posted_at,date,1728,2085,0,0.0,0,6,0.8287769784172662,1,0,1.0,0,6,1,2085,1,1,0,1,3,5,1.0,4,3,1,1,0.8287769784172662,1,0,0,0,0,9,0,0,0,0
content_mgmt,content,tag_analytics,analytics_id,bigint,3440,3440,0,0.0,1,1,1.0,1,1,0.1666666666666666,1,6,1,3440,0,1,0,2,3,6,1.0,5,1,1,1,1.0,1,1,0,0,0,12,1,0,0,0
content_mgmt,content,tag_analytics,content_id,bigint,3130,3440,0,0.0,0,2,0.9098837209302324,1,0,0.3333333333333333,0,6,1,3440,1,1,0,2,3,6,1.0,5,3,1,1,0.9098837209302324,2,1,0,0,0,10,0,0,0,1
content_mgmt,content,tag_analytics,tag_id,bigint,1541,3440,0,0.0,0,3,0.4479651162790697,1,0,0.5,0,6,1,3440,1,1,0,2,3,6,1.0,5,4,1,1,0.4479651162790697,2,1,0,0,0,6,0,0,0,1
content_mgmt,content,tag_analytics,view_count,integer,424,3440,0,0.0,0,4,0.1232558139534883,1,0,0.6666666666666666,0,6,1,3440,1,1,0,2,3,6,1.0,5,6,1,1,0.1232558139534883,2,0,0,0,0,10,0,0,0,0
content_mgmt,content,tag_analytics,click_count,integer,519,3440,0,0.0,0,5,0.1508720930232558,1,0,0.8333333333333334,0,6,1,3440,1,1,0,2,3,6,1.0,5,5,1,1,0.1508720930232558,2,0,0,0,0,11,0,0,0,0
content_mgmt,content,tag_analytics,recorded_date,date,3335,3440,0,0.0,0,6,0.9694767441860463,1,0,1.0,0,6,1,3440,1,1,0,2,3,6,1.0,5,2,1,1,0.9694767441860463,1,0,0,0,0,13,0,0,0,0
content_mgmt,content,tag_suggestions,suggestion_id,bigint,4561,4561,0,0.0,1,1,1.0,1,1,0.1666666666666666,1,6,1,4561,0,1,0,1,3,5,1.0,3,1,1,1,1.0,0,1,0,0,0,13,1,0,0,0
content_mgmt,content,tag_suggestions,content_id,bigint,2928,4561,0,0.0,0,2,0.6419644814733612,1,0,0.3333333333333333,0,6,1,4561,1,1,0,1,3,5,1.0,3,3,1,1,0.6419644814733612,1,1,0,0,0,10,0,0,0,1
content_mgmt,content,tag_suggestions,tag_id,bigint,1371,4561,0,0.0,0,3,0.3005919754439816,1,0,0.5,0,6,1,4561,1,1,0,1,3,5,1.0,3,4,1,1,0.3005919754439816,1,1,0,0,0,6,0,0,0,1
content_mgmt,content,tag_suggestions,score,decimal,490,4561,0,0.0,0,4,0.1074325805744354,1,0,0.6666666666666666,0,6,1,4561,1,1,0,1,3,5,1.0,3,5,1,1,0.1074325805744354,1,0,0,0,0,5,0,0,0,0
content_mgmt,content,tag_suggestions,suggested_at,date,3556,4561,0,0.0,0,5,0.7796535847401885,1,0,0.8333333333333334,0,6,1,4561,1,1,0,1,3,5,1.0,3,2,1,1,0.7796535847401885,1,0,0,0,0,12,0,0,0,0
content_mgmt,content,tag_suggestions,accepted,boolean,4,4561,330,0.0723525542644157,0,6,0.0008770006577504,0,0,1.0,0,6,1,4561,1,1,0,1,3,5,1.0,3,6,6,0,0.0008770006577504,1,0,0,0,0,8,0,0,0,0
real_estate,property,properties,property_id,bigint,1125,1125,0,0.0,1,1,1.0,1,1,0.2,1,5,1,1125,0,1,0,1,1,4,1.0,1,1,1,1,1.0,0,1,0,1,1,11,1,0,0,0
real_estate,property,properties,address,varchar,931,1125,0,0.0,0,2,0.8275555555555556,1,0,0.4,0,5,1,1125,1,1,0,1,1,4,1.0,1,2,1,1,0.8275555555555556,1,0,0,0,0,7,0,0,0,0
real_estate,property,properties,city,varchar,322,1125,0,0.0,0,3,0.2862222222222222,1,0,0.6,0,5,1,1125,1,1,0,1,1,4,1.0,1,4,1,1,0.2862222222222222,1,0,0,0,0,4,0,0,0,0
real_estate,property,properties,property_type,varchar,2,1125,0,0.0,0,4,0.0017777777777777,1,0,0.8,0,5,1,1125,1,1,0,1,1,4,1.0,1,5,1,1,0.0017777777777777,1,0,0,1,0,13,0,0,0,0
real_estate,property,properties,listed_date,date,688,1125,108,0.096,0,5,0.6115555555555555,0,0,1.0,0,5,1,1125,1,1,0,1,1,4,1.0,1,3,5,0,0.6115555555555555,1,0,0,0,0,11,0,0,0,0
real_estate,property,tenants,tenant_id,bigint,4276,4276,0,0.0,1,1,1.0,1,1,0.25,1,4,1,4276,0,1,0,1,1,3,1.0,1,1,1,1,1.0,0,1,0,1,1,9,1,0,0,0
real_estate,property,tenants,full_name,varchar,3619,4276,0,0.0,0,2,0.8463517305893359,1,0,0.5,0,4,1,4276,1,1,0,1,1,3,1.0,1,2,1,1,0.8463517305893359,1,0,0,0,0,9,0,0,0,0
real_estate,property,tenants,email,varchar,2656,4276,0,0.0,0,3,0.6211412535079514,1,0,0.75,0,4,1,4276,1,1,0,1,1,3,1.0,1,3,1,1,0.6211412535079514,1,0,0,0,0,5,0,0,0,0
real_estate,property,tenants,phone,varchar,2617,4276,300,0.0701590271281571,0,4,0.6120205799812909,0,0,1.0,0,4,1,4276,1,1,0,1,1,3,1.0,1,4,4,0,0.6120205799812909,1,0,0,0,0,5,0,0,0,0
real_estate,property,agents,agent_id,bigint,70,70,0,0.0,1,1,1.0,1,1,0.25,1,4,1,70,0,1,0,1,1,4,1.0,1,1,1,1,1.0,0,1,0,1,1,8,1,0,0,0
real_estate,property,agents,full_name,varchar,50,70,0,0.0,0,2,0.7142857142857143,1,0,0.5,0,4,1,70,1,1,0,1,1,4,1.0,1,3,1,1,0.7142857142857143,1,0,0,0,0,9,0,0,0,0
real_estate,property,agents,agency,varchar,9,70,0,0.0,0,3,0.1285714285714285,1,0,0.75,0,4,1,70,1,1,0,1,1,4,1.0,1,4,1,1,0.1285714285714285,1,0,0,0,0,6,0,0,0,0
real_estate,property,agents,license_no,varchar,61,70,0,0.0,0,4,0.8714285714285714,1,0,1.0,0,4,1,70,1,1,0,1,1,4,1.0,1,2,1,1,0.8714285714285714,1,0,0,0,0,10,0,0,0,0
real_estate,property,leases,lease_id,bigint,2910,2910,0,0.0,1,1,1.0,1,1,0.2,1,5,1,2910,0,1,0,1,3,4,1.0,3,1,1,1,1.0,0,1,0,1,1,8,1,0,0,0
real_estate,property,leases,property_id,bigint,1125,2910,0,0.0,0,2,0.3865979381443299,1,0,0.4,0,5,1,2910,1,1,0,1,3,4,1.0,3,5,1,1,0.3865979381443299,1,1,0,0,0,11,0,0,1,0
real_estate,property,leases,tenant_id,bigint,1976,2910,0,0.0,0,3,0.6790378006872853,1,0,0.6,0,5,1,2910,1,1,0,1,3,4,1.0,3,4,1,1,0.6790378006872853,1,1,0,0,0,9,0,0,1,0
real_estate,property,leases,start_date,date,2546,2910,0,0.0,0,4,0.874914089347079,1,0,0.8,0,5,1,2910,1,1,0,1,3,4,1.0,3,2,1,1,0.874914089347079,1,0,0,0,0,10,0,0,0,0
real_estate,property,leases,end_date,date,2154,2910,179,0.0615120274914089,0,5,0.7402061855670103,0,0,1.0,0,5,1,2910,1,1,0,1,3,4,1.0,3,3,5,0,0.7402061855670103,1,0,0,0,0,8,0,0,0,0
real_estate,property,property_features,property_id,bigint,1125,2603,0,0.0,0,1,0.4321936227429888,1,1,0.25,0,4,0,2603,0,0,1,0,1,3,0.8121398386477142,1,2,1,1,0.532166508987701,0,1,0,0,0,11,0,1,0,0
real_estate,property,property_features,feature_code,varchar,9,2603,0,0.0,0,2,0.0034575489819439,1,0,0.5,0,4,0,2603,0,0,1,0,1,3,0.8121398386477142,1,4,1,1,0.0042573320719016,0,0,0,0,0,12,0,1,0,0
real_estate,property,property_features,feature_value,varchar,617,2603,0,0.0,0,3,0.2370341913177103,1,0,0.75,0,4,0,2603,0,0,1,0,1,3,0.8121398386477142,1,3,1,1,0.2918637653736991,0,0,0,0,0,13,0,0,0,0
real_estate,property,property_features,recorded_date,date,2114,2603,57,0.0218978102189781,0,4,0.8121398386477142,0,0,1.0,0,4,0,2603,0,0,1,0,1,3,0.8121398386477142,1,1,4,0,1.0,0,0,0,0,0,13,0,0,0,0
real_estate,property,lease_terms,lease_id,bigint,387,1860,0,0.0,0,1,0.2080645161290322,1,1,0.25,0,4,0,1860,0,0,1,0,1,4,0.8790322580645161,1,2,1,1,0.236697247706422,0,1,0,0,0,8,0,1,0,0
real_estate,property,lease_terms,term_type,varchar,10,1860,0,0.0,0,2,0.0053763440860215,1,0,0.5,0,4,0,1860,0,0,1,0,1,4,0.8790322580645161,1,4,1,1,0.0061162079510703,0,0,0,0,0,9,0,1,0,0
real_estate,property,lease_terms,term_value,varchar,299,1860,0,0.0,0,3,0.160752688172043,1,0,0.75,0,4,0,1860,0,0,1,0,1,4,0.8790322580645161,1,3,1,1,0.1828746177370031,0,0,0,0,0,10,0,0,0,0
real_estate,property,lease_terms,effective_date,date,1635,1860,0,0.0,0,4,0.8790322580645161,1,0,1.0,0,4,0,1860,0,0,1,0,1,4,0.8790322580645161,1,1,1,1,1.0,0,0,0,0,0,14,0,0,0,0
real_estate,property,inspection_reports,report_id,bigint,7988,7988,0,0.0,1,1,1.0,1,1,0.1666666666666666,1,6,1,7988,0,1,0,1,3,6,1.0,3,1,1,1,1.0,0,1,0,0,0,9,1,0,0,0
real_estate,property,inspection_reports,property_id,bigint,2603,7988,0,0.0,0,2,0.3258637956935403,1,0,0.3333333333333333,0,6,1,7988,1,1,0,1,3,6,1.0,3,3,1,1,0.3258637956935403,1,1,0,0,0,11,0,0,0,1
real_estate,property,inspection_reports,feature_code,varchar,2603,7988,0,0.0,0,3,0.3258637956935403,1,0,0.5,0,6,1,7988,1,1,0,1,3,6,1.0,3,3,1,1,0.3258637956935403,1,0,0,0,0,12,0,0,0,1
real_estate,property,inspection_reports,agent_id,bigint,70,7988,0,0.0,0,4,0.0087631447170756,1,0,0.6666666666666666,0,6,1,7988,1,1,0,1,3,6,1.0,3,5,1,1,0.0087631447170756,1,1,0,0,0,8,0,0,1,0
real_estate,property,inspection_reports,result,varchar,6,7988,0,0.0,0,5,0.000751126690035,1,0,0.8333333333333334,0,6,1,7988,1,1,0,1,3,6,1.0,3,6,1,1,0.000751126690035,1,0,0,0,0,6,0,0,0,0
real_estate,property,inspection_reports,inspected_at,date,5838,7988,0,0.0,0,6,0.7308462694041061,1,0,1.0,0,6,1,7988,1,1,0,1,3,6,1.0,3,2,1,1,0.7308462694041061,1,0,0,0,0,12,0,0,0,0
real_estate,property,maintenance_requests,request_id,bigint,21792,21792,0,0.0,1,1,1.0,1,1,0.1666666666666666,1,6,1,21792,0,1,0,1,3,6,1.0,3,1,1,1,1.0,0,1,0,0,0,10,1,0,0,0
real_estate,property,maintenance_requests,property_id,bigint,2603,21792,0,0.0,0,2,0.1194475036710719,1,0,0.3333333333333333,0,6,1,21792,1,1,0,1,3,6,1.0,3,4,1,1,0.1194475036710719,1,1,0,0,0,11,0,0,0,1
real_estate,property,maintenance_requests,feature_code,varchar,2603,21792,0,0.0,0,3,0.1194475036710719,1,0,0.5,0,6,1,21792,1,1,0,1,3,6,1.0,3,4,1,1,0.1194475036710719,1,0,0,0,0,12,0,0,0,1
real_estate,property,maintenance_requests,tenant_id,bigint,4276,21792,0,0.0,0,4,0.1962187958883994,1,0,0.6666666666666666,0,6,1,21792,1,1,0,1,3,6,1.0,3,3,1,1,0.1962187958883994,1,1,0,0,0,9,0,0,1,0
real_estate,property,maintenance_requests,priority,varchar,8,21792,0,0.0,0,5,0.000367107195301,1,0,0.8333333333333334,0,6,1,21792,1,1,0,1,3,6,1.0,3,6,1,1,0.000367107195301,1,0,0,0,0,8,0,0,0,0
real_estate,property,maintenance_requests,requested_at,date,19672,21792,0,0.0,0,6,0.9027165932452276,1,0,1.0,0,6,1,21792,1,1,0,1,3,6,1.0,3,2,1,1,0.9027165932452276,1,0,0,0,0,12,0,0,0,0
real_estate,property,lease_payments,payment_id,bigint,17399,17399,0,0.0,1,1,1.0,1,1,0.1666666666666666,1,6,1,17399,0,1,0,1,2,6,1.0,2,1,1,1,1.0,0,1,0,0,0,10,1,0,0,0
real_estate,property,lease_payments,lease_id,bigint,1860,17399,0,0.0,0,2,0.1069026955572159,1,0,0.3333333333333333,0,6,1,17399,1,1,0,1,2,6,1.0,2,4,1,1,0.1069026955572159,1,1,0,0,0,8,0,0,0,1
real_estate,property,lease_payments,term_type,varchar,1860,17399,0,0.0,0,3,0.1069026955572159,1,0,0.5,0,6,1,17399,1,1,0,1,2,6,1.0,2,4,1,1,0.1069026955572159,1,0,0,0,0,9,0,0,0,1
real_estate,property,lease_payments,amount,decimal,5193,17399,0,0.0,0,4,0.2984654290476464,1,0,0.6666666666666666,0,6,1,17399,1,1,0,1,2,6,1.0,2,3,1,1,0.2984654290476464,1,0,0,0,0,6,0,0,0,0
real_estate,property,lease_payments,payment_date,date,15302,17399,0,0.0,0,5,0.8794758319443646,1,0,0.8333333333333334,0,6,1,17399,1,1,0,1,2,6,1.0,2,2,1,1,0.8794758319443646,1,0,0,0,0,12,0,0,0,0
real_estate,property,lease_payments,status,varchar,7,17399,0,0.0,0,6,0.0004023219725271,1,0,1.0,0,6,1,17399,1,1,0,1,2,6,1.0,2,6,1,1,0.0004023219725271,1,0,0,0,0,6,0,0,0,0
real_estate,property,lease_amendments,amendment_id,bigint,1444,1444,0,0.0,1,1,1.0,1,1,0.1666666666666666,1,6,1,1444,0,1,0,1,2,5,1.0,2,1,1,1,1.0,0,1,0,0,0,12,1,0,0,0
real_estate,property,lease_amendments,lease_id,bigint,1068,1444,0,0.0,0,2,0.739612188365651,1,0,0.3333333333333333,0,6,1,1444,1,1,0,1,2,5,1.0,2,5,1,1,0.739612188365651,1,1,0,0,0,8,0,0,0,1
real_estate,property,lease_amendments,term_type,varchar,1241,1444,0,0.0,0,3,0.8594182825484764,1,0,0.5,0,6,1,1444,1,1,0,1,2,5,1.0,2,3,1,1,0.8594182825484764,1,0,0,0,0,9,0,0,0,1
real_estate,property,lease_amendments,amendment_type,varchar,4,1444,0,0.0,0,4,0.002770083102493,1,0,0.6666666666666666,0,6,1,1444,1,1,0,1,2,5,1.0,2,6,1,1,0.002770083102493,1,0,0,0,0,14,0,0,0,0
real_estate,property,lease_amendments,amended_at,date,1323,1444,0,0.0,0,5,0.9162049861495845,1,0,0.8333333333333334,0,6,1,1444,1,1,0,1,2,5,1.0,2,2,1,1,0.9162049861495845,1,0,0,0,0,10,0,0,0,0
real_estate,property,lease_amendments,notes,varchar,1074,1444,43,0.0297783933518005,0,6,0.7437673130193906,0,0,1.0,0,6,1,1444,1,1,0,1,2,5,1.0,2,4,6,0,0.7437673130193906,1,0,0,0,0,5,0,0,0,0
clinical_trials,trials,trials,trial_id,bigint,321,321,0,0.0,1,1,1.0,1,1,0.2,1,5,1,321,0,1,0,1,1,5,1.0,1,1,1,1,1.0,0,1,0,1,1,8,1,0,0,0
clinical_trials,trials,trials,title,varchar,264,321,0,0.0,0,2,0.822429906542056,1,0,0.4,0,5,1,321,1,1,0,1,1,5,1.0,1,3,1,1,0.822429906542056,1,0,0,0,0,5,0,0,0,0
clinical_trials,trials,trials,phase,varchar,7,321,0,0.0,0,3,0.0218068535825545,1,0,0.6,0,5,1,321,1,1,0,1,1,5,1.0,1,4,1,1,0.0218068535825545,1,0,0,0,0,5,0,0,0,0
clinical_trials,trials,trials,status,varchar,7,321,0,0.0,0,4,0.0218068535825545,1,0,0.8,0,5,1,321,1,1,0,1,1,5,1.0,1,4,1,1,0.0218068535825545,1,0,0,0,0,6,0,0,0,0
clinical_trials,trials,trials,start_date,date,303,321,0,0.0,0,5,0.9439252336448598,1,0,1.0,0,5,1,321,1,1,0,1,1,5,1.0,1,2,1,1,0.9439252336448598,1,0,0,0,0,10,0,0,0,0
clinical_trials,trials,patients,patient_id,bigint,1905,1905,0,0.0,1,1,1.0,1,1,0.2,1,5,1,1905,0,1,0,2,1,5,1.0,1,1,1,1,1.0,1,1,0,1,1,10,1,0,0,0
clinical_trials,trials,patients,full_name,varchar,1787,1905,0,0.0,0,2,0.9380577427821524,1,0,0.4,0,5,1,1905,1,1,0,2,1,5,1.0,1,3,1,1,0.9380577427821524,2,0,0,0,0,9,0,0,0,0
clinical_trials,trials,patients,date_of_birth,date,1443,1905,0,0.0,0,3,0.75748031496063,1,0,0.6,0,5,1,1905,1,1,0,2,1,5,1.0,1,4,1,1,0.75748031496063,2,0,0,0,0,13,0,0,0,0
clinical_trials,trials,patients,gender,varchar,7,1905,0,0.0,0,4,0.0036745406824146,1,0,0.8,0,5,1,1905,1,1,0,2,1,5,1.0,1,5,1,1,0.0036745406824146,2,0,0,0,0,6,0,0,0,0
clinical_trials,trials,patients,enrolled_date,date,1841,1905,0,0.0,0,5,0.9664041994750656,1,0,1.0,0,5,1,1905,1,1,0,2,1,5,1.0,1,2,1,1,0.9664041994750656,1,0,0,0,0,13,0,0,0,0
clinical_trials,trials,sites,site_id,bigint,158,158,0,0.0,1,1,1.0,1,1,0.25,1,4,1,158,0,1,0,1,1,4,1.0,2,1,1,1,1.0,0,1,0,1,1,7,1,0,0,0
clinical_trials,trials,sites,name,varchar,96,158,0,0.0,0,2,0.6075949367088608,1,0,0.5,0,4,1,158,1,1,0,1,1,4,1.0,2,2,1,1,0.6075949367088608,1,0,0,0,0,4,0,0,0,0
clinical_trials,trials,sites,country,varchar,7,158,0,0.0,0,3,0.0443037974683544,1,0,0.75,0,4,1,158,1,1,0,1,1,4,1.0,2,4,1,1,0.0443037974683544,1,0,0,0,0,7,0,0,0,0
clinical_trials,trials,sites,capacity,integer,36,158,0,0.0,0,4,0.2278481012658227,1,0,1.0,0,4,1,158,1,1,0,1,1,4,1.0,2,3,1,1,0.2278481012658227,1,0,0,0,0,8,0,0,0,0
clinical_trials,trials,investigators,investigator_id,bigint,147,147,0,0.0,1,1,1.0,1,1,0.25,1,4,1,147,0,1,0,1,2,4,1.0,2,1,1,1,1.0,0,1,0,1,1,15,1,0,0,0
clinical_trials,trials,investigators,full_name,varchar,99,147,0,0.0,0,2,0.673469387755102,1,0,0.5,0,4,1,147,1,1,0,1,2,4,1.0,2,2,1,1,0.673469387755102,1,0,0,0,0,9,0,0,0,0
clinical_trials,trials,investigators,specialty,varchar,3,147,0,0.0,0,3,0.0204081632653061,1,0,0.75,0,4,1,147,1,1,0,1,2,4,1.0,2,4,1,1,0.0204081632653061,1,0,0,0,0,9,0,0,0,0
clinical_trials,trials,investigators,site_id,bigint,97,147,0,0.0,0,4,0.6598639455782312,1,0,1.0,0,4,1,147,1,1,0,1,2,4,1.0,2,3,1,1,0.6598639455782312,1,1,0,0,0,7,0,0,1,0
clinical_trials,trials,trial_arms,trial_id,bigint,25,234,0,0.0,0,1,0.1068376068376068,1,1,0.2,0,5,0,234,0,0,1,0,1,5,0.7692307692307693,2,3,1,1,0.1388888888888888,0,1,0,0,0,8,0,1,0,0
clinical_trials,trials,trial_arms,arm_code,varchar,8,234,0,0.0,0,2,0.0341880341880341,1,0,0.4,0,5,0,234,0,0,1,0,1,5,0.7692307692307693,2,5,1,1,0.0444444444444444,0,0,0,0,0,8,0,1,0,0
clinical_trials,trials,trial_arms,arm_name,varchar,180,234,0,0.0,0,3,0.7692307692307693,1,0,0.6,0,5,0,234,0,0,1,0,1,5,0.7692307692307693,2,1,1,1,1.0,0,0,0,0,0,8,0,0,0,0
clinical_trials,trials,trial_arms,treatment,varchar,22,234,0,0.0,0,4,0.094017094017094,1,0,0.8,0,5,0,234,0,0,1,0,1,5,0.7692307692307693,2,4,1,1,0.1222222222222222,0,0,0,0,0,9,0,0,0,0
clinical_trials,trials,trial_arms,target_n,integer,56,234,0,0.0,0,5,0.2393162393162393,1,0,1.0,0,5,0,234,0,0,1,0,1,5,0.7692307692307693,2,2,1,1,0.3111111111111111,0,0,0,0,0,8,0,0,0,0
clinical_trials,trials,patient_visits,patient_id,bigint,1602,3730,0,0.0,0,1,0.4294906166219839,1,1,0.2,0,5,0,3730,0,0,1,0,2,5,0.9195710455764076,3,2,1,1,0.4670553935860058,0,1,0,0,0,10,0,1,0,0
clinical_trials,trials,patient_visits,visit_no,integer,15,3730,0,0.0,0,2,0.0040214477211796,1,0,0.4,0,5,0,3730,0,0,1,0,2,5,0.9195710455764076,3,4,1,1,0.0043731778425655,0,0,0,0,0,8,0,1,0,0
clinical_trials,trials,patient_visits,visit_date,date,3430,3730,0,0.0,0,3,0.9195710455764076,1,0,0.6,0,5,0,3730,0,0,1,0,2,5,0.9195710455764076,3,1,1,1,1.0,0,0,0,0,0,10,0,0,0,0
clinical_trials,trials,patient_visits,site_id,bigint,158,3730,0,0.0,0,4,0.0423592493297587,1,0,0.8,0,5,0,3730,0,0,1,0,2,5,0.9195710455764076,3,3,1,1,0.0460641399416909,0,1,0,0,0,7,0,0,1,0
clinical_trials,trials,patient_visits,status,varchar,5,3730,0,0.0,0,5,0.0013404825737265,1,0,1.0,0,5,0,3730,0,0,1,0,2,5,0.9195710455764076,3,5,1,1,0.0014577259475218,0,0,0,0,0,6,0,0,0,0
clinical_trials,trials,adverse_events,event_id,bigint,3799,3799,0,0.0,1,1,1.0,1,1,0.1666666666666666,1,6,1,3799,0,1,0,1,2,6,1.0,2,1,1,1,1.0,0,1,0,0,0,8,1,0,0,0
clinical_trials,trials,adverse_events,trial_id,bigint,234,3799,0,0.0,0,2,0.0615951566201632,1,0,0.3333333333333333,0,6,1,3799,1,1,0,1,2,6,1.0,2,3,1,1,0.0615951566201632,1,1,0,0,0,8,0,0,0,1
clinical_trials,trials,adverse_events,arm_code,varchar,234,3799,0,0.0,0,3,0.0615951566201632,1,0,0.5,0,6,1,3799,1,1,0,1,2,6,1.0,2,3,1,1,0.0615951566201632,1,0,0,0,0,8,0,0,0,1
clinical_trials,trials,adverse_events,event_type,varchar,8,3799,0,0.0,0,4,0.0021058173203474,1,0,0.6666666666666666,0,6,1,3799,1,1,0,1,2,6,1.0,2,5,1,1,0.0021058173203474,1,0,0,0,0,10,0,0,0,0
clinical_trials,trials,adverse_events,severity,varchar,5,3799,0,0.0,0,5,0.0013161358252171,1,0,0.8333333333333334,0,6,1,3799,1,1,0,1,2,6,1.0,2,6,1,1,0.0013161358252171,1,0,0,0,0,8,0,0,0,0
clinical_trials,trials,adverse_events,reported_at,date,3254,3799,0,0.0,0,6,0.8565411950513293,1,0,1.0,0,6,1,3799,1,1,0,1,2,6,1.0,2,2,1,1,0.8565411950513293,1,0,0,0,0,11,0,0,0,0
clinical_trials,trials,efficacy_measurements,measure_id,bigint,25295,25295,0,0.0,1,1,1.0,1,1,0.1666666666666666,1,6,1,25295,0,1,0,2,2,6,1.0,2,1,1,1,1.0,1,1,0,0,0,10,1,0,0,0
clinical_trials,trials,efficacy_measurements,trial_id,bigint,234,25295,0,0.0,0,2,0.0092508400869737,1,0,0.3333333333333333,0,6,1,25295,1,1,0,2,2,6,1.0,2,4,1,1,0.0092508400869737,2,1,0,0,0,8,0,0,0,1
clinical_trials,trials,efficacy_measurements,arm_code,varchar,234,25295,0,0.0,0,3,0.0092508400869737,1,0,0.5,0,6,1,25295,1,1,0,2,2,6,1.0,2,4,1,1,0.0092508400869737,2,0,0,0,0,8,0,0,0,1
clinical_trials,trials,efficacy_measurements,endpoint,varchar,2,25295,0,0.0,0,4,7.906700929037359e-05,1,0,0.6666666666666666,0,6,1,25295,1,1,0,2,2,6,1.0,2,6,1,1,7.906700929037359e-05,2,0,0,0,0,8,0,0,0,0
clinical_trials,trials,efficacy_measurements,value,decimal,1598,25295,0,0.0,0,5,0.0631745404230085,1,0,0.8333333333333334,0,6,1,25295,1,1,0,2,2,6,1.0,2,3,1,1,0.0631745404230085,2,0,0,0,0,5,0,0,0,0
clinical_trials,trials,efficacy_measurements,measured_at,date,24803,25295,0,0.0,0,6,0.980549515714568,1,0,1.0,0,6,1,25295,1,1,0,2,2,6,1.0,2,2,1,1,0.980549515714568,1,0,0,0,0,11,0,0,0,0
clinical_trials,trials,lab_results,result_id,bigint,23099,23099,0,0.0,1,1,1.0,1,1,0.1666666666666666,1,6,1,23099,0,1,0,1,2,6,1.0,3,1,1,1,1.0,0,1,0,0,0,9,1,0,0,0
clinical_trials,trials,lab_results,patient_id,bigint,3730,23099,0,0.0,0,2,0.1614788518983505,1,0,0.3333333333333333,0,6,1,23099,1,1,0,1,2,6,1.0,3,4,1,1,0.1614788518983505,1,1,0,0,0,10,0,0,0,1
clinical_trials,trials,lab_results,visit_no,integer,3730,23099,0,0.0,0,3,0.1614788518983505,1,0,0.5,0,6,1,23099,1,1,0,1,2,6,1.0,3,4,1,1,0.1614788518983505,1,0,0,0,0,8,0,0,0,1
clinical_trials,trials,lab_results,test_code,varchar,7,23099,0,0.0,0,4,0.0003030434217931,1,0,0.6666666666666666,0,6,1,23099,1,1,0,1,2,6,1.0,3,6,1,1,0.0003030434217931,1,0,0,0,0,9,0,0,0,0
clinical_trials,trials,lab_results,result_value,decimal,4700,23099,0,0.0,0,5,0.2034720117754015,1,0,0.8333333333333334,0,6,1,23099,1,1,0,1,2,6,1.0,3,3,1,1,0.2034720117754015,1,0,0,0,0,12,0,0,0,0
clinical_trials,trials,lab_results,collected_at,date,21374,23099,0,0.0,0,6,0.9253214424866876,1,0,1.0,0,6,1,23099,1,1,0,1,2,6,1.0,3,2,1,1,0.9253214424866876,1,0,0,0,0,12,0,0,0,0
clinical_trials,trials,vital_signs,sign_id,bigint,13418,13418,0,0.0,1,1,1.0,1,1,0.1666666666666666,1,6,1,13418,0,1,0,1,2,6,1.0,3,1,1,1,1.0,0,1,0,0,0,7,1,0,0,0
clinical_trials,trials,vital_signs,patient_id,bigint,3730,13418,0,0.0,0,2,0.2779847965419585,1,0,0.3333333333333333,0,6,1,13418,1,1,0,1,2,6,1.0,3,3,1,1,0.2779847965419585,1,1,0,0,0,10,0,0,0,1
clinical_trials,trials,vital_signs,visit_no,integer,3730,13418,0,0.0,0,3,0.2779847965419585,1,0,0.5,0,6,1,13418,1,1,0,1,2,6,1.0,3,3,1,1,0.2779847965419585,1,0,0,0,0,8,0,0,0,1
clinical_trials,trials,vital_signs,vital_type,varchar,5,13418,0,0.0,0,4,0.0003726337755254,1,0,0.6666666666666666,0,6,1,13418,1,1,0,1,2,6,1.0,3,6,1,1,0.0003726337755254,1,0,0,0,0,10,0,0,0,0
clinical_trials,trials,vital_signs,value,decimal,1500,13418,0,0.0,0,5,0.111790132657624,1,0,0.8333333333333334,0,6,1,13418,1,1,0,1,2,6,1.0,3,5,1,1,0.111790132657624,1,0,0,0,0,5,0,0,0,0
clinical_trials,trials,vital_signs,recorded_at,date,10087,13418,0,0.0,0,6,0.7517513787449694,1,0,1.0,0,6,1,13418,1,1,0,1,2,6,1.0,3,2,1,1,0.7517513787449694,1,0,0,0,0,11,0,0,0,0
insurance,underwriting,policies,policy_id,bigint,6019,6019,0,0.0,1,1,1.0,1,1,0.2,1,5,1,6019,0,1,0,1,2,5,1.0,2,1,1,1,1.0,0,1,0,1,1,9,1,0,0,0
insurance,underwriting,policies,customer_id,bigint,5040,6019,0,0.0,0,2,0.8373483967436451,1,0,0.4,0,5,1,6019,1,1,0,1,2,5,1.0,2,3,1,1,0.8373483967436451,1,1,0,0,0,11,0,0,1,0
insurance,underwriting,policies,product_code,varchar,81,6019,0,0.0,0,3,0.0134573849476657,1,0,0.6,0,5,1,6019,1,1,0,1,2,5,1.0,2,4,1,1,0.0134573849476657,1,0,0,0,0,12,0,0,1,0
insurance,underwriting,policies,start_date,date,5370,6019,0,0.0,0,4,0.8921747798637647,1,0,0.8,0,5,1,6019,1,1,0,1,2,5,1.0,2,2,1,1,0.8921747798637647,1,0,0,0,0,10,0,0,0,0
insurance,underwriting,policies,status,varchar,6,6019,0,0.0,0,5,0.0009968433294567,1,0,1.0,0,5,1,6019,1,1,0,1,2,5,1.0,2,5,1,1,0.0009968433294567,1,0,0,0,0,6,0,0,0,0
insurance,underwriting,customers,customer_id,bigint,11627,11627,0,0.0,1,1,1.0,1,1,0.25,1,4,1,11627,0,1,0,1,1,4,1.0,1,1,1,1,1.0,0,1,0,1,1,11,1,0,0,0
insurance,underwriting,customers,full_name,varchar,9197,11627,0,0.0,0,2,0.7910036982884665,1,0,0.5,0,4,1,11627,1,1,0,1,1,4,1.0,1,2,1,1,0.7910036982884665,1,0,0,0,0,9,0,0,0,0
insurance,underwriting,customers,email,varchar,7253,11627,0,0.0,0,3,0.6238066569192398,1,0,0.75,0,4,1,11627,1,1,0,1,1,4,1.0,1,3,1,1,0.6238066569192398,1,0,0,0,0,5,0,0,0,0
insurance,underwriting,customers,country,varchar,8,11627,0,0.0,0,4,0.0006880536681861,1,0,1.0,0,4,1,11627,1,1,0,1,1,4,1.0,1,4,1,1,0.0006880536681861,1,0,0,0,0,7,0,0,0,0
insurance,underwriting,claims,claim_id,bigint,883,883,0,0.0,1,1,1.0,1,1,0.2,1,5,1,883,0,1,0,1,2,4,1.0,2,1,1,1,1.0,0,1,0,1,1,8,1,0,0,0
insurance,underwriting,claims,policy_id,bigint,573,883,0,0.0,0,2,0.6489241223103058,1,0,0.4,0,5,1,883,1,1,0,1,2,4,1.0,2,3,1,1,0.6489241223103058,1,1,0,0,0,9,0,0,1,0
insurance,underwriting,claims,filed_date,date,750,883,0,0.0,0,3,0.8493771234428086,1,0,0.6,0,5,1,883,1,1,0,1,2,4,1.0,2,2,1,1,0.8493771234428086,1,0,0,0,0,10,0,0,0,0
insurance,underwriting,claims,status,varchar,6,883,0,0.0,0,4,0.0067950169875424,1,0,0.8,0,5,1,883,1,1,0,1,2,4,1.0,2,5,1,1,0.0067950169875424,1,0,0,0,0,6,0,0,0,0
insurance,underwriting,claims,total_amount,decimal,260,883,97,0.1098527746319365,0,5,0.2944507361268403,0,0,1.0,0,5,1,883,1,1,0,1,2,4,1.0,2,4,5,0,0.2944507361268403,1,0,0,0,0,12,0,0,0,0
insurance,underwriting,products,product_code,varchar,81,81,0,0.0,1,1,1.0,1,1,0.25,1,4,1,81,0,1,0,1,0,4,1.0,0,1,1,1,1.0,0,0,0,1,0,12,1,0,0,0
insurance,underwriting,products,name,varchar,75,81,0,0.0,0,2,0.925925925925926,1,0,0.5,0,4,1,81,1,1,0,1,0,4,1.0,0,2,1,1,0.925925925925926,1,0,0,0,0,4,0,0,0,0
insurance,underwriting,products,category,varchar,2,81,0,0.0,0,3,0.0246913580246913,1,0,0.75,0,4,1,81,1,1,0,1,0,4,1.0,0,4,1,1,0.0246913580246913,1,0,0,0,0,8,0,0,0,0
insurance,underwriting,products,is_active,boolean,3,81,0,0.0,0,4,0.037037037037037,1,0,1.0,0,4,1,81,1,1,0,1,0,4,1.0,0,3,1,1,0.037037037037037,1,0,0,0,0,9,0,0,0,0
insurance,underwriting,coverage_tiers,product_code,varchar,25,51,0,0.0,0,1,0.4901960784313725,1,1,0.2,0,5,0,51,0,0,1,0,0,5,0.4901960784313725,0,1,1,1,1.0,0,0,0,0,0,12,0,1,0,0
insurance,underwriting,coverage_tiers,tier_code,varchar,11,51,0,0.0,0,2,0.2156862745098039,1,0,0.4,0,5,0,51,0,0,1,0,0,5,0.4901960784313725,0,2,1,1,0.44,0,0,0,0,0,9,0,1,0,0
insurance,underwriting,coverage_tiers,coverage_limit,decimal,10,51,0,0.0,0,3,0.196078431372549,1,0,0.6,0,5,0,51,0,0,1,0,0,5,0.4901960784313725,0,3,1,1,0.4,0,0,0,0,0,14,0,0,0,0
insurance,underwriting,coverage_tiers,premium_rate,decimal,5,51,0,0.0,0,4,0.0980392156862745,1,0,0.8,0,5,0,51,0,0,1,0,0,5,0.4901960784313725,0,5,1,1,0.2,0,0,0,0,0,12,0,0,0,0
insurance,underwriting,coverage_tiers,deductible,decimal,7,51,0,0.0,0,5,0.1372549019607843,1,0,1.0,0,5,0,51,0,0,1,0,0,5,0.4901960784313725,0,4,1,1,0.28,0,0,0,0,0,10,0,0,0,0
insurance,underwriting,claim_items,claim_id,bigint,818,3189,0,0.0,0,1,0.2565067419253684,1,1,0.2,0,5,0,3189,0,0,1,0,1,5,0.6005017246785826,2,2,1,1,0.4271540469973889,0,1,0,0,0,8,0,1,0,0
insurance,underwriting,claim_items,item_seq,integer,12,3189,0,0.0,0,2,0.0037629350893697,1,0,0.4,0,5,0,3189,0,0,1,0,1,5,0.6005017246785826,2,4,1,1,0.006266318537859,0,0,0,0,0,8,0,1,0,0
insurance,underwriting,claim_items,item_desc,varchar,1915,3189,0,0.0,0,3,0.6005017246785826,1,0,0.6,0,5,0,3189,0,0,1,0,1,5,0.6005017246785826,2,1,1,1,1.0,0,0,0,0,0,9,0,0,0,0
insurance,underwriting,claim_items,claimed_amount,decimal,683,3189,0,0.0,0,4,0.2141737221699592,1,0,0.8,0,5,0,3189,0,0,1,0,1,5,0.6005017246785826,2,3,1,1,0.3566579634464751,0,0,0,0,0,14,0,0,0,0
insurance,underwriting,claim_items,item_category,varchar,7,3189,0,0.0,0,5,0.0021950454687989,1,0,1.0,0,5,0,3189,0,0,1,0,1,5,0.6005017246785826,2,5,1,1,0.0036553524804177,0,0,0,0,0,13,0,0,0,0
insurance,underwriting,policy_coverages,policy_id,bigint,29181,29181,0,0.0,1,1,1.0,1,1,0.1666666666666666,1,6,1,29181,0,1,0,1,1,5,1.0,1,1,1,1,1.0,0,1,0,0,0,9,1,0,0,0
insurance,underwriting,policy_coverages,product_code,varchar,51,29181,0,0.0,0,2,0.0017477125526883,1,0,0.3333333333333333,0,6,1,29181,1,1,0,1,1,5,1.0,1,4,1,1,0.0017477125526883,1,0,0,0,0,12,0,0,0,1
insurance,underwriting,policy_coverages,tier_code,varchar,51,29181,0,0.0,0,3,0.0017477125526883,1,0,0.5,0,6,1,29181,1,1,0,1,1,5,1.0,1,4,1,1,0.0017477125526883,1,0,0,0,0,9,0,0,0,1
insurance,underwriting,policy_coverages,effective_date,date,24429,29181,0,0.0,0,4,0.8371543127377403,1,0,0.6666666666666666,0,6,1,29181,1,1,0,1,1,5,1.0,1,3,1,1,0.8371543127377403,1,0,0,0,0,14,0,0,0,0
insurance,underwriting,policy_coverages,expiry_date,date,26142,29181,677,0.0232000274150988,0,5,0.895856893183921,0,0,0.8333333333333334,0,6,1,29181,1,1,0,1,1,5,1.0,1,2,6,0,0.895856893183921,1,0,0,0,0,11,0,0,0,0
insurance,underwriting,policy_coverages,status,varchar,4,29181,0,0.0,0,6,0.0001370754943285,1,0,1.0,0,6,1,29181,1,1,0,1,1,5,1.0,1,6,1,1,0.0001370754943285,1,0,0,0,0,6,0,0,0,0
insurance,underwriting,premium_adjustments,adjustment_id,bigint,11329,11329,0,0.0,1,1,1.0,1,1,0.1666666666666666,1,6,1,11329,0,1,0,1,1,6,1.0,1,1,1,1,1.0,0,1,0,0,0,13,1,0,0,0
insurance,underwriting,premium_adjustments,product_code,varchar,51,11329,0,0.0,0,2,0.0045017212463589,1,0,0.3333333333333333,0,6,1,11329,1,1,0,1,1,6,1.0,1,4,1,1,0.0045017212463589,1,0,0,0,0,12,0,0,0,1
insurance,underwriting,premium_adjustments,tier_code,varchar,51,11329,0,0.0,0,3,0.0045017212463589,1,0,0.5,0,6,1,11329,1,1,0,1,1,6,1.0,1,4,1,1,0.0045017212463589,1,0,0,0,0,9,0,0,0,1
insurance,underwriting,premium_adjustments,adjustment_type,varchar,7,11329,0,0.0,0,4,0.0006178833083237,1,0,0.6666666666666666,0,6,1,11329,1,1,0,1,1,6,1.0,1,6,1,1,0.0006178833083237,1,0,0,0,0,15,0,0,0,0
insurance,underwriting,premium_adjustments,factor,decimal,983,11329,0,0.0,0,5,0.0867684702974666,1,0,0.8333333333333334,0,6,1,11329,1,1,0,1,1,6,1.0,1,3,1,1,0.0867684702974666,1,0,0,0,0,6,0,0,0,0
insurance,underwriting,premium_adjustments,applied_date,date,7050,11329,0,0.0,0,6,0.6222967605260835,1,0,1.0,0,6,1,11329,1,1,0,1,1,6,1.0,1,2,1,1,0.6222967605260835,1,0,0,0,0,12,0,0,0,0
insurance,underwriting,claim_payments,payment_id,bigint,13302,13302,0,0.0,1,1,1.0,1,1,0.1666666666666666,1,6,1,13302,0,1,0,1,2,6,1.0,3,1,1,1,1.0,0,1,0,0,0,10,1,0,0,0
insurance,underwriting,claim_payments,claim_id,bigint,3189,13302,0,0.0,0,2,0.2397383852052323,1,0,0.3333333333333333,0,6,1,13302,1,1,0,1,2,6,1.0,3,4,1,1,0.2397383852052323,1,1,0,0,0,8,0,0,0,1
insurance,underwriting,claim_payments,item_seq,integer,3189,13302,0,0.0,0,3,0.2397383852052323,1,0,0.5,0,6,1,13302,1,1,0,1,2,6,1.0,3,4,1,1,0.2397383852052323,1,0,0,0,0,8,0,0,0,1
insurance,underwriting,claim_payments,amount,decimal,3970,13302,0,0.0,0,4,0.2984513606976394,1,0,0.6666666666666666,0,6,1,13302,1,1,0,1,2,6,1.0,3,3,1,1,0.2984513606976394,1,0,0,0,0,6,0,0,0,0
insurance,underwriting,claim_payments,payment_date,date,10004,13302,0,0.0,0,5,0.7520673582919861,1,0,0.8333333333333334,0,6,1,13302,1,1,0,1,2,6,1.0,3,2,1,1,0.7520673582919861,1,0,0,0,0,12,0,0,0,0
insurance,underwriting,claim_payments,method,varchar,3,13302,0,0.0,0,6,0.0002255299954894,1,0,1.0,0,6,1,13302,1,1,0,1,2,6,1.0,3,6,1,1,0.0002255299954894,1,0,0,0,0,6,0,0,0,0
insurance,underwriting,claim_disputes,dispute_id,bigint,2430,2430,0,0.0,1,1,1.0,1,1,0.1666666666666666,1,6,1,2430,0,1,0,1,2,5,1.0,3,1,1,1,1.0,0,1,0,0,0,10,1,0,0,0
insurance,underwriting,claim_disputes,claim_id,bigint,1179,2430,0,0.0,0,2,0.4851851851851851,1,0,0.3333333333333333,0,6,1,2430,1,1,0,1,2,5,1.0,3,4,1,1,0.4851851851851851,1,1,0,0,0,8,0,0,0,1
insurance,underwriting,claim_disputes,item_seq,integer,2108,2430,0,0.0,0,3,0.8674897119341564,1,0,0.5,0,6,1,2430,1,1,0,1,2,5,1.0,3,2,1,1,0.8674897119341564,1,0,0,0,0,8,0,0,0,1
insurance,underwriting,claim_disputes,reason,varchar,4,2430,0,0.0,0,4,0.0016460905349794,1,0,0.6666666666666666,0,6,1,2430,1,1,0,1,2,5,1.0,3,6,1,1,0.0016460905349794,1,0,0,0,0,6,0,0,0,0
insurance,underwriting,claim_disputes,filed_at,date,1678,2430,0,0.0,0,5,0.6905349794238683,1,0,0.8333333333333334,0,6,1,2430,1,1,0,1,2,5,1.0,3,3,1,1,0.6905349794238683,1,0,0,0,0,8,0,0,0,0
insurance,underwriting,claim_disputes,resolved,boolean,8,2430,103,0.0423868312757201,0,6,0.0032921810699588,0,0,1.0,0,6,1,2430,1,1,0,1,2,5,1.0,3,5,6,0,0.0032921810699588,1,0,0,0,0,8,0,0,0,0
media_streaming,streaming,content_items,content_id,bigint,6863,6863,0,0.0,1,1,1.0,1,1,0.2,1,5,1,6863,0,1,0,2,1,4,1.0,2,1,1,1,1.0,1,1,0,0,0,10,1,0,0,0
media_streaming,streaming,content_items,title,varchar,6549,6863,0,0.0,0,2,0.9542474136674924,1,0,0.4,0,5,1,6863,1,1,0,2,1,4,1.0,2,2,1,1,0.9542474136674924,1,0,0,0,0,5,0,0,0,0
media_streaming,streaming,content_items,content_type,varchar,5,6863,0,0.0,0,3,0.000728544368352,1,0,0.6,0,5,1,6863,1,1,0,2,1,4,1.0,2,5,1,1,0.000728544368352,2,0,0,0,0,12,0,0,0,0
media_streaming,streaming,content_items,release_date,date,6228,6863,389,0.0566807518577881,0,4,0.907474865219292,0,0,0.8,0,5,1,6863,1,1,0,2,1,4,1.0,2,3,5,0,0.907474865219292,2,0,0,0,0,12,0,0,0,0
media_streaming,streaming,content_items,duration_sec,integer,2017,6863,0,0.0,0,5,0.2938947981932099,1,0,1.0,0,5,1,6863,1,1,0,2,1,4,1.0,2,4,1,1,0.2938947981932099,2,0,0,0,0,12,0,0,0,0
media_streaming,streaming,users,user_id,bigint,43744,43744,0,0.0,1,1,1.0,1,1,0.25,1,4,1,43744,0,1,0,1,1,4,1.0,1,1,1,1,1.0,0,1,0,1,1,7,1,0,0,0
media_streaming,streaming,users,full_name,varchar,33627,43744,0,0.0,0,2,0.7687225676664228,1,0,0.5,0,4,1,43744,1,1,0,1,1,4,1.0,1,3,1,1,0.7687225676664228,1,0,0,0,0,9,0,0,0,0
media_streaming,streaming,users,email,varchar,41030,43744,0,0.0,0,3,0.9379572055596196,1,0,0.75,0,4,1,43744,1,1,0,1,1,4,1.0,1,2,1,1,0.9379572055596196,1,0,0,0,0,5,0,0,0,0
media_streaming,streaming,users,country,varchar,6,43744,0,0.0,0,4,0.0001371616678858,1,0,1.0,0,4,1,43744,1,1,0,1,1,4,1.0,1,4,1,1,0.0001371616678858,1,0,0,0,0,7,0,0,0,0
media_streaming,streaming,plans,plan_id,bigint,20,20,0,0.0,1,1,1.0,1,1,0.25,1,4,1,20,0,1,0,1,1,4,1.0,2,1,1,1,1.0,0,1,0,1,1,7,1,0,0,0
media_streaming,streaming,plans,name,varchar,18,20,0,0.0,0,2,0.9,1,0,0.5,0,4,1,20,1,1,0,1,1,4,1.0,2,2,1,1,0.9,1,0,0,0,0,4,0,0,0,0
media_streaming,streaming,plans,price_monthly,decimal,5,20,0,0.0,0,3,0.25,1,0,0.75,0,4,1,20,1,1,0,1,1,4,1.0,2,3,1,1,0.25,1,0,0,0,0,13,0,0,0,0
media_streaming,streaming,plans,max_streams,integer,5,20,0,0.0,0,4,0.25,1,0,1.0,0,4,1,20,1,1,0,1,1,4,1.0,2,3,1,1,0.25,1,0,0,0,0,11,0,0,0,0
media_streaming,streaming,territories,territory_code,varchar,175,175,0,0.0,1,1,1.0,1,1,0.3333333333333333,1,3,1,175,0,1,0,1,0,3,1.0,0,1,1,1,1.0,0,0,0,1,0,14,1,0,0,0
media_streaming,streaming,territories,name,varchar,115,175,0,0.0,0,2,0.6571428571428571,1,0,0.6666666666666666,0,3,1,175,1,1,0,1,0,3,1.0,0,2,1,1,0.6571428571428571,1,0,0,0,0,4,0,0,0,0
media_streaming,streaming,territories,region,varchar,8,175,0,0.0,0,3,0.0457142857142857,1,0,1.0,0,3,1,175,1,1,0,1,0,3,1.0,0,3,1,1,0.0457142857142857,1,0,0,0,0,6,0,0,0,0
media_streaming,streaming,content_licenses,content_id,bigint,2317,4393,0,0.0,0,1,0.5274300022763487,1,1,0.2,0,5,0,4393,0,0,1,0,1,4,0.9162303664921466,1,3,1,1,0.5756521739130435,0,1,0,0,0,10,0,1,0,0
media_streaming,streaming,content_licenses,territory_code,varchar,14,4393,0,0.0,0,2,0.003186888231277,1,0,0.4,0,5,0,4393,0,0,1,0,1,4,0.9162303664921466,1,4,1,1,0.0034782608695652,0,0,0,0,0,14,0,1,0,0
media_streaming,streaming,content_licenses,license_type,varchar,5,4393,0,0.0,0,3,0.0011381743683132,1,0,0.6,0,5,0,4393,0,0,1,0,1,4,0.9162303664921466,1,5,1,1,0.0012422360248447,0,0,0,0,0,12,0,0,0,0
media_streaming,streaming,content_licenses,valid_from,date,2710,4393,0,0.0,0,4,0.6168905076257682,1,0,0.8,0,5,0,4393,0,0,1,0,1,4,0.9162303664921466,1,2,1,1,0.6732919254658385,0,0,0,0,0,10,0,0,0,0
media_streaming,streaming,content_licenses,valid_to,date,4025,4393,448,0.101980423400865,0,5,0.9162303664921466,0,0,1.0,0,5,0,4393,0,0,1,0,1,4,0.9162303664921466,1,1,5,0,1.0,0,0,0,0,0,8,0,0,0,0
media_streaming,streaming,subscription_features,plan_id,bigint,20,609,0,0.0,0,1,0.0328407224958949,1,1,0.25,0,4,0,609,0,0,1,0,2,4,0.6403940886699507,2,3,1,1,0.0512820512820512,0,1,0,0,0,7,0,1,0,0
media_streaming,streaming,subscription_features,feature_id,bigint,294,609,0,0.0,0,2,0.4827586206896552,1,0,0.5,0,4,0,609,0,0,1,0,2,4,0.6403940886699507,2,2,1,1,0.7538461538461538,0,1,0,0,0,10,0,1,0,0
media_streaming,streaming,subscription_features,feature_name,varchar,390,609,0,0.0,0,3,0.6403940886699507,1,0,0.75,0,4,0,609,0,0,1,0,2,4,0.6403940886699507,2,1,1,1,1.0,0,0,0,0,0,12,0,0,0,0
media_streaming,streaming,subscription_features,is_enabled,boolean,6,609,0,0.0,0,4,0.0098522167487684,1,0,1.0,0,4,0,609,0,0,1,0,2,4,0.6403940886699507,2,4,1,1,0.0153846153846153,0,0,0,0,0,10,0,0,0,0
media_streaming,streaming,playback_events,event_id,bigint,22758,22758,0,0.0,1,1,1.0,1,1,0.1666666666666666,1,6,1,22758,0,1,0,1,3,6,1.0,4,1,1,1,1.0,0,1,0,0,0,8,1,0,0,0
media_streaming,streaming,playback_events,content_id,bigint,4393,22758,0,0.0,0,2,0.1930310220581773,1,0,0.3333333333333333,0,6,1,22758,1,1,0,1,3,6,1.0,4,4,1,1,0.1930310220581773,1,1,0,0,0,10,0,0,0,1
media_streaming,streaming,playback_events,territory_code,varchar,4393,22758,0,0.0,0,3,0.1930310220581773,1,0,0.5,0,6,1,22758,1,1,0,1,3,6,1.0,4,4,1,1,0.1930310220581773,1,0,0,0,0,14,0,0,0,1
media_streaming,streaming,playback_events,user_id,bigint,13480,22758,0,0.0,0,4,0.5923191844626066,1,0,0.6666666666666666,0,6,1,22758,1,1,0,1,3,6,1.0,4,3,1,1,0.5923191844626066,1,1,0,0,0,7,0,0,1,0
media_streaming,streaming,playback_events,played_at,date,16919,22758,0,0.0,0,5,0.743430881448282,1,0,0.8333333333333334,0,6,1,22758,1,1,0,1,3,6,1.0,4,2,1,1,0.743430881448282,1,0,0,0,0,9,0,0,0,0
media_streaming,streaming,playback_events,duration_sec,integer,2745,22758,0,0.0,0,6,0.1206169259161613,1,0,1.0,0,6,1,22758,1,1,0,1,3,6,1.0,4,6,1,1,0.1206169259161613,1,0,0,0,0,12,0,0,0,0
media_streaming,streaming,geo_restrictions,restriction_id,bigint,10690,10690,0,0.0,1,1,1.0,1,1,0.1666666666666666,1,6,1,10690,0,1,0,1,2,5,1.0,2,1,1,1,1.0,0,1,0,0,0,14,1,0,0,0
media_streaming,streaming,geo_restrictions,content_id,bigint,4393,10690,0,0.0,0,2,0.4109448082319925,1,0,0.3333333333333333,0,6,1,10690,1,1,0,1,2,5,1.0,2,4,1,1,0.4109448082319925,1,1,0,0,0,10,0,0,0,1
media_streaming,streaming,geo_restrictions,territory_code,varchar,4393,10690,0,0.0,0,3,0.4109448082319925,1,0,0.5,0,6,1,10690,1,1,0,1,2,5,1.0,2,4,1,1,0.4109448082319925,1,0,0,0,0,14,0,0,0,1
media_streaming,streaming,geo_restrictions,restriction_type,varchar,3,10690,0,0.0,0,4,0.0002806361085126,1,0,0.6666666666666666,0,6,1,10690,1,1,0,1,2,5,1.0,2,6,1,1,0.0002806361085126,1,0,0,0,0,16,0,0,0,0
media_streaming,streaming,geo_restrictions,applied_at,date,7326,10690,0,0.0,0,5,0.6853133769878391,1,0,0.8333333333333334,0,6,1,10690,1,1,0,1,2,5,1.0,2,3,1,1,0.6853133769878391,1,0,0,0,0,10,0,0,0,0
media_streaming,streaming,geo_restrictions,notes,varchar,7664,10690,477,0.0446211412535079,0,6,0.716931711880262,0,0,1.0,0,6,1,10690,1,1,0,1,2,5,1.0,2,2,6,0,0.716931711880262,1,0,0,0,0,5,0,0,0,0
media_streaming,streaming,plan_usage,usage_id,bigint,17732,17732,0,0.0,1,1,1.0,1,1,0.1666666666666666,1,6,1,17732,0,1,0,1,4,6,1.0,5,1,1,1,1.0,0,1,0,0,0,8,1,0,0,0
media_streaming,streaming,plan_usage,plan_id,bigint,609,17732,0,0.0,0,2,0.034344687570494,1,0,0.3333333333333333,0,6,1,17732,1,1,0,1,4,6,1.0,5,5,1,1,0.034344687570494,1,1,0,0,0,7,0,0,0,1
media_streaming,streaming,plan_usage,feature_id,bigint,609,17732,0,0.0,0,3,0.034344687570494,1,0,0.5,0,6,1,17732,1,1,0,1,4,6,1.0,5,5,1,1,0.034344687570494,1,1,0,0,0,10,0,0,0,1
media_streaming,streaming,plan_usage,user_id,bigint,16710,17732,0,0.0,0,4,0.9423640875253778,1,0,0.6666666666666666,0,6,1,17732,1,1,0,1,4,6,1.0,5,2,1,1,0.9423640875253778,1,1,0,0,0,7,0,0,1,0
media_streaming,streaming,plan_usage,used_at,date,15134,17732,0,0.0,0,5,0.8534852244529664,1,0,0.8333333333333334,0,6,1,17732,1,1,0,1,4,6,1.0,5,3,1,1,0.8534852244529664,1,0,0,0,0,7,0,0,0,0
media_streaming,streaming,plan_usage,usage_count,integer,5079,17732,0,0.0,0,6,0.286431310624859,1,0,1.0,0,6,1,17732,1,1,0,1,4,6,1.0,5,4,1,1,0.286431310624859,1,0,0,0,0,11,0,0,0,0
media_streaming,streaming,feature_feedback,feedback_id,bigint,10712,10712,0,0.0,1,1,1.0,1,1,0.1666666666666666,1,6,1,10712,0,1,0,1,4,6,1.0,5,1,1,1,1.0,0,1,0,0,0,11,1,0,0,0
media_streaming,streaming,feature_feedback,plan_id,bigint,609,10712,0,0.0,0,2,0.0568521284540702,1,0,0.3333333333333333,0,6,1,10712,1,1,0,1,4,6,1.0,5,4,1,1,0.0568521284540702,1,1,0,0,0,7,0,0,0,1
media_streaming,streaming,feature_feedback,feature_id,bigint,609,10712,0,0.0,0,3,0.0568521284540702,1,0,0.5,0,6,1,10712,1,1,0,1,4,6,1.0,5,4,1,1,0.0568521284540702,1,1,0,0,0,10,0,0,0,1
media_streaming,streaming,feature_feedback,user_id,bigint,9275,10712,0,0.0,0,4,0.8658513816280806,1,0,0.6666666666666666,0,6,1,10712,1,1,0,1,4,6,1.0,5,2,1,1,0.8658513816280806,1,1,0,0,0,7,0,0,1,0
media_streaming,streaming,feature_feedback,rating,integer,7,10712,0,0.0,0,5,0.0006534727408513,1,0,0.8333333333333334,0,6,1,10712,1,1,0,1,4,6,1.0,5,6,1,1,0.0006534727408513,1,0,0,0,0,6,0,0,0,0
media_streaming,streaming,feature_feedback,submitted_at,date,6628,10712,0,0.0,0,6,0.6187453323375653,1,0,1.0,0,6,1,10712,1,1,0,1,4,6,1.0,5,3,1,1,0.6187453323375653,1,0,0,0,0,12,0,0,0,0
fleet_mgmt,fleet,vehicles,vehicle_id,bigint,444,444,0,0.0,1,1,1.0,1,1,0.2,1,5,1,444,0,1,0,2,1,5,1.0,2,1,1,1,1.0,1,1,0,1,1,10,1,0,0,0
fleet_mgmt,fleet,vehicles,plate_no,varchar,424,444,0,0.0,0,2,0.954954954954955,1,0,0.4,0,5,1,444,1,1,0,2,1,5,1.0,2,2,1,1,0.954954954954955,1,0,0,0,0,8,0,0,0,0
fleet_mgmt,fleet,vehicles,vehicle_type,varchar,8,444,0,0.0,0,3,0.018018018018018,1,0,0.6,0,5,1,444,1,1,0,2,1,5,1.0,2,4,1,1,0.018018018018018,2,0,0,1,0,12,0,0,0,0
fleet_mgmt,fleet,vehicles,year,integer,46,444,0,0.0,0,4,0.1036036036036036,1,0,0.8,0,5,1,444,1,1,0,2,1,5,1.0,2,3,1,1,0.1036036036036036,2,0,0,0,0,4,0,0,0,0
fleet_mgmt,fleet,vehicles,status,varchar,3,444,0,0.0,0,5,0.0067567567567567,1,0,1.0,0,5,1,444,1,1,0,2,1,5,1.0,2,5,1,1,0.0067567567567567,2,0,0,0,0,6,0,0,0,0
fleet_mgmt,fleet,drivers,driver_id,bigint,189,189,0,0.0,1,1,1.0,1,1,0.25,1,4,1,189,0,1,0,2,1,4,1.0,1,1,1,1,1.0,1,1,0,1,1,9,1,0,0,0
fleet_mgmt,fleet,drivers,full_name,varchar,177,189,0,0.0,0,2,0.9365079365079364,1,0,0.5,0,4,1,189,1,1,0,2,1,4,1.0,1,3,1,1,0.9365079365079364,2,0,0,0,0,9,0,0,0,0
fleet_mgmt,fleet,drivers,license_no,varchar,185,189,0,0.0,0,3,0.9788359788359788,1,0,0.75,0,4,1,189,1,1,0,2,1,4,1.0,1,2,1,1,0.9788359788359788,1,0,0,0,0,10,0,0,0,0
fleet_mgmt,fleet,drivers,hire_date,date,169,189,0,0.0,0,4,0.8941798941798942,1,0,1.0,0,4,1,189,1,1,0,2,1,4,1.0,1,4,1,1,0.8941798941798942,2,0,0,0,0,9,0,0,0,0
fleet_mgmt,fleet,routes,route_id,bigint,121,121,0,0.0,1,1,1.0,1,1,0.2,1,5,1,121,0,1,0,1,1,5,1.0,1,1,1,1,1.0,0,1,0,1,1,8,1,0,0,0
fleet_mgmt,fleet,routes,name,varchar,109,121,0,0.0,0,2,0.9008264462809916,1,0,0.4,0,5,1,121,1,1,0,1,1,5,1.0,1,2,1,1,0.9008264462809916,1,0,0,0,0,4,0,0,0,0
fleet_mgmt,fleet,routes,origin,varchar,9,121,0,0.0,0,3,0.0743801652892562,1,0,0.6,0,5,1,121,1,1,0,1,1,5,1.0,1,5,1,1,0.0743801652892562,1,0,0,0,0,6,0,0,0,0
fleet_mgmt,fleet,routes,destination,varchar,13,121,0,0.0,0,4,0.1074380165289256,1,0,0.8,0,5,1,121,1,1,0,1,1,5,1.0,1,4,1,1,0.1074380165289256,1,0,0,0,0,11,0,0,0,0
fleet_mgmt,fleet,routes,distance_km,decimal,20,121,0,0.0,0,5,0.1652892561983471,1,0,1.0,0,5,1,121,1,1,0,1,1,5,1.0,1,3,1,1,0.1652892561983471,1,0,0,0,0,11,0,0,0,0
fleet_mgmt,fleet,depots,depot_id,bigint,46,46,0,0.0,1,1,1.0,1,1,0.25,1,4,1,46,0,1,0,1,1,4,1.0,2,1,1,1,1.0,0,1,0,1,1,8,1,0,0,0
fleet_mgmt,fleet,depots,name,varchar,30,46,0,0.0,0,2,0.6521739130434783,1,0,0.5,0,4,1,46,1,1,0,1,1,4,1.0,2,2,1,1,0.6521739130434783,1,0,0,0,0,4,0,0,0,0
fleet_mgmt,fleet,depots,city,varchar,11,46,0,0.0,0,3,0.2391304347826087,1,0,0.75,0,4,1,46,1,1,0,1,1,4,1.0,2,3,1,1,0.2391304347826087,1,0,0,0,0,4,0,0,0,0
fleet_mgmt,fleet,depots,capacity,integer,6,46,0,0.0,0,4,0.1304347826086956,1,0,1.0,0,4,1,46,1,1,0,1,1,4,1.0,2,4,1,1,0.1304347826086956,1,0,0,0,0,8,0,0,0,0
fleet_mgmt,fleet,vehicle_maintenance,vehicle_id,bigint,288,577,0,0.0,0,1,0.4991334488734835,1,1,0.2,0,5,0,577,0,0,1,0,1,3,0.82842287694974,1,3,1,1,0.602510460251046,0,1,0,0,0,10,0,1,0,0
fleet_mgmt,fleet,vehicle_maintenance,service_type,varchar,8,577,0,0.0,0,2,0.0138648180242634,1,0,0.4,0,5,0,577,0,0,1,0,1,3,0.82842287694974,1,5,1,1,0.0167364016736401,0,0,0,0,0,12,0,1,0,0
fleet_mgmt,fleet,vehicle_maintenance,last_service,date,478,577,0,0.0,0,3,0.82842287694974,1,0,0.6,0,5,0,577,0,0,1,0,1,3,0.82842287694974,1,1,1,1,1.0,0,0,0,0,0,12,0,0,0,0
fleet_mgmt,fleet,vehicle_maintenance,next_due,date,428,577,60,0.1039861351819757,0,4,0.7417677642980935,0,0,0.8,0,5,0,577,0,0,1,0,1,3,0.82842287694974,1,2,5,0,0.8953974895397488,0,0,0,0,0,8,0,0,0,0
fleet_mgmt,fleet,vehicle_maintenance,technician,varchar,44,577,26,0.0450606585788561,0,5,0.0762564991334488,0,0,1.0,0,5,0,577,0,0,1,0,1,3,0.82842287694974,1,4,4,0,0.0920502092050209,0,0,0,0,0,10,0,0,0,0
fleet_mgmt,fleet,route_assignments,route_id,bigint,121,1240,0,0.0,0,1,0.0975806451612903,1,1,0.25,0,4,0,1240,0,0,1,0,2,4,0.7645161290322581,2,3,1,1,0.1276371308016877,0,1,0,0,0,8,0,1,0,0
fleet_mgmt,fleet,route_assignments,driver_id,bigint,189,1240,0,0.0,0,2,0.1524193548387096,1,0,0.5,0,4,0,1240,0,0,1,0,2,4,0.7645161290322581,2,2,1,1,0.1993670886075949,0,1,0,0,0,9,0,1,0,0
fleet_mgmt,fleet,route_assignments,assigned_date,date,948,1240,0,0.0,0,3,0.7645161290322581,1,0,0.75,0,4,0,1240,0,0,1,0,2,4,0.7645161290322581,2,1,1,1,1.0,0,0,0,0,0,13,0,0,0,0
fleet_mgmt,fleet,route_assignments,shift,varchar,2,1240,0,0.0,0,4,0.0016129032258064,1,0,1.0,0,4,0,1240,0,0,1,0,2,4,0.7645161290322581,2,4,1,1,0.0021097046413502,0,0,0,0,0,5,0,0,0,0
fleet_mgmt,fleet,maintenance_parts,part_id,bigint,15315,15315,0,0.0,1,1,1.0,1,1,0.1666666666666666,1,6,1,15315,0,1,0,1,2,6,1.0,3,1,1,1,1.0,0,1,0,0,0,7,1,0,0,0
fleet_mgmt,fleet,maintenance_parts,vehicle_id,bigint,577,15315,0,0.0,0,2,0.037675481554032,1,0,0.3333333333333333,0,6,1,15315,1,1,0,1,2,6,1.0,3,4,1,1,0.037675481554032,1,1,0,0,0,10,0,0,0,1
fleet_mgmt,fleet,maintenance_parts,service_type,varchar,577,15315,0,0.0,0,3,0.037675481554032,1,0,0.5,0,6,1,15315,1,1,0,1,2,6,1.0,3,4,1,1,0.037675481554032,1,0,0,0,0,12,0,0,0,1
fleet_mgmt,fleet,maintenance_parts,part_name,varchar,10283,15315,0,0.0,0,4,0.6714332353901404,1,0,0.6666666666666666,0,6,1,15315,1,1,0,1,2,6,1.0,3,3,1,1,0.6714332353901404,1,0,0,0,0,9,0,0,0,0
fleet_mgmt,fleet,maintenance_parts,quantity,integer,2,15315,0,0.0,0,5,0.0001305909239307,1,0,0.8333333333333334,0,6,1,15315,1,1,0,1,2,6,1.0,3,6,1,1,0.0001305909239307,1,0,0,0,0,8,0,0,0,0
fleet_mgmt,fleet,maintenance_parts,installed_at,date,13697,15315,0,0.0,0,6,0.8943519425399935,1,0,1.0,0,6,1,15315,1,1,0,1,2,6,1.0,3,2,1,1,0.8943519425399935,1,0,0,0,0,12,0,0,0,0
fleet_mgmt,fleet,maintenance_costs,cost_id,bigint,4163,4163,0,0.0,1,1,1.0,1,1,0.1666666666666666,1,6,1,4163,0,1,0,2,2,6,1.0,2,1,1,1,1.0,1,1,0,0,0,7,1,0,0,0
fleet_mgmt,fleet,maintenance_costs,vehicle_id,bigint,577,4163,0,0.0,0,2,0.1386019697333653,1,0,0.3333333333333333,0,6,1,4163,1,1,0,2,2,6,1.0,2,4,1,1,0.1386019697333653,2,1,0,0,0,10,0,0,0,1
fleet_mgmt,fleet,maintenance_costs,service_type,varchar,577,4163,0,0.0,0,3,0.1386019697333653,1,0,0.5,0,6,1,4163,1,1,0,2,2,6,1.0,2,4,1,1,0.1386019697333653,2,0,0,0,0,12,0,0,0,1
fleet_mgmt,fleet,maintenance_costs,amount,decimal,613,4163,0,0.0,0,4,0.1472495796300744,1,0,0.6666666666666666,0,6,1,4163,1,1,0,2,2,6,1.0,2,3,1,1,0.1472495796300744,2,0,0,0,0,6,0,0,0,0
fleet_mgmt,fleet,maintenance_costs,cost_date,date,4111,4163,0,0.0,0,5,0.9875090079269756,1,0,0.8333333333333334,0,6,1,4163,1,1,0,2,2,6,1.0,2,2,1,1,0.9875090079269756,1,0,0,0,0,9,0,0,0,0
fleet_mgmt,fleet,maintenance_costs,category,varchar,8,4163,0,0.0,0,6,0.0019216910881575,1,0,1.0,0,6,1,4163,1,1,0,2,2,6,1.0,2,6,1,1,0.0019216910881575,2,0,0,0,0,8,0,0,0,0
fleet_mgmt,fleet,trip_records,trip_id,bigint,1705,1705,0,0.0,1,1,1.0,1,1,0.1666666666666666,1,6,1,1705,0,1,0,1,4,6,1.0,4,1,1,1,1.0,0,1,0,0,0,7,1,0,0,0
fleet_mgmt,fleet,trip_records,route_id,bigint,1240,1705,0,0.0,0,2,0.7272727272727273,1,0,0.3333333333333333,0,6,1,1705,1,1,0,1,4,6,1.0,4,2,1,1,0.7272727272727273,1,1,0,0,0,8,0,0,0,1
fleet_mgmt,fleet,trip_records,driver_id,bigint,826,1705,0,0.0,0,3,0.4844574780058651,1,0,0.5,0,6,1,1705,1,1,0,1,4,6,1.0,4,4,1,1,0.4844574780058651,1,1,0,0,0,9,0,0,0,1
fleet_mgmt,fleet,trip_records,vehicle_id,bigint,444,1705,0,0.0,0,4,0.2604105571847507,1,0,0.6666666666666666,0,6,1,1705,1,1,0,1,4,6,1.0,4,5,1,1,0.2604105571847507,1,1,0,0,0,10,0,0,1,0
fleet_mgmt,fleet,trip_records,trip_date,date,1108,1705,0,0.0,0,5,0.6498533724340176,1,0,0.8333333333333334,0,6,1,1705,1,1,0,1,4,6,1.0,4,3,1,1,0.6498533724340176,1,0,0,0,0,9,0,0,0,0
fleet_mgmt,fleet,trip_records,distance_km,decimal,201,1705,0,0.0,0,6,0.1178885630498533,1,0,1.0,0,6,1,1705,1,1,0,1,4,6,1.0,4,6,1,1,0.1178885630498533,1,0,0,0,0,11,0,0,0,0
fleet_mgmt,fleet,fuel_logs,log_id,bigint,5590,5590,0,0.0,1,1,1.0,1,1,0.1666666666666666,1,6,1,5590,0,1,0,1,3,6,1.0,3,1,1,1,1.0,0,1,0,0,0,6,1,0,0,0
fleet_mgmt,fleet,fuel_logs,route_id,bigint,1240,5590,0,0.0,0,2,0.221824686940966,1,0,0.3333333333333333,0,6,1,5590,1,1,0,1,3,6,1.0,3,3,1,1,0.221824686940966,1,1,0,0,0,8,0,0,0,1
fleet_mgmt,fleet,fuel_logs,driver_id,bigint,1240,5590,0,0.0,0,3,0.221824686940966,1,0,0.5,0,6,1,5590,1,1,0,1,3,6,1.0,3,3,1,1,0.221824686940966,1,1,0,0,0,9,0,0,0,1
fleet_mgmt,fleet,fuel_logs,liters,decimal,815,5590,0,0.0,0,4,0.1457960644007155,1,0,0.6666666666666666,0,6,1,5590,1,1,0,1,3,6,1.0,3,6,1,1,0.1457960644007155,1,0,0,0,0,6,0,0,0,0
fleet_mgmt,fleet,fuel_logs,cost,decimal,1027,5590,0,0.0,0,5,0.1837209302325581,1,0,0.8333333333333334,0,6,1,5590,1,1,0,1,3,6,1.0,3,5,1,1,0.1837209302325581,1,0,0,0,0,4,0,0,0,0
fleet_mgmt,fleet,fuel_logs,filled_at,date,3904,5590,0,0.0,0,6,0.6983899821109123,1,0,1.0,0,6,1,5590,1,1,0,1,3,6,1.0,3,2,1,1,0.6983899821109123,1,0,0,0,0,9,0,0,0,0
food_delivery,delivery,restaurants,restaurant_id,bigint,970,970,0,0.0,1,1,1.0,1,1,0.2,1,5,1,970,0,1,0,1,1,4,1.0,1,1,1,1,1.0,0,1,0,1,1,13,1,0,0,0
food_delivery,delivery,restaurants,name,varchar,920,970,0,0.0,0,2,0.9484536082474226,1,0,0.4,0,5,1,970,1,1,0,1,1,4,1.0,1,2,1,1,0.9484536082474226,1,0,0,0,0,4,0,0,0,0
food_delivery,delivery,restaurants,city,varchar,143,970,0,0.0,0,3,0.1474226804123711,1,0,0.6,0,5,1,970,1,1,0,1,1,4,1.0,1,3,1,1,0.1474226804123711,1,0,0,0,0,4,0,0,0,0
food_delivery,delivery,restaurants,cuisine_type,varchar,2,970,0,0.0,0,4,0.002061855670103,1,0,0.8,0,5,1,970,1,1,0,1,1,4,1.0,1,5,1,1,0.002061855670103,1,0,0,0,0,12,0,0,0,0
food_delivery,delivery,restaurants,rating,decimal,73,970,111,0.1144329896907216,0,5,0.0752577319587628,0,0,1.0,0,5,1,970,1,1,0,1,1,4,1.0,1,4,5,0,0.0752577319587628,1,0,0,0,0,6,0,0,0,0
food_delivery,delivery,customers,customer_id,bigint,14813,14813,0,0.0,1,1,1.0,1,1,0.25,1,4,1,14813,0,1,0,2,1,4,1.0,1,1,1,1,1.0,1,1,0,1,1,11,1,0,0,0
food_delivery,delivery,customers,full_name,varchar,10742,14813,0,0.0,0,2,0.7251738337946398,1,0,0.5,0,4,1,14813,1,1,0,2,1,4,1.0,1,3,1,1,0.7251738337946398,2,0,0,0,0,9,0,0,0,0
food_delivery,delivery,customers,email,varchar,14432,14813,0,0.0,0,3,0.9742793492202796,1,0,0.75,0,4,1,14813,1,1,0,2,1,4,1.0,1,2,1,1,0.9742793492202796,1,0,0,0,0,5,0,0,0,0
food_delivery,delivery,customers,city,varchar,3694,14813,0,0.0,0,4,0.2493755485046918,1,0,1.0,0,4,1,14813,1,1,0,2,1,4,1.0,1,4,1,1,0.2493755485046918,2,0,0,0,0,4,0,0,0,0
food_delivery,delivery,orders,order_id,bigint,38577,38577,0,0.0,1,1,1.0,1,1,0.2,1,5,1,38577,0,1,0,1,3,5,1.0,3,1,1,1,1.0,0,1,0,1,1,8,1,0,0,0
food_delivery,delivery,orders,customer_id,bigint,14813,38577,0,0.0,0,2,0.383985276200845,1,0,0.4,0,5,1,38577,1,1,0,1,3,5,1.0,3,3,1,1,0.383985276200845,1,1,0,0,0,11,0,0,1,0
food_delivery,delivery,orders,restaurant_id,bigint,970,38577,0,0.0,0,3,0.0251445161624802,1,0,0.6,0,5,1,38577,1,1,0,1,3,5,1.0,3,4,1,1,0.0251445161624802,1,1,0,0,0,13,0,0,1,0
food_delivery,delivery,orders,order_date,date,27695,38577,0,0.0,0,4,0.717914819711227,1,0,0.8,0,5,1,38577,1,1,0,1,3,5,1.0,3,2,1,1,0.717914819711227,1,0,0,1,0,10,0,0,0,0
food_delivery,delivery,orders,status,varchar,6,38577,0,0.0,0,5,0.0001555330896648,1,0,1.0,0,5,1,38577,1,1,0,1,3,5,1.0,3,5,1,1,0.0001555330896648,1,0,0,0,0,6,0,0,0,0
food_delivery,delivery,couriers,courier_id,bigint,622,622,0,0.0,1,1,1.0,1,1,0.25,1,4,1,622,0,1,0,1,1,4,1.0,1,1,1,1,1.0,0,1,0,1,1,10,1,0,0,0
food_delivery,delivery,couriers,full_name,varchar,381,622,0,0.0,0,2,0.612540192926045,1,0,0.5,0,4,1,622,1,1,0,1,1,4,1.0,1,2,1,1,0.612540192926045,1,0,0,0,0,9,0,0,0,0
food_delivery,delivery,couriers,vehicle_type,varchar,5,622,0,0.0,0,3,0.0080385852090032,1,0,0.75,0,4,1,622,1,1,0,1,1,4,1.0,1,3,1,1,0.0080385852090032,1,0,0,0,0,12,0,0,0,0
food_delivery,delivery,couriers,active,boolean,3,622,0,0.0,0,4,0.0048231511254019,1,0,1.0,0,4,1,622,1,1,0,1,1,4,1.0,1,4,1,1,0.0048231511254019,1,0,0,0,0,6,0,0,0,0
food_delivery,delivery,menu_items,restaurant_id,bigint,970,3915,0,0.0,0,1,0.247765006385696,1,1,0.2,0,5,0,3915,0,0,1,0,1,5,0.7231162196679438,1,2,1,1,0.3426351112681031,0,1,0,0,0,13,0,1,0,0
food_delivery,delivery,menu_items,item_code,varchar,2,3915,0,0.0,0,2,0.0005108556832694,1,0,0.4,0,5,0,3915,0,0,1,0,1,5,0.7231162196679438,1,5,1,1,0.0007064641469445,0,0,0,0,0,9,0,1,0,0
food_delivery,delivery,menu_items,name,varchar,2831,3915,0,0.0,0,3,0.7231162196679438,1,0,0.6,0,5,0,3915,0,0,1,0,1,5,0.7231162196679438,1,1,1,1,1.0,0,0,0,0,0,4,0,0,0,0
food_delivery,delivery,menu_items,price,decimal,512,3915,0,0.0,0,4,0.1307790549169859,1,0,0.8,0,5,0,3915,0,0,1,0,1,5,0.7231162196679438,1,3,1,1,0.1808548216178029,0,0,0,0,0,5,0,0,0,0
food_delivery,delivery,menu_items,is_available,boolean,6,3915,0,0.0,0,5,0.0015325670498084,1,0,1.0,0,5,0,3915,0,0,1,0,1,5,0.7231162196679438,1,4,1,1,0.0021193924408336,0,0,0,0,0,12,0,0,0,0
food_delivery,delivery,order_lines,order_id,bigint,3641,24562,0,0.0,0,1,0.1482371142415113,1,1,0.1666666666666666,0,6,0,24562,0,0,1,0,2,5,0.1940395733246478,4,2,1,1,0.7639530004196392,0,1,0,0,0,8,0,1,0,0
food_delivery,delivery,order_lines,line_seq,integer,12,24562,0,0.0,0,2,0.0004885595635534,1,0,0.3333333333333333,0,6,0,24562,0,0,1,0,2,5,0.1940395733246478,4,5,1,1,0.0025178346621905,0,0,0,0,0,8,0,1,0,0
food_delivery,delivery,order_lines,restaurant_id,bigint,970,24562,0,0.0,0,3,0.0394918980539044,1,0,0.5,0,6,0,24562,0,0,1,0,2,5,0.1940395733246478,4,4,1,1,0.2035249685270667,0,1,0,0,0,13,0,0,1,0
food_delivery,delivery,order_lines,item_code,varchar,1228,24562,1342,0.0546372445240615,0,4,0.0499959286703037,0,0,0.6666666666666666,0,6,0,24562,0,0,1,0,2,5,0.1940395733246478,4,3,6,0,0.2576584137641628,0,0,0,0,0,9,0,0,1,0
food_delivery,delivery,order_lines,quantity,integer,3,24562,0,0.0,0,5,0.0001221398908883,1,0,0.8333333333333334,0,6,0,24562,0,0,1,0,2,5,0.1940395733246478,4,6,1,1,0.0006294586655476,0,0,0,0,0,8,0,0,0,0
food_delivery,delivery,order_lines,unit_price,decimal,4766,24562,0,0.0,0,6,0.1940395733246478,1,0,1.0,0,6,0,24562,0,0,1,0,2,5,0.1940395733246478,4,1,1,1,1.0,0,0,0,0,0,10,0,0,0,0
food_delivery,delivery,item_reviews,review_id,bigint,16803,16803,0,0.0,1,1,1.0,1,1,0.1666666666666666,1,6,1,16803,0,1,0,1,3,6,1.0,4,1,1,1,1.0,0,1,0,0,0,9,1,0,0,0
food_delivery,delivery,item_reviews,restaurant_id,bigint,3915,16803,0,0.0,0,2,0.2329941081949652,1,0,0.3333333333333333,0,6,1,16803,1,1,0,1,3,6,1.0,4,4,1,1,0.2329941081949652,1,1,0,0,0,13,0,0,0,1
food_delivery,delivery,item_reviews,item_code,varchar,3915,16803,0,0.0,0,3,0.2329941081949652,1,0,0.5,0,6,1,16803,1,1,0,1,3,6,1.0,4,4,1,1,0.2329941081949652,1,0,0,0,0,9,0,0,0,1
food_delivery,delivery,item_reviews,customer_id,bigint,14813,16803,0,0.0,0,4,0.8815687674819973,1,0,0.6666666666666666,0,6,1,16803,1,1,0,1,3,6,1.0,4,3,1,1,0.8815687674819973,1,1,0,0,0,11,0,0,1,0
food_delivery,delivery,item_reviews,rating,integer,3,16803,0,0.0,0,5,0.0001785395465095,1,0,0.8333333333333334,0,6,1,16803,1,1,0,1,3,6,1.0,4,6,1,1,0.0001785395465095,1,0,0,0,0,6,0,0,0,0
food_delivery,delivery,item_reviews,reviewed_at,date,15433,16803,0,0.0,0,6,0.9184669404273048,1,0,1.0,0,6,1,16803,1,1,0,1,3,6,1.0,4,2,1,1,0.9184669404273048,1,0,0,0,0,11,0,0,0,0
food_delivery,delivery,promo_discounts,promo_id,bigint,10720,10720,0,0.0,1,1,1.0,1,1,0.1666666666666666,1,6,1,10720,0,1,0,1,2,5,1.0,2,1,1,1,1.0,0,1,0,0,0,8,1,0,0,0
food_delivery,delivery,promo_discounts,restaurant_id,bigint,3915,10720,0,0.0,0,2,0.365205223880597,1,0,0.3333333333333333,0,6,1,10720,1,1,0,1,2,5,1.0,2,4,1,1,0.365205223880597,1,1,0,0,0,13,0,0,0,1
food_delivery,delivery,promo_discounts,item_code,varchar,3915,10720,0,0.0,0,3,0.365205223880597,1,0,0.5,0,6,1,10720,1,1,0,1,2,5,1.0,2,4,1,1,0.365205223880597,1,0,0,0,0,9,0,0,0,1
food_delivery,delivery,promo_discounts,discount_pct,decimal,2222,10720,0,0.0,0,4,0.207276119402985,1,0,0.6666666666666666,0,6,1,10720,1,1,0,1,2,5,1.0,2,6,1,1,0.207276119402985,1,0,0,0,0,12,0,0,0,0
food_delivery,delivery,promo_discounts,valid_from,date,7813,10720,0,0.0,0,5,0.7288246268656716,1,0,0.8333333333333334,0,6,1,10720,1,1,0,1,2,5,1.0,2,3,1,1,0.7288246268656716,1,0,0,0,0,10,0,0,0,0
food_delivery,delivery,promo_discounts,valid_to,date,7832,10720,954,0.0889925373134328,0,6,0.7305970149253731,0,0,1.0,0,6,1,10720,1,1,0,1,2,5,1.0,2,2,6,0,0.7305970149253731,1,0,0,0,0,8,0,0,0,0
food_delivery,delivery,order_modifications,mod_id,bigint,9859,9859,0,0.0,1,1,1.0,1,1,0.1666666666666666,1,6,1,9859,0,1,0,1,2,5,1.0,3,1,1,1,1.0,0,1,0,0,0,6,1,0,0,0
food_delivery,delivery,order_modifications,order_id,bigint,5028,9859,0,0.0,0,2,0.5099908712851202,1,0,0.3333333333333333,0,6,1,9859,1,1,0,1,2,5,1.0,3,4,1,1,0.5099908712851202,1,1,0,0,0,8,0,0,0,1
food_delivery,delivery,order_modifications,line_seq,integer,7472,9859,0,0.0,0,3,0.7578861953544984,1,0,0.5,0,6,1,9859,1,1,0,1,2,5,1.0,3,3,1,1,0.7578861953544984,1,0,0,0,0,8,0,0,0,1
food_delivery,delivery,order_modifications,mod_type,varchar,5,9859,0,0.0,0,4,0.0005071508266558,1,0,0.6666666666666666,0,6,1,9859,1,1,0,1,2,5,1.0,3,5,1,1,0.0005071508266558,1,0,0,0,0,8,0,0,0,0
food_delivery,delivery,order_modifications,modified_at,date,8725,9859,0,0.0,0,5,0.8849781925144538,1,0,0.8333333333333334,0,6,1,9859,1,1,0,1,2,5,1.0,3,2,1,1,0.8849781925144538,1,0,0,0,0,11,0,0,0,0
food_delivery,delivery,order_modifications,reason,varchar,3,9859,263,0.0266761334820975,0,6,0.0003042904959935,0,0,1.0,0,6,1,9859,1,1,0,1,2,5,1.0,3,6,6,0,0.0003042904959935,1,0,0,0,0,6,0,0,0,0
food_delivery,delivery,refund_lines,refund_id,bigint,2254,2254,0,0.0,1,1,1.0,1,1,0.1666666666666666,1,6,1,2254,0,1,0,2,2,6,1.0,3,1,1,1,1.0,1,1,0,0,0,9,1,0,0,0
food_delivery,delivery,refund_lines,order_id,bigint,2139,2254,0,0.0,0,2,0.9489795918367347,1,0,0.3333333333333333,0,6,1,2254,1,1,0,2,2,6,1.0,3,3,1,1,0.9489795918367347,2,1,0,0,0,8,0,0,0,1
food_delivery,delivery,refund_lines,line_seq,integer,2207,2254,0,0.0,0,3,0.979148181011535,1,0,0.5,0,6,1,2254,1,1,0,2,2,6,1.0,3,2,1,1,0.979148181011535,1,0,0,0,0,8,0,0,0,1
food_delivery,delivery,refund_lines,refund_amount,decimal,312,2254,0,0.0,0,4,0.1384205856255545,1,0,0.6666666666666666,0,6,1,2254,1,1,0,2,2,6,1.0,3,5,1,1,0.1384205856255545,2,0,0,0,0,13,0,0,0,0
food_delivery,delivery,refund_lines,refunded_at,date,1824,2254,0,0.0,0,5,0.8092280390417036,1,0,0.8333333333333334,0,6,1,2254,1,1,0,2,2,6,1.0,3,4,1,1,0.8092280390417036,2,0,0,0,0,11,0,0,0,0
food_delivery,delivery,refund_lines,status,varchar,8,2254,0,0.0,0,6,0.0035492457852706,1,0,1.0,0,6,1,2254,1,1,0,2,2,6,1.0,3,6,1,1,0.0035492457852706,2,0,0,0,0,6,0,0,0,0
telehealth,telehealth,providers,provider_id,bigint,580,580,0,0.0,1,1,1.0,1,1,0.2,1,5,1,580,0,1,0,1,1,5,1.0,1,1,1,1,1.0,0,1,0,1,1,11,1,0,0,0
telehealth,telehealth,providers,full_name,varchar,359,580,0,0.0,0,2,0.6189655172413793,1,0,0.4,0,5,1,580,1,1,0,1,1,5,1.0,1,3,1,1,0.6189655172413793,1,0,0,0,0,9,0,0,0,0
telehealth,telehealth,providers,specialty,varchar,5,580,0,0.0,0,3,0.0086206896551724,1,0,0.6,0,5,1,580,1,1,0,1,1,5,1.0,1,4,1,1,0.0086206896551724,1,0,0,0,0,9,0,0,0,0
telehealth,telehealth,providers,license_no,varchar,459,580,0,0.0,0,4,0.7913793103448276,1,0,0.8,0,5,1,580,1,1,0,1,1,5,1.0,1,2,1,1,0.7913793103448276,1,0,0,0,0,10,0,0,0,0
telehealth,telehealth,providers,active,boolean,4,580,0,0.0,0,5,0.0068965517241379,1,0,1.0,0,5,1,580,1,1,0,1,1,5,1.0,1,5,1,1,0.0068965517241379,1,0,0,0,0,6,0,0,0,0
telehealth,telehealth,patients,patient_id,bigint,18727,18727,0,0.0,1,1,1.0,1,1,0.25,1,4,1,18727,0,1,0,2,1,4,1.0,1,1,1,1,1.0,1,1,0,1,1,10,1,0,0,0
telehealth,telehealth,patients,full_name,varchar,17889,18727,0,0.0,0,2,0.9552517755112938,1,0,0.5,0,4,1,18727,1,1,0,2,1,4,1.0,1,2,1,1,0.9552517755112938,1,0,0,0,0,9,0,0,0,0
telehealth,telehealth,patients,email,varchar,15320,18727,0,0.0,0,3,0.8180701660703796,1,0,0.75,0,4,1,18727,1,1,0,2,1,4,1.0,1,3,1,1,0.8180701660703796,2,0,0,0,0,5,0,0,0,0
telehealth,telehealth,patients,date_of_birth,date,13279,18727,0,0.0,0,4,0.7090831419875047,1,0,1.0,0,4,1,18727,1,1,0,2,1,4,1.0,1,4,1,1,0.7090831419875047,2,0,0,0,0,13,0,0,0,0
telehealth,telehealth,specialties,specialty_id,bigint,63,63,0,0.0,1,1,1.0,1,1,0.3333333333333333,1,3,1,63,0,1,0,1,1,3,1.0,1,1,1,1,1.0,0,1,0,1,1,12,1,0,0,0
telehealth,telehealth,specialties,name,varchar,57,63,0,0.0,0,2,0.9047619047619048,1,0,0.6666666666666666,0,3,1,63,1,1,0,1,1,3,1.0,1,2,1,1,0.9047619047619048,1,0,0,0,0,4,0,0,0,0
telehealth,telehealth,specialties,category,varchar,6,63,0,0.0,0,3,0.0952380952380952,1,0,1.0,0,3,1,63,1,1,0,1,1,3,1.0,1,3,1,1,0.0952380952380952,1,0,0,0,0,8,0,0,0,0
telehealth,telehealth,clinics,clinic_id,bigint,69,69,0,0.0,1,1,1.0,1,1,0.25,1,4,1,69,0,1,0,1,1,4,1.0,1,1,1,1,1.0,0,1,0,1,1,9,1,0,0,0
telehealth,telehealth,clinics,name,varchar,54,69,0,0.0,0,2,0.782608695652174,1,0,0.5,0,4,1,69,1,1,0,1,1,4,1.0,1,2,1,1,0.782608695652174,1,0,0,0,0,4,0,0,0,0
telehealth,telehealth,clinics,city,varchar,13,69,0,0.0,0,3,0.1884057971014492,1,0,0.75,0,4,1,69,1,1,0,1,1,4,1.0,1,3,1,1,0.1884057971014492,1,0,0,0,0,4,0,0,0,0
telehealth,telehealth,clinics,timezone,varchar,4,69,0,0.0,0,4,0.0579710144927536,1,0,1.0,0,4,1,69,1,1,0,1,1,4,1.0,1,4,1,1,0.0579710144927536,1,0,0,0,0,8,0,0,0,0
telehealth,telehealth,provider_schedules,provider_id,bigint,580,2387,0,0.0,0,1,0.2429828236279849,1,1,0.2,0,5,0,2387,0,0,1,0,2,5,0.8223711772098868,2,4,1,1,0.2954661232806928,0,1,0,0,0,11,0,1,0,0
telehealth,telehealth,provider_schedules,slot_id,bigint,823,2387,0,0.0,0,2,0.3447842480100545,1,0,0.4,0,5,0,2387,0,0,1,0,2,5,0.8223711772098868,2,2,1,1,0.4192562404482934,0,1,0,0,0,7,0,1,0,0
telehealth,telehealth,provider_schedules,slot_date,date,1963,2387,0,0.0,0,3,0.8223711772098868,1,0,0.6,0,5,0,2387,0,0,1,0,2,5,0.8223711772098868,2,1,1,1,1.0,0,0,0,0,0,9,0,0,0,0
telehealth,telehealth,provider_schedules,start_time,varchar,582,2387,0,0.0,0,4,0.2438206954335986,1,0,0.8,0,5,0,2387,0,0,1,0,2,5,0.8223711772098868,2,3,1,1,0.2964849719816607,0,0,0,0,0,10,0,0,0,0
telehealth,telehealth,provider_schedules,is_available,boolean,2,2387,0,0.0,0,5,0.0008378718056137,1,0,1.0,0,5,0,2387,0,0,1,0,2,5,0.8223711772098868,2,5,1,1,0.0010188487009679,0,0,0,0,0,12,0,0,0,0
telehealth,telehealth,care_plans,patient_id,bigint,2059,4600,0,0.0,0,1,0.4476086956521739,1,1,0.2,0,5,0,4600,0,0,1,0,1,5,0.8634782608695653,2,3,1,1,0.5183786505538771,0,1,0,0,0,10,0,1,0,0
telehealth,telehealth,care_plans,plan_seq,integer,4,4600,0,0.0,0,2,0.0008695652173913,1,0,0.4,0,5,0,4600,0,0,1,0,1,5,0.8634782608695653,2,5,1,1,0.0010070493454179,0,0,0,0,0,8,0,1,0,0
telehealth,telehealth,care_plans,title,varchar,3176,4600,0,0.0,0,3,0.6904347826086956,1,0,0.6,0,5,0,4600,0,0,1,0,1,5,0.8634782608695653,2,2,1,1,0.7995971802618328,0,0,0,0,0,5,0,0,0,0
telehealth,telehealth,care_plans,created_date,date,3972,4600,0,0.0,0,4,0.8634782608695653,1,0,0.8,0,5,0,4600,0,0,1,0,1,5,0.8634782608695653,2,1,1,1,1.0,0,0,0,0,0,12,0,0,0,0
telehealth,telehealth,care_plans,status,varchar,5,4600,0,0.0,0,5,0.0010869565217391,1,0,1.0,0,5,0,4600,0,0,1,0,1,5,0.8634782608695653,2,4,1,1,0.0012588116817724,0,0,0,0,0,6,0,0,0,0
telehealth,telehealth,appointment_bookings,booking_id,bigint,23433,23433,0,0.0,1,1,1.0,1,1,0.1666666666666666,1,6,1,23433,0,1,0,1,4,6,1.0,4,1,1,1,1.0,0,1,0,0,0,10,1,0,0,0
telehealth,telehealth,appointment_bookings,provider_id,bigint,2387,23433,0,0.0,0,2,0.1018648913924806,1,0,0.3333333333333333,0,6,1,23433,1,1,0,1,4,6,1.0,4,4,1,1,0.1018648913924806,1,1,0,0,0,11,0,0,0,1
telehealth,telehealth,appointment_bookings,slot_id,bigint,2387,23433,0,0.0,0,3,0.1018648913924806,1,0,0.5,0,6,1,23433,1,1,0,1,4,6,1.0,4,4,1,1,0.1018648913924806,1,1,0,0,0,7,0,0,0,1
telehealth,telehealth,appointment_bookings,patient_id,bigint,18727,23433,0,0.0,0,4,0.7991721077113473,1,0,0.6666666666666666,0,6,1,23433,1,1,0,1,4,6,1.0,4,2,1,1,0.7991721077113473,1,1,0,0,0,10,0,0,1,0
telehealth,telehealth,appointment_bookings,booked_at,date,14560,23433,0,0.0,0,5,0.6213459650919643,1,0,0.8333333333333334,0,6,1,23433,1,1,0,1,4,6,1.0,4,3,1,1,0.6213459650919643,1,0,0,0,0,9,0,0,0,0
telehealth,telehealth,appointment_bookings,status,varchar,7,23433,0,0.0,0,6,0.0002987240216788,1,0,1.0,0,6,1,23433,1,1,0,1,4,6,1.0,4,6,1,1,0.0002987240216788,1,0,0,0,0,6,0,0,0,0
telehealth,telehealth,session_notes,note_id,bigint,5128,5128,0,0.0,1,1,1.0,1,1,0.1666666666666666,1,6,1,5128,0,1,0,2,3,6,1.0,3,1,1,1,1.0,1,1,0,0,0,7,1,0,0,0
telehealth,telehealth,session_notes,provider_id,bigint,2387,5128,0,0.0,0,2,0.4654836193447738,1,0,0.3333333333333333,0,6,1,5128,1,1,0,2,3,6,1.0,3,4,1,1,0.4654836193447738,2,1,0,0,0,11,0,0,0,1
telehealth,telehealth,session_notes,slot_id,bigint,2387,5128,0,0.0,0,3,0.4654836193447738,1,0,0.5,0,6,1,5128,1,1,0,2,3,6,1.0,3,4,1,1,0.4654836193447738,2,1,0,0,0,7,0,0,0,1
telehealth,telehealth,session_notes,note_type,varchar,8,5128,0,0.0,0,4,0.0015600624024961,1,0,0.6666666666666666,0,6,1,5128,1,1,0,2,3,6,1.0,3,6,1,1,0.0015600624024961,2,0,0,0,0,9,0,0,0,0
telehealth,telehealth,session_notes,content,varchar,3427,5128,0,0.0,0,5,0.6682917316692668,1,0,0.8333333333333334,0,6,1,5128,1,1,0,2,3,6,1.0,3,3,1,1,0.6682917316692668,2,0,0,0,0,7,0,0,0,0
telehealth,telehealth,session_notes,created_at,date,4921,5128,0,0.0,0,6,0.9596333853354134,1,0,1.0,0,6,1,5128,1,1,0,2,3,6,1.0,3,2,1,1,0.9596333853354134,1,0,0,0,0,10,0,0,0,0
telehealth,telehealth,plan_tasks,task_id,bigint,9102,9102,0,0.0,1,1,1.0,1,1,0.1666666666666666,1,6,1,9102,0,1,0,2,2,5,1.0,3,1,1,1,1.0,1,1,0,0,0,7,1,0,0,0
telehealth,telehealth,plan_tasks,patient_id,bigint,3811,9102,0,0.0,0,2,0.4186991869918699,1,0,0.3333333333333333,0,6,1,9102,1,1,0,2,2,5,1.0,3,4,1,1,0.4186991869918699,2,1,0,0,0,10,0,0,0,1
telehealth,telehealth,plan_tasks,plan_seq,integer,4600,9102,0,0.0,0,3,0.5053834322127005,1,0,0.5,0,6,1,9102,1,1,0,2,2,5,1.0,3,3,1,1,0.5053834322127005,2,0,0,0,0,8,0,0,0,1
telehealth,telehealth,plan_tasks,task_type,varchar,8,9102,0,0.0,0,4,0.000878927708196,1,0,0.6666666666666666,0,6,1,9102,1,1,0,2,2,5,1.0,3,5,1,1,0.000878927708196,2,0,0,0,0,9,0,0,0,0
telehealth,telehealth,plan_tasks,due_date,date,8931,9102,1039,0.1141507361019556,0,5,0.9812129202373104,0,0,0.8333333333333334,0,6,1,9102,1,1,0,2,2,5,1.0,3,2,6,0,0.9812129202373104,1,0,0,0,0,8,0,0,0,0
telehealth,telehealth,plan_tasks,status,varchar,8,9102,0,0.0,0,6,0.000878927708196,1,0,1.0,0,6,1,9102,1,1,0,2,2,5,1.0,3,5,1,1,0.000878927708196,2,0,0,0,0,6,0,0,0,0
telehealth,telehealth,plan_progress,progress_id,bigint,19398,19398,0,0.0,1,1,1.0,1,1,0.1666666666666666,1,6,1,19398,0,1,0,2,2,5,1.0,3,1,1,1,1.0,1,1,0,0,0,11,1,0,0,0
telehealth,telehealth,plan_progress,patient_id,bigint,4600,19398,0,0.0,0,2,0.2371378492628106,1,0,0.3333333333333333,0,6,1,19398,1,1,0,2,2,5,1.0,3,4,1,1,0.2371378492628106,2,1,0,0,0,10,0,0,0,1
telehealth,telehealth,plan_progress,plan_seq,integer,4600,19398,0,0.0,0,3,0.2371378492628106,1,0,0.5,0,6,1,19398,1,1,0,2,2,5,1.0,3,4,1,1,0.2371378492628106,2,0,0,0,0,8,0,0,0,1
telehealth,telehealth,plan_progress,score,decimal,1500,19398,0,0.0,0,4,0.0773275595422208,1,0,0.6666666666666666,0,6,1,19398,1,1,0,2,2,5,1.0,3,6,1,1,0.0773275595422208,2,0,0,0,0,5,0,0,0,0
telehealth,telehealth,plan_progress,recorded_at,date,18927,19398,0,0.0,0,5,0.9757191463037428,1,0,0.8333333333333334,0,6,1,19398,1,1,0,2,2,5,1.0,3,2,1,1,0.9757191463037428,1,0,0,0,0,11,0,0,0,0
telehealth,telehealth,plan_progress,notes,varchar,15376,19398,908,0.0468089493762243,0,6,0.7926590370141252,0,0,1.0,0,6,1,19398,1,1,0,2,2,5,1.0,3,3,6,0,0.7926590370141252,2,0,0,0,0,5,0,0,0,0
iot_platform,iot,devices,device_id,bigint,1951,1951,0,0.0,1,1,1.0,1,1,0.2,1,5,1,1951,0,1,0,1,1,5,1.0,1,1,1,1,1.0,0,1,0,1,1,9,1,0,0,0
iot_platform,iot,devices,device_name,varchar,1713,1951,0,0.0,0,2,0.8780112762685802,1,0,0.4,0,5,1,1951,1,1,0,1,1,5,1.0,1,2,1,1,0.8780112762685802,1,0,0,1,0,11,0,0,0,0
iot_platform,iot,devices,device_type,varchar,3,1951,0,0.0,0,3,0.0015376729882111,1,0,0.6,0,5,1,1951,1,1,0,1,1,5,1.0,1,5,1,1,0.0015376729882111,1,0,0,1,0,11,0,0,0,0
iot_platform,iot,devices,firmware_ver,varchar,236,1951,0,0.0,0,4,0.1209636084059456,1,0,0.8,0,5,1,1951,1,1,0,1,1,5,1.0,1,3,1,1,0.1209636084059456,1,0,0,0,0,12,0,0,0,0
iot_platform,iot,devices,status,varchar,6,1951,0,0.0,0,5,0.0030753459764223,1,0,1.0,0,5,1,1951,1,1,0,1,1,5,1.0,1,4,1,1,0.0030753459764223,1,0,0,0,0,6,0,0,0,0
iot_platform,iot,device_groups,device_group,varchar,343,343,0,0.0,1,1,1.0,1,1,0.3333333333333333,1,3,1,343,0,1,0,1,0,2,1.0,0,1,1,1,1.0,0,0,0,1,0,12,1,0,0,0
iot_platform,iot,device_groups,name,varchar,310,343,0,0.0,0,2,0.9037900874635568,1,0,0.6666666666666666,0,3,1,343,1,1,0,1,0,2,1.0,0,2,1,1,0.9037900874635568,1,0,0,0,0,4,0,0,0,0
iot_platform,iot,device_groups,description,varchar,307,343,32,0.0932944606413994,0,3,0.8950437317784257,0,0,1.0,0,3,1,343,1,1,0,1,0,2,1.0,0,3,3,0,0.8950437317784257,1,0,0,0,0,11,0,0,0,0
iot_platform,iot,rules,rule_id,bigint,541,541,0,0.0,1,1,1.0,1,1,0.25,1,4,1,541,0,1,0,2,1,4,1.0,1,1,1,1,1.0,1,1,0,1,1,7,1,0,0,0
iot_platform,iot,rules,name,varchar,491,541,0,0.0,0,2,0.9075785582255084,1,0,0.5,0,4,1,541,1,1,0,2,1,4,1.0,1,3,1,1,0.9075785582255084,2,0,0,0,0,4,0,0,0,0
iot_platform,iot,rules,condition,varchar,533,541,0,0.0,0,3,0.9852125693160814,1,0,0.75,0,4,1,541,1,1,0,2,1,4,1.0,1,2,1,1,0.9852125693160814,1,0,0,0,0,9,0,0,0,0
iot_platform,iot,rules,severity,varchar,5,541,0,0.0,0,4,0.0092421441774491,1,0,1.0,0,4,1,541,1,1,0,2,1,4,1.0,1,4,1,1,0.0092421441774491,2,0,0,0,0,8,0,0,0,0
iot_platform,iot,locations,location_id,bigint,386,386,0,0.0,1,1,1.0,1,1,0.25,1,4,1,386,0,1,0,1,1,4,1.0,1,1,1,1,1.0,0,1,0,1,1,11,1,0,0,0
iot_platform,iot,locations,name,varchar,304,386,0,0.0,0,2,0.7875647668393783,1,0,0.5,0,4,1,386,1,1,0,1,1,4,1.0,1,2,1,1,0.7875647668393783,1,0,0,0,0,4,0,0,0,0
iot_platform,iot,locations,city,varchar,38,386,0,0.0,0,3,0.0984455958549222,1,0,0.75,0,4,1,386,1,1,0,1,1,4,1.0,1,3,1,1,0.0984455958549222,1,0,0,0,0,4,0,0,0,0
iot_platform,iot,locations,country,varchar,5,386,0,0.0,0,4,0.0129533678756476,1,0,1.0,0,4,1,386,1,1,0,1,1,4,1.0,1,4,1,1,0.0129533678756476,1,0,0,0,0,7,0,0,0,0
iot_platform,iot,device_sensors,device_id,bigint,1382,2155,0,0.0,0,1,0.6412993039443156,1,1,0.2,0,5,0,2155,0,0,1,0,1,4,0.6412993039443156,1,1,1,1,1.0,0,1,0,0,0,9,0,1,0,0
iot_platform,iot,device_sensors,sensor_type,varchar,10,2155,0,0.0,0,2,0.0046403712296983,1,0,0.4,0,5,0,2155,0,0,1,0,1,4,0.6412993039443156,1,3,1,1,0.0072358900144717,0,0,0,0,0,11,0,1,0,0
iot_platform,iot,device_sensors,unit,varchar,5,2155,0,0.0,0,3,0.0023201856148491,1,0,0.6,0,5,0,2155,0,0,1,0,1,4,0.6412993039443156,1,4,1,1,0.0036179450072358,0,0,0,0,0,4,0,0,0,0
iot_platform,iot,device_sensors,precision,decimal,279,2155,181,0.0839907192575406,0,4,0.1294663573085847,0,0,0.8,0,5,0,2155,0,0,1,0,1,4,0.6412993039443156,1,2,5,0,0.2018813314037626,0,0,0,0,0,9,0,0,0,0
iot_platform,iot,device_sensors,is_active,boolean,4,2155,0,0.0,0,5,0.0018561484918793,1,0,1.0,0,5,0,2155,0,0,1,0,1,4,0.6412993039443156,1,5,1,1,0.0028943560057887,0,0,0,0,0,9,0,0,0,0
iot_platform,iot,alert_rules,device_group,varchar,51,759,0,0.0,0,1,0.067193675889328,1,1,0.2,0,5,0,759,0,0,1,0,0,5,0.0988142292490118,0,2,1,1,0.68,0,0,0,0,0,12,0,1,0,0
iot_platform,iot,alert_rules,rule_code,varchar,15,759,0,0.0,0,2,0.0197628458498023,1,0,0.4,0,5,0,759,0,0,1,0,0,5,0.0988142292490118,0,3,1,1,0.2,0,0,0,0,0,9,0,1,0,0
iot_platform,iot,alert_rules,threshold,decimal,75,759,0,0.0,0,3,0.0988142292490118,1,0,0.6,0,5,0,759,0,0,1,0,0,5,0.0988142292490118,0,1,1,1,1.0,0,0,0,0,0,9,0,0,0,0
iot_platform,iot,alert_rules,action,varchar,2,759,0,0.0,0,4,0.0026350461133069,1,0,0.8,0,5,0,759,0,0,1,0,0,5,0.0988142292490118,0,5,1,1,0.0266666666666666,0,0,0,0,0,6,0,0,0,0
iot_platform,iot,alert_rules,is_enabled,boolean,3,759,0,0.0,0,5,0.0039525691699604,1,0,1.0,0,5,0,759,0,0,1,0,0,5,0.0988142292490118,0,4,1,1,0.04,0,0,0,0,0,10,0,0,0,0
iot_platform,iot,sensor_readings,reading_id,bigint,48785,48785,0,0.0,1,1,1.0,1,1,0.1666666666666666,1,6,1,48785,0,1,0,1,2,5,1.0,2,1,1,1,1.0,0,1,0,0,0,10,1,0,0,0
iot_platform,iot,sensor_readings,device_id,bigint,2155,48785,0,0.0,0,2,0.0441734139592087,1,0,0.3333333333333333,0,6,1,48785,1,1,0,1,2,5,1.0,2,4,1,1,0.0441734139592087,1,1,0,0,0,9,0,0,0,1
iot_platform,iot,sensor_readings,sensor_type,varchar,2155,48785,0,0.0,0,3,0.0441734139592087,1,0,0.5,0,6,1,48785,1,1,0,1,2,5,1.0,2,4,1,1,0.0441734139592087,1,0,0,0,0,11,0,0,0,1
iot_platform,iot,sensor_readings,value,decimal,12767,48785,0,0.0,0,4,0.2616992928154146,1,0,0.6666666666666666,0,6,1,48785,1,1,0,1,2,5,1.0,2,3,1,1,0.2616992928154146,1,0,0,0,0,5,0,0,0,0
iot_platform,iot,sensor_readings,recorded_at,date,43866,48785,0,0.0,0,5,0.8991698267910219,1,0,0.8333333333333334,0,6,1,48785,1,1,0,1,2,5,1.0,2,2,1,1,0.8991698267910219,1,0,0,0,0,11,0,0,0,0
iot_platform,iot,sensor_readings,quality_flag,varchar,5,48785,3646,0.0747360869119606,0,6,0.0001024905196269,0,0,1.0,0,6,1,48785,1,1,0,1,2,5,1.0,2,6,6,0,0.0001024905196269,1,0,0,0,0,12,0,0,0,0
iot_platform,iot,calibration_records,cal_id,bigint,5977,5977,0,0.0,1,1,1.0,1,1,0.1666666666666666,1,6,1,5977,0,1,0,1,2,6,1.0,2,1,1,1,1.0,0,1,0,0,0,6,1,0,0,0
iot_platform,iot,calibration_records,device_id,bigint,2155,5977,0,0.0,0,2,0.3605487702860967,1,0,0.3333333333333333,0,6,1,5977,1,1,0,1,2,6,1.0,2,3,1,1,0.3605487702860967,1,1,0,0,0,9,0,0,0,1
iot_platform,iot,calibration_records,sensor_type,varchar,2155,5977,0,0.0,0,3,0.3605487702860967,1,0,0.5,0,6,1,5977,1,1,0,1,2,6,1.0,2,3,1,1,0.3605487702860967,1,0,0,0,0,11,0,0,0,1
iot_platform,iot,calibration_records,calibrated_by,varchar,1482,5977,0,0.0,0,4,0.24795047682784,1,0,0.6666666666666666,0,6,1,5977,1,1,0,1,2,6,1.0,2,5,1,1,0.24795047682784,1,0,0,0,0,13,0,0,0,0
iot_platform,iot,calibration_records,calibrated_at,date,4561,5977,0,0.0,0,5,0.7630918520997155,1,0,0.8333333333333334,0,6,1,5977,1,1,0,1,2,6,1.0,2,2,1,1,0.7630918520997155,1,0,0,0,0,13,0,0,0,0
iot_platform,iot,calibration_records,result,varchar,2,5977,0,0.0,0,6,0.0003346160281077,1,0,1.0,0,6,1,5977,1,1,0,1,2,6,1.0,2,6,1,1,0.0003346160281077,1,0,0,0,0,6,0,0,0,0
iot_platform,iot,triggered_alerts,alert_id,bigint,11545,11545,0,0.0,1,1,1.0,1,1,0.1666666666666666,1,6,1,11545,0,1,0,1,1,5,1.0,1,1,1,1,1.0,0,1,0,0,0,8,1,0,0,0
iot_platform,iot,triggered_alerts,device_group,varchar,759,11545,0,0.0,0,2,0.0657427457773928,1,0,0.3333333333333333,0,6,1,11545,1,1,0,1,1,5,1.0,1,3,1,1,0.0657427457773928,1,0,0,0,0,12,0,0,0,1
iot_platform,iot,triggered_alerts,rule_code,varchar,759,11545,0,0.0,0,3,0.0657427457773928,1,0,0.5,0,6,1,11545,1,1,0,1,1,5,1.0,1,3,1,1,0.0657427457773928,1,0,0,0,0,9,0,0,0,1
iot_platform,iot,triggered_alerts,triggered_at,date,7806,11545,0,0.0,0,4,0.6761368557817237,1,0,0.6666666666666666,0,6,1,11545,1,1,0,1,1,5,1.0,1,2,1,1,0.6761368557817237,1,0,0,0,0,12,0,0,0,0
iot_platform,iot,triggered_alerts,value,decimal,653,11545,0,0.0,0,5,0.0565612819402338,1,0,0.8333333333333334,0,6,1,11545,1,1,0,1,1,5,1.0,1,5,1,1,0.0565612819402338,1,0,0,0,0,5,0,0,0,0
iot_platform,iot,triggered_alerts,acknowledged,boolean,5,11545,252,0.0218276310090948,0,6,0.0004330879168471,0,0,1.0,0,6,1,11545,1,1,0,1,1,5,1.0,1,6,6,0,0.0004330879168471,1,0,0,0,0,12,0,0,0,0
iot_platform,iot,alert_resolutions,resolution_id,bigint,13797,13797,0,0.0,1,1,1.0,1,1,0.1666666666666666,1,6,1,13797,0,1,0,1,1,5,1.0,1,1,1,1,1.0,0,1,0,0,0,13,1,0,0,0
iot_platform,iot,alert_resolutions,device_group,varchar,759,13797,0,0.0,0,2,0.0550119591215481,1,0,0.3333333333333333,0,6,1,13797,1,1,0,1,1,5,1.0,1,5,1,1,0.0550119591215481,1,0,0,0,0,12,0,0,0,1
iot_platform,iot,alert_resolutions,rule_code,varchar,759,13797,0,0.0,0,3,0.0550119591215481,1,0,0.5,0,6,1,13797,1,1,0,1,1,5,1.0,1,5,1,1,0.0550119591215481,1,0,0,0,0,9,0,0,0,1
iot_platform,iot,alert_resolutions,resolved_by,varchar,3374,13797,0,0.0,0,4,0.2445459157787924,1,0,0.6666666666666666,0,6,1,13797,1,1,0,1,1,5,1.0,1,4,1,1,0.2445459157787924,1,0,0,0,0,11,0,0,0,0
iot_platform,iot,alert_resolutions,resolved_at,date,12602,13797,0,0.0,0,5,0.9133869681814888,1,0,0.8333333333333334,0,6,1,13797,1,1,0,1,1,5,1.0,1,3,1,1,0.9133869681814888,1,0,0,0,0,11,0,0,0,0
iot_platform,iot,alert_resolutions,notes,varchar,12717,13797,1529,0.1108211930129738,0,6,0.9217221135029354,0,0,1.0,0,6,1,13797,1,1,0,1,1,5,1.0,1,2,6,0,0.9217221135029354,1,0,0,0,0,5,0,0,0,0